Id,Level,Reading_On,Reading_Kun,Strokes
一,10,"['イチ', 'イツ']","['ひと', 'ひと（つ）', 'はじ（め）']",1
音,10,"['オン', 'イン']","['おと', 'ね', 'たよ（り）']",9
立,10,"['リツ', 'リュウ']","['た（つ）', 'た（てる）', 'リットル']",5
日,10,"['ジツ', 'ニチ']","['か', 'ひ']",4
雨,10,['ウ'],"['あま', 'あめ']",8
円,10,['エン'],"['まる（い）', 'つぶら（か）', 'まど（か）', 'まろ（やか）']",4
王,10,['オウ'],['きみ'],4
火,10,"['カ', 'コ']","['ひ', 'ほ']",4
花,10,"['カ', 'ケ']",['はな'],7
艹,-1,[],[],3
化,8,"['カ', 'ケ']","['ば（かす）', 'ば（ける）', 'か（える）', 'か（わる）']",4
貝,10,['バイ'],['かい'],7
学,10,['ガク'],['まな（ぶ）'],8
⺍,-1,,,-1
冖,-1,"['ベキ', 'ミャク']",[],2
子,10,"['シ', 'ス']","['こ', 'おとこ', 'ね', 'み']",3
休,10,"['キュウ', 'ク']","['やす（まる）', 'やす（む）', 'やす（める）', 'いこ（う）', 'さいわ（い）', 'や（める）', 'よ（い）']",6
亻,-1,,,-1
木,10,"['ボク', 'モク']","['き', 'こ']",4
九,10,"['キュウ', 'ク']","['ここの', 'ここの（つ）', 'あまた']",2
玉,10,"['ギョク', 'ゴク']",['たま'],5
丶,-1,['チュ'],['てん'],1
空,10,['クウ'],"['あ（く）', 'あ（ける）', 'から', 'そら', 'あな', 'うつ（ける）', 'うつ（ろ）', 'うろ', 'す（く）', 'むな（しい）']",8
穴,5,['ケツ'],['あな'],5
工,9,"['ク', 'コウ']","['たくみ', 'たく（む）', 'わざ']",3
気,10,"['キ', 'ケ']",['いき'],6
气,-1,"['キ', 'キツ', 'ケ', 'コツ']",['いき'],4
㐅,-1,,,-1
下,10,"['カ', 'ゲ']","['お（りる）', 'お（ろす）', 'くだ（さる）', 'くだ（す）', 'くだ（る）', 'さ（がる）', 'さ（げる）', 'した', 'しも', 'もと']",3
月,10,"['ガツ', 'ゲツ']",['つき'],4
見,10,"['ケン', 'ゲン']","['み（える）', 'み（せる）', 'み（る）', 'あらわ（す）', 'あらわ（れる）', 'まみ（える）']",7
犬,10,['ケン'],['いぬ'],4
五,10,['ゴ'],"['いつ', 'いつ（つ）']",4
口,10,"['ク', 'コウ']",['くち'],3
校,10,"['コウ', 'キョウ']","['あぜ', 'かせ', 'かんが（える）', 'くら（べる）']",10
交,9,['コウ'],"['ま（ざる）', 'まじ（える）', 'ま（じる）', 'まじ（わる）', 'ま（ぜる）', 'か（う）', 'か（わす）', 'こもごも']",6
金,10,"['キン', 'コン']","['かな', 'かね', 'こがね']",8
左,10,['サ'],['ひだり'],5
丿,-1,"['ヘチ', 'ヘツ']",[],1
三,10,['サン'],"['み', 'み（つ）', 'みっ（つ）']",3
山,10,"['サン', 'セン']",['やま'],3
四,10,['シ'],"['よ', 'よ（つ）', 'よっ（つ）', 'よん']",5
囗,-1,"['イ', 'コク']",['くに'],3
儿,-1,"['ジン', 'ニン']",[],2
糸,10,"['シ', 'ベキ']",['いと'],6
幺,1,['ヨウ'],"['おさな（い）', 'ちい（さい）']",3
小,10,['ショウ'],"['お', 'こ', 'ちい（さい）', 'さ']",3
字,10,"['ジ', 'シ']","['あざ', 'あざな']",6
宀,-1,['ベン'],[],3
耳,10,"['ジ', 'ニ']","['みみ', 'のみ']",6
七,10,"['シチ', 'シツ']","['なな', 'なな（つ）', 'なの']",2
車,10,['シャ'],['くるま'],7
手,10,"['シュ', 'ズ']","['て', 'た']",4
十,10,"['ジッ', 'ジュウ', 'ジュッ']","['と', 'とお']",2
出,10,"['シュツ', 'スイ']","['だ（す）', 'で（る）', 'いだ（す）', 'い（づ）']",5
女,10,"['ジョ', 'ニョ', 'ニョウ']","['おんな', 'め', 'なんじ', 'むすめ', 'めあ（わせる）']",3
正,10,"['ショウ', 'セイ']","['ただ（しい）', 'ただ（す）', 'まさ']",5
止,9,['シ'],"['と（まる）', 'と（める）', 'さ（す）', 'とど（まる）', 'とど（める）', 'や（む）', 'や（める）', 'よ（す）']",4
上,10,"['ジョウ', 'ショウ']","['あ（がる）', 'あ（げる）', 'うえ', 'うわ', 'かみ', 'のぼ（る）', 'のぼ（す）', 'のぼ（せる）', 'たてまつ（る）', 'ほとり']",3
森,10,['シン'],['もり'],12
林,10,['リン'],"['はやし', 'おお（い）']",8
人,10,"['ジン', 'ニン']",['ひと'],2
水,10,['スイ'],['みず'],4
生,10,"['ショウ', 'セイ']","['い（かす）', 'い（きる）', 'い（ける）', 'う（まれる）', 'う（む）', 'なま', 'は（える）', 'は（やす）', 'お（う）', 'き', 'いのち', 'うぶ', 'な（す）', 'な（る）']",5
青,10,"['セイ', 'ショウ']","['あお', 'あお（い）']",8
龶,-1,,,-1
赤,10,"['セキ', 'シャク']","['あか', 'あか（い）', 'あか（らむ）', 'あか（らめる）']",7
石,10,"['シャク', 'セキ', 'コク', 'ジャク']",['いし'],5
丆,-1,,,-1
夕,10,['セキ'],"['ゆう', 'ゆう（べ）']",3
千,10,['セン'],['ち'],3
先,10,['セン'],"['さき', 'ま（ず）']",6
兀,1,"['コツ', 'ゴツ']",['たか（い）'],3
川,10,['セン'],['かわ'],3
草,10,['ソウ'],['くさ'],9
早,10,"['ソウ', 'サッ']","['はや（い）', 'はや（まる）', 'はや（める）', 'さ']",6
足,10,['ソク'],"['あし', 'た（す）', 'た（りる）', 'た（る）']",7
龰,-1,,,-1
村,10,['ソン'],['むら'],7
寸,5,"['スン', 'ソン']","['き', 'わず（か）']",3
大,10,"['タイ', 'ダイ', 'タ', 'ダ']","['おお', 'おお（いに）', 'おお（きい）']",3
男,10,"['ダン', 'ナン']","['おとこ', 'おのこ']",7
田,10,['デン'],"['た', 'か（り）', 'か（る）']",5
力,10,"['リキ', 'リョク']","['ちから', 'つと（める）', 'りき（む）']",2
竹,10,"['チク', 'シツ']",['たけ'],6
虫,10,"['チュウ', 'キ']",['むし'],6
中,10,"['ジュウ', 'チュウ']","['なか', 'あ（たる）', 'あ（てる）', 'うち']",4
丨,-1,['コン'],[],1
町,10,"['チョウ', 'テイ']","['まち', 'あぜみち']",7
丁,8,"['チョウ', 'テイ', 'トウ']","['あ（たる）', 'ひのと']",2
天,10,['テン'],"['あま', 'あめ', 'そら']",4
土,10,"['ト', 'ド']",['つち'],3
二,10,"['ニ', 'ジ']","['ふた', 'ふた（つ）']",2
入,10,"['ニュウ', 'ジュ', 'ジュウ']","['い（る）', 'い（れる）', 'はい（る）', 'しお']",2
年,10,"['ネン', 'デン']","['とし', 'とせ', 'みのり', 'よわい']",6
白,10,"['ハク', 'ビャク']","['しら', 'しろ', 'しろ（い）', 'あき（らか）', 'せりふ', 'もう（す）']",5
八,10,['ハチ'],"['や', 'や（つ）', 'やっ（つ）', 'よう']",2
百,10,"['ヒャク', 'ハク']",['もも'],6
本,10,['ホン'],['もと'],5
名,10,"['ミョウ', 'メイ']",['な'],6
目,10,"['モク', 'ボク']","['め', 'ま', 'かなめ', 'まなこ']",5
文,10,"['ブン', 'モン']","['ふみ', 'あや', 'かざ（る）']",4
亠,-1,['トウ'],[],2
乂,1,['ガイ'],"['おさ（める）', 'か（る）', 'すぐ（れる）']",2
右,10,"['ウ', 'ユウ']","['みぎ', 'たす（ける）']",5
六,10,"['ロク', 'リク']","['む', 'むい', 'む（つ）', 'むっ（つ）']",4
引,9,['イン'],"['ひ（く）', 'ひ（ける）']",4
弓,9,['キュウ'],['ゆみ'],3
羽,9,['ウ'],"['は', 'はね']",6
雲,9,['ウン'],"['くも', 'そら']",12
云,1,['ウン'],['い（う）'],4
遠,9,"['エン', 'オン']","['とお（い）', 'おち']",13
辶,-1,[],[],4
袁,-1,['エン'],[],10
園,9,"['エン', 'オン']","['その', 'にわ']",13
家,9,"['カ', 'ケ']","['いえ', 'や', 'うち']",10
豕,1,['シ'],"['い', 'いのこ', 'ぶた']",7
何,9,['カ'],"['なに', 'なん', 'いず（く）', 'いず（れ）']",7
可,6,"['カ', 'コク']","['べ（し）', 'よ（い）']",5
夏,9,"['カ', 'ゲ']",['なつ'],10
自,9,"['シ', 'ジ']","['みずか（ら）', 'おのずか（ら）', 'よ（り）']",6
夂,-1,['チ'],[],3
科,9,['カ'],"['しぐさ', 'しな', 'とが']",9
禾,1,['カ'],"['いね', 'のぎ']",5
斗,3,"['ト', 'トウ']","['ひしゃく', 'ます']",4
歌,9,['カ'],"['うた', 'うた（う）']",14
哥,1,['カ'],"['うた', 'うた（う）']",10
欠,7,"['ケツ', 'ケン']","['か（く）', 'か（ける）', 'あくび']",4
画,9,"['ガ', 'カク']","['え', 'えが（く）', 'かぎ（る）', 'か（く）', 'はか（る）']",8
由,8,"['ユ', 'ユウ', 'ユイ']","['よし', 'なお', 'よ（る）']",5
凵,-1,"['カン', 'ケン']",[],2
会,9,"['カイ', 'エ']","['あ（う）', 'あつ（まる）', 'あつ（める）']",6
回,9,"['カイ', 'エ']","['まわ（す）', 'まわ（る）', 'めぐ（らす）', 'めぐ（る）']",6
海,9,['カイ'],['うみ'],9
氵,-1,,,-1
毎,9,"['マイ', 'バイ']","['ごと', 'つね', 'むさぼ（る）']",6
絵,9,"['エ', 'カイ']",['えが（く）'],12
外,9,"['ガイ', 'ゲ', 'ウイ']","['そと', 'はず（す）', 'はず（れる）', 'ほか', 'と']",5
卜,1,"['ホク', 'ボク']","['うらな（い）', 'うらな（う）']",2
角,9,"['カク', 'ロク']","['かど', 'つの', 'くら（べる）', 'すみ']",7
楽,9,"['ガク', 'ラク', 'ギョウ', 'ゴウ']","['たの（しい）', 'たの（しむ）', 'かな（でる）', 'この（む）']",13
活,9,['カツ'],"['い（かす）', 'い（きる）', 'い（ける）']",9
舌,5,"['ゼツ', 'セツ']","['した', 'ことば']",6
顔,9,['ガン'],"['かお', 'かんばせ']",18
彦,1,['ゲン'],['ひこ'],9
頁,1,"['ケツ', 'ヨウ']","['かしら', 'ページ']",9
岩,9,['ガン'],['いわ'],8
丸,9,['ガン'],"['まる', 'まる（い）', 'まる（める）', 'たま']",3
記,9,['キ'],['しる（す）'],10
言,9,"['ゲン', 'ゴン', 'ギン']","['い（う）', 'こと', 'ことば']",7
己,5,"['コ', 'キ']","['おのれ', 'つちのと']",3
汽,9,['キ'],['ゆげ'],7
帰,9,['キ'],"['かえ（す）', 'かえ（る）', 'おく（る）', 'とつ（ぐ）']",10
帚,1,"['シュウ', 'ソウ']","['は（く）', 'ほうき']",8
牛,9,"['ギュウ', 'ゴ']",['うし'],4
魚,9,['ギョ'],"['うお', 'さかな']",11
⺈,-1,,,-1
灬,-1,,,-1
教,9,['キョウ'],"['おし（える）', 'おそ（わる）']",11
孝,5,"['コウ', 'キョウ']",[],7
攵,-1,"['ホク', 'ボク']",['う（つ）'],4
強,9,"['キョウ', 'ゴウ']","['つよ（い）', 'つよ（まる）', 'つよ（める）', 'し（いる）', 'あなが（ち）', 'こわ（い）', 'したた（か）', 'つと（める）']",11
厶,-1,"['シ', 'ボウ']",['ござ（る）'],2
近,9,"['キン', 'コン']",['ちか（い）'],7
斤,3,['キン'],['おの'],4
今,9,"['コン', 'キン']",['いま'],4
亼,-1,,,-1
兄,9,"['キョウ', 'ケイ']","['あに', 'え']",5
形,9,"['ギョウ', 'ケイ']","['かた', 'かたち', 'なり']",7
开,-1,,,-1
彡,-1,['サン'],[],3
京,9,"['キョウ', 'ケイ', 'キン']",['みやこ'],8
計,9,['ケイ'],"['はか（らう）', 'はか（る）', 'かぞ（える）']",9
原,9,['ゲン'],"['はら', 'たず（ねる）', 'もと', 'ゆる（す）']",10
厂,-1,['カン'],[],2
元,9,"['ガン', 'ゲン']","['もと', 'はじ（め）']",4
古,9,['コ'],"['ふる（い）', 'ふる（す）', 'いにしえ']",5
戸,9,['コ'],"['と', 'へ']",4
語,9,"['ゴ', 'ギョ']","['かた（らう）', 'かた（る）', 'ことば', 'つ（げる）']",14
吾,1,['ゴ'],"['わ（が）', 'われ']",7
午,9,['ゴ'],"['うま', 'ひる']",4
後,9,"['ゴ', 'コウ']","['あと', 'うし（ろ）', 'のち', 'おく（れる）', 'しり']",9
彳,-1,['テキ'],['たたず（む）'],3
広,9,['コウ'],"['ひろ（い）', 'ひろ（がる）', 'ひろ（げる）', 'ひろ（まる）', 'ひろ（める）']",5
广,-1,['ゲン'],[],3
父,9,"['フ', 'ブ', 'ホ']",['ちち'],4
光,9,['コウ'],"['ひかり', 'ひか（る）']",6
⺌,-1,,,-1
公,9,"['コウ', 'ク']","['おおやけ', 'きみ']",4
考,9,['コウ'],['かんが（える）'],6
耂,-1,[],[],4
丂,-1,['コウ'],[],2
黄,9,"['オウ', 'コウ']","['き', 'こ']",11
行,9,"['ギョウ', 'コウ', 'アン']","['い（く）', 'おこな（う）', 'ゆ（く）', 'し（ぬ）', 'みち', 'や（る）']",6
亍,-1,['チョク'],[],3
高,9,['コウ'],"['たか', 'たか（い）', 'たか（まる）', 'たか（める）']",10
冋,-1,,,-1
合,9,"['カッ', 'ガッ', 'ゴウ', 'コウ']","['あ（う）', 'あ（わす）', 'あ（わせる）']",6
国,9,['コク'],['くに'],8
谷,9,"['コク', 'ロク']","['たに', 'きわ（まる）', 'や']",7
黒,9,['コク'],"['くろ', 'くろ（い）']",11
里,9,['リ'],['さと'],7
細,9,['サイ'],"['こま（か）', 'こま（かい）', 'ほそ（い）', 'ほそ（る）', 'くわ（しい）', 'ささ（やか）']",11
才,9,['サイ'],"['かど', 'ざえ']",3
作,9,"['サ', 'サク']","['つく（る）', 'な（す）']",7
乍,1,['サ'],"['たちま（ち）', 'なが（ら）']",5
算,9,['サン'],"['かず', 'かぞ（える）']",14
廾,-1,['キョウ'],[],3
紙,9,['シ'],['かみ'],10
氏,7,['シ'],['うじ'],4
矢,9,['シ'],['や'],5
姉,9,['シ'],['あね'],8
巿,-1,,,-1
市,9,['シ'],['いち'],5
巾,2,['キン'],"['きれ', 'はば', 'ふきん']",3
時,9,['ジ'],['とき'],10
寺,9,['ジ'],['てら'],6
色,9,"['シキ', 'ショク']",['いろ'],6
巴,1,['ハ'],"['うずまき', 'ともえ']",4
室,9,['シツ'],"['むろ', 'いえ', 'つま', 'へや']",9
至,5,['シ'],['いた（る）'],6
社,9,"['シャ', 'ジャ']",['やしろ'],7
礻,-1,[],[],4
弱,9,"['ジャク', 'ニャク']","['よわ（い）', 'よわ（まる）', 'よわ（める）', 'よわ（る）']",10
冫,-1,['ヒョウ'],['こおり'],2
首,9,['シュ'],"['くび', 'かしら', 'こうべ', 'はじ（め）', 'もう（す）']",9
丷,-1,,,-1
週,9,['シュウ'],['めぐ（る）'],11
周,7,"['シュウ', 'ス']","['まわ（り）', 'あまね（く）', 'めぐ（る）']",8
秋,9,['シュウ'],"['あき', 'とき']",9
春,9,['シュン'],['はる'],9
書,9,['ショ'],"['か（く）', 'ふみ']",10
聿,1,"['イチ', 'イツ']","['おさ（める）', 'の（べる）', 'ふで']",6
少,9,['ショウ'],"['すく（ない）', 'すこ（し）', 'しばら（く）', 'まれ', 'わか（い）']",4
場,9,['ジョウ'],['ば'],12
昜,1,['ヨウ'],"['あ（がる）', 'ひら（く）']",9
食,9,"['ショク', 'ジキ', 'イ', 'シ']","['く（う）', 'た（べる）', 'く（らう）', 'は（む）']",9
新,9,['シン'],"['あたら（しい）', 'あら（た）', 'にい', 'さら']",13
亲,-1,,,-1
親,9,['シン'],"['おや', 'した（しい）', 'した（しむ）', 'みずか（ら）']",16
心,9,['シン'],"['こころ', 'うら']",4
図,9,"['ズ', 'ト']","['はか（る）', 'え']",7
頭,9,"['ズ', 'トウ', 'ト', 'ジュウ']","['あたま', 'かしら', 'かぶり', 'かみ', 'こうべ', 'ほとり']",16
豆,8,"['ズ', 'トウ']","['まめ', 'たかつき']",7
数,9,"['スウ', 'ス', 'サク', 'シュ', 'ソク']","['かず', 'かぞ（える）', 'しばしば']",13
娄,-1,,,-1
西,9,"['サイ', 'セイ', 'スイ']",['にし'],6
星,9,"['セイ', 'ショウ']",['ほし'],9
声,9,"['セイ', 'ショウ']","['こえ', 'こわ']",7
士,6,['シ'],['さむらい'],3
晴,9,['セイ'],"['は（らす）', 'は（れる）']",12
雪,9,['セツ'],"['ゆき', 'すす（ぐ）', 'そそ（ぐ）']",11
彐,-1,,,-1
切,9,"['セツ', 'サイ']","['き（る）', 'き（れる）']",4
刀,9,['トウ'],['かたな'],2
船,9,['セン'],"['ふな', 'ふね']",11
舟,4,"['シュウ', 'シュ']","['ふな', 'ふね']",6
㕣,-1,,,-1
線,9,['セン'],"['いと', 'すじ']",15
泉,5,['セン'],['いずみ'],9
前,9,"['ゼン', 'セン']","['まえ', 'さき']",9
䒑,-1,,,-1
刖,-1,,,-1
組,9,['ソ'],"['くみ', 'く（む）', 'くみひも']",11
且,2,['ショ'],"['か（つ）', 'しばら（く）', 'まさ（に）']",5
走,9,['ソウ'],['はし（る）'],7
太,9,"['タ', 'タイ', 'ダイ']","['ふと（い）', 'ふと（る）', 'はなは（だ）']",4
多,9,['タ'],['おお（い）'],6
体,9,"['タイ', 'テイ']",['からだ'],7
台,9,"['タイ', 'ダイ', 'イ']","['うてな', 'しもべ']",5
弟,9,"['ダイ', 'デ', 'テイ']",['おとうと'],7
弚,-1,,,-1
池,9,['チ'],['いけ'],6
也,1,['ヤ'],"['か', 'なり', 'また', 'や']",3
地,9,"['ジ', 'チ']","['つち', 'ところ']",6
知,9,['チ'],"['し（る）', 'し（らせる）']",8
茶,9,"['チャ', 'サ']",[],9
朩,-1,,,-1
昼,9,['チュウ'],['ひる'],9
尺,5,"['シャク', 'セキ']","['さし', 'ものさし', 'わず（か）']",4
旦,2,"['タン', 'ダン']",['あした'],5
長,9,"['チョウ', 'ジョウ']","['なが（い）', 'おさ', 'た（ける）']",8
朝,9,['チョウ'],"['あさ', 'あした']",12
龺,-1,,,-1
鳥,9,['チョウ'],['とり'],11
直,9,"['ジキ', 'チョク', 'チ']","['ただ（ちに）', 'なお（す）', 'なお（る）', 'あたい', 'じか', 'すぐ', 'ひた']",8
通,9,"['ツウ', 'ツ']","['かよ（う）', 'とお（す）', 'とお（る）']",10
甬,-1,['ヨウ'],[],7
点,9,['テン'],"['た（てる）', 'つ（ける）', 'とぼ（す）', 'とぼ（る）', 'とも（る）']",9
占,4,['セン'],"['うらな（う）', 'し（める）']",5
店,9,['テン'],"['みせ', 'たな']",8
電,9,"['デン', 'テン']",['いなずま'],13
乚,-1,"['イツ', 'オツ', 'イン', 'オン']",[],1
冬,9,['トウ'],['ふゆ'],5
⺀,-1,,,-1
当,9,['トウ'],"['あ（たる）', 'あ（てる）', 'まさ（に）']",6
答,9,['トウ'],"['こた（え）', 'こた（える）']",12
東,9,['トウ'],"['ひがし', 'あずま']",8
道,9,"['ドウ', 'トウ']","['みち', 'い（う）', 'みちび（く）']",12
同,9,"['ドウ', 'トウ']","['おな（じ）', 'とも（に）']",6
冂,-1,"['キョウ', 'ケイ']",[],2
読,9,"['トウ', 'トク', 'ドク']",['よ（む）'],14
売,9,['バイ'],"['う（る）', 'う（れる）']",7
内,9,"['ナイ', 'ダイ', 'ドウ', 'ノウ']","['うち', 'い（る）', 'い（れる）']",4
南,9,"['ナン', 'ナ', 'ダン']",['みなみ'],9
干,5,['カン'],"['ほ（す）', 'ひ（る）', 'おか（す）', 'かか（わる）', 'たて', 'もと（める）']",3
肉,9,"['ニク', 'ジク']",['しし'],6
馬,9,"['バ', 'マ', 'メ']","['うま', 'ま']",10
買,9,['バイ'],['か（う）'],12
罒,-1,[],[],5
麦,9,['バク'],['むぎ'],7
半,9,['ハン'],['なか（ば）'],5
番,9,"['バン', 'ハ', 'ハン']","['つが（い）', 'つが（う）', 'つが（える）']",12
釆,-1,"['ハン', 'ベン']",['のごめ'],7
歩,9,"['ホ', 'ブ', 'フ']","['あゆ（む）', 'ある（く）']",8
風,9,"['フウ', 'フ']","['かざ', 'かぜ', 'すがた', 'ならわし', 'ふり']",9
几,1,['キ'],"['つくえ', 'ひじかけ', 'おしまずき']",2
䖝,-1,['チュウ'],['むし'],7
分,9,"['ブ', 'フン', 'ブン']","['わ（かつ）', 'わ（かる）', 'わ（かれる）', 'わ（ける）']",4
聞,9,"['ブン', 'モン']","['き（く）', 'き（こえる）']",14
門,9,"['モン', 'ボン']","['かど', 'いえ', 'と', 'みうち']",8
米,9,"['ベイ', 'マイ', 'メ']","['こめ', 'メートル', 'よね']",6
母,9,"['ボ', 'ボウ', 'モ']",['はは'],5
方,9,['ホウ'],"['かた', 'かく', 'ただ（しい）', 'まさ（に）']",4
北,9,"['ホク', 'ハイ']","['きた', 'そむ（く）', 'に（げる）']",5
𠂉,-1,,,-1
毋,1,"['ブ', 'ム']","['な（い）', 'なか（れ）']",4
妹,9,"['マイ', 'バイ']","['いもうと', 'いも']",8
未,7,"['ミ', 'ビ']","['いま（だ）', 'ひつじ', 'ま（だ）']",5
万,9,"['マン', 'バン']",['よろず'],3
鳴,9,"['メイ', 'ミョウ']","['な（く）', 'な（らす）', 'な（る）']",14
明,9,"['ミョウ', 'メイ', 'ミン']","['あ（かす）', 'あか（らむ）', 'あ（かり）', 'あか（るい）', 'あか（るむ）', 'あき（らか）', 'あ（く）', 'あ（くる）', 'あ（ける）']",8
毛,9,"['モウ', 'ボウ']",['け'],4
野,9,"['ヤ', 'ショ']","['の', 'いなかや', 'いや（しい）']",11
予,8,['ヨ'],"['あた（える）', 'あらかじ（め）', 'かね（て）', 'ゆる（す）', 'われ']",4
夜,9,['ヤ'],"['よ', 'よる']",8
友,9,"['ユウ', 'ウ']",['とも'],4
又,3,"['ウ', 'ユウ']","['また', 'ふたた（び）']",2
曜,9,['ヨウ'],['かがや（く）'],18
翟,-1,"['タク', 'テキ']",[],14
用,9,['ヨウ'],"['もち（いる）', 'はたら（き）', 'もっ（て）']",5
来,9,['ライ'],"['く（る）', 'きた（す）', 'きた（る）', 'き（し）', 'こ（し）']",7
甲,3,"['カン', 'コウ']","['かぶと', 'きのえ', 'つめ', 'よろい']",5
理,9,['リ'],"['おさ（める）', 'ことわり', 'すじ']",11
話,9,['ワ'],"['はなし', 'はな（す）']",13
悪,8,"['アク', 'オ']","['わる（い）', 'あ（し）', 'いずく（んぞ）', 'にく（む）']",11
亜,2,['ア'],"['つ（ぐ）', 'はふり']",7
安,8,['アン'],"['やす（い）', 'いずく（んぞ）', 'やす（んじる）']",6
暗,8,['アン'],"['くら（い）', 'そら（んじる）', 'やみ']",13
意,8,['イ'],"['おも（う）', 'こころ']",13
委,8,['イ'],"['ゆだ（ねる）', 'お（く）', 'くわ（しい）', 'す（てる）', 'まか（せる）']",8
医,8,['イ'],"['い（やす）', 'くすし']",7
匚,1,['ホウ'],['はこ'],2
育,8,['イク'],"['そだ（つ）', 'そだ（てる）', 'はぐく（む）']",8
院,8,['イン'],"['かき', 'かこい']",10
阝,-1,[],[],3
完,7,['カン'],['まっと（うする）'],7
員,8,"['イン', 'エン', 'ウン']",['かず'],10
飲,8,"['イン', 'オン']","['の（む）', 'の（ます）', 'みずか（う）']",12
運,8,['ウン'],"['はこ（ぶ）', 'さだめ', 'めぐ（る）']",12
軍,7,"['グン', 'クン']","['いくさ', 'つわもの']",9
泳,8,['エイ'],['およ（ぐ）'],8
永,6,"['エイ', 'ヨウ']","['なが（い）', 'とこしえ']",5
駅,8,['エキ'],['うまや'],14
横,8,"['オウ', 'コウ']","['よこ', 'よこ（たわる）']",15
央,8,"['オウ', 'エイ', 'ヨウ']",['なか（ば）'],5
屋,8,['オク'],"['や', 'いえ', 'やね']",9
尸,1,['シ'],"['かたしろ', 'かばね', 'しかばね', 'つかさど（る）']",3
温,8,"['オン', 'ウン']","['あたた（か）', 'あたた（かい）', 'あたた（まる）', 'あたた（める）', 'たず（ねる）', 'つつ（む）', 'ぬく（い）', 'ぬく（まる）', 'ぬく（める）', 'ぬる（い）']",12
昷,-1,['オン'],[],9
荷,8,['カ'],"['に', 'にな（う）', 'はす']",10
開,8,['カイ'],"['あ（く）', 'あ（ける）', 'ひら（く）', 'ひら（ける）', 'はだ（かる）', 'はだ（ける）']",12
界,8,['カイ'],['さかい'],9
介,4,['カイ'],"['すけ', 'たす（ける）']",4
階,8,['カイ'],"['きざはし', 'しな', 'はしご']",12
皆,4,['カイ'],['みな'],9
館,8,['カン'],"['やかた', 'たち', 'たて']",16
官,7,['カン'],"['おおやけ', 'つかさ']",8
感,8,['カン'],[],13
咸,1,['カン'],"['ことごと（く）', 'みな']",9
寒,8,['カン'],"['さむ（い）', 'いや（しい）', 'さび（しい）', 'まず（しい）']",12
井,7,"['ショウ', 'セイ']","['い', 'いげた']",4
漢,8,['カン'],"['おとこ', 'から']",13
夫,7,"['フ', 'フウ', 'ブ']","['おっと', 'おとこ', 'それ']",4
岸,8,['ガン'],"['きし', 'かどだ（つ）']",8
厈,-1,,,-1
起,8,['キ'],"['お（きる）', 'お（こす）', 'お（こる）', 'た（つ）']",10
期,8,"['キ', 'ゴ']","['き（める）', 'ちぎ（る）', 'とき']",12
其,1,['キ'],"['そ（の）', 'それ']",8
客,8,"['キャク', 'カク']",['まろうど'],9
各,7,['カク'],['おのおの'],6
急,8,['キュウ'],"['いそ（ぐ）', 'せ（く）']",9
刍,-1,,,-1
級,8,['キュウ'],"['くび', 'しな']",9
及,4,['キュウ'],"['およ（び）', 'およ（ぶ）', 'およ（ぼす）']",3
球,8,['キュウ'],['たま'],11
求,7,"['キュウ', 'グ']",['もと（める）'],7
究,8,"['キュウ', 'ク']","['きわ（める）', 'きわ（まる）']",7
去,8,"['キョ', 'コ']","['さ（る）', 'のぞ（く）', 'ゆ（く）']",5
橋,8,['キョウ'],['はし'],16
喬,1,['キョウ'],"['おご（る）', 'たか（い）']",12
業,8,"['ギョウ', 'ゴウ']",['わざ'],13
业,-1,,,-1
曲,8,['キョク'],"['ま（がる）', 'ま（げる）', 'かね', 'くせ', 'くま', 'まが']",6
局,8,['キョク'],['つぼね'],7
銀,8,['ギン'],['しろがね'],14
艮,1,"['コン', 'ゴン']",['うしとら'],6
苦,8,['ク'],"['くる（しい）', 'くる（しむ）', 'くる（しめる）', 'にが（い）', 'にが（る）', 'にがな', 'はなは（だ）']",8
区,8,"['ク', 'オウ']",[],4
具,8,['グ'],"['つぶさ（に）', 'つま', 'そな（える）', 'そな（わる）']",8
宮,8,"['キュウ', 'グウ', 'ク']","['みや', 'いえ']",10
呂,2,"['ロ', 'リョ']",[],7
君,8,['クン'],['きみ'],7
尹,1,['イン'],"['おさ', 'おさ（める）', 'ただ（す）']",4
匕,1,['ヒ'],['さじ'],2
軽,8,"['ケイ', 'キン']","['かる（い）', 'かろ（やか）']",12
圣,-1,,,-1
係,8,['ケイ'],"['かかり', 'かか（る）', 'かか（わる）', 'つな（ぐ）']",9
系,5,['ケイ'],"['すじ', 'つな（ぐ）']",7
血,8,"['ケツ', 'ケチ']",['ち'],6
皿,8,['ベイ'],['さら'],5
決,8,['ケツ'],"['き（まる）', 'き（める）']",7
夬,1,"['カイ', 'ケツ']","['き（める）', 'ゆがけ', 'わ（ける）']",4
県,8,['ケン'],['あがた'],9
研,8,"['ケン', 'ゲン']","['と（ぐ）', 'みが（く）']",9
湖,8,['コ'],['みずうみ'],12
胡,1,"['ウ', 'コ', 'ゴ']","['いずく（んぞ）', 'えびす', 'でたらめ', 'ながい（き）', 'なん（ぞ）', 'みだ（り）']",9
庫,8,"['コ', 'ク']",['くら'],10
幸,8,['コウ'],"['さいわ（い）', 'しあわ（せ）', 'さち', 'みゆき']",8
向,8,"['コウ', 'キョウ', 'ショウ']","['む（かう）', 'む（く）', 'む（ける）', 'む（こう）', 'さき（に）']",6
港,8,['コウ'],['みなと'],12
巷,1,['コウ'],['ちまた'],9
号,8,"['ゴウ', 'コウ']","['さけ（ぶ）', 'よびな']",5
根,8,['コン'],['ね'],10
祭,8,['サイ'],"['まつ（り）', 'まつ（る）']",11
示,6,"['ジ', 'シ', 'キ', 'ギ']",['しめ（す）'],5
指,8,['シ'],"['さ（す）', 'ゆび']",9
扌,-1,[],[],3
旨,4,['シ'],"['むね', 'うま（い）']",6
始,8,['シ'],"['はじ（まる）', 'はじ（める）']",8
歯,8,['シ'],"['は', 'よわい']",12
死,8,['シ'],['し（ぬ）'],6
歹,-1,"['ガツ', 'タイ']",[],4
詩,8,['シ'],['うた'],13
仕,8,"['シ', 'ジ']","['つか（える）', 'つかまつ（る）']",5
使,8,['シ'],"['つか（う）', 'つか（わす）']",8
吏,3,['リ'],['つかさ'],6
次,8,"['ジ', 'シ']","['つぎ', 'つ（ぐ）', 'つい（ず）', 'やど（る）']",6
持,8,"['ジ', 'チ']",['も（つ）'],9
事,8,"['ジ', 'ズ']","['こと', 'つか（える）']",8
亅,-1,['ケツ'],[],1
式,8,"['シキ', 'ショク']","['のっと（る）', 'のり']",6
弋,1,['ヨク'],"['いぐるみ', 'う（かぶ）', 'くい', 'くろ（い）', 'と（る）']",3
実,8,['ジツ'],"['み', 'みの（る）', 'さね', 'まこと', 'まめ', 'み（ちる）']",8
写,8,['シャ'],"['うつ（す）', 'うつ（る）']",5
与,4,['ヨ'],"['あた（える）', 'あずか（る）', 'くみ（する）']",3
者,8,['シャ'],['もの'],8
昔,8,"['シャク', 'セキ']",['むかし'],8
龷,-1,,,-1
酒,8,['シュ'],"['さか', 'さけ']",10
酉,1,['ユウ'],"['とり', 'ひよみのとり']",7
守,8,"['シュ', 'ス']","['まも（る）', 'も（り）', 'かみ']",6
主,8,"['シュ', 'ス']","['おも', 'ぬし', 'あるじ', 'つかさど（る）']",5
取,8,['シュ'],['と（る）'],8
受,8,"['ジュ', 'ズ']","['う（かる）', 'う（ける）']",8
爫,-1,,,-1
習,8,"['シュウ', 'ジュウ']",['なら（う）'],11
拾,8,"['シュウ', 'ジュウ']","['ひろ（う）', 'とお']",9
集,8,['シュウ'],"['あつ（まる）', 'あつ（める）', 'つど（う）', 'すだ（く）', 'たか（る）']",12
隹,-1,['スイ'],"['とり', 'ふるとり']",8
終,8,['シュウ'],"['お（える）', 'お（わる）', 'しま（う）', 'つい（に）']",11
州,8,"['シュウ', 'ス']","['す', 'くに', 'しま']",6
重,8,"['ジュウ', 'チョウ']","['おも（い）', 'かさ（なる）', 'かさ（ねる）', 'え', 'おも（んじる）']",9
住,8,"['ジュウ', 'チュウ']","['す（まう）', 'す（む）', 'とど（まる）']",7
宿,8,"['シュク', 'スク', 'シュウ']","['やど', 'やど（す）', 'やど（る）']",11
佰,1,"['ハク', 'ヒャク']",['おさ'],8
暑,8,['ショ'],['あつ（い）'],12
所,8,"['ショ', 'ソ']",['ところ'],8
助,8,['ジョ'],"['たす（かる）', 'たす（ける）', 'すけ']",7
消,8,['ショウ'],"['き（える）', 'け（す）']",10
肖,2,['ショウ'],"['あやか（る）', 'かたど（る）', 'に（る）']",7
昭,8,['ショウ'],['あき（らか）'],9
召,4,['ショウ'],['め（す）'],5
章,8,['ショウ'],"['あや', 'しるし', 'ふみ']",11
商,8,['ショウ'],"['あきな（う）', 'あきな（い）', 'はか（る）']",11
冏,1,"['キョウ', 'ケイ']",['あき（らか）'],7
勝,8,['ショウ'],"['か（つ）', 'まさ（る）', 'すぐ（れる）', 'た（える）']",12
劵,-1,"['ケン', 'ゲン']","['あ（きる）', 'あぐ（む）', 'う（む）', 'つか（れる）']",8
乗,8,"['ジョウ', 'ショウ']","['の（せる）', 'の（る）']",9
植,8,"['ショク', 'チ']","['う（える）', 'う（わる）', 'た（てる）']",12
身,8,['シン'],"['み', 'みずか（ら）']",7
進,8,['シン'],"['すす（む）', 'すす（める）']",11
申,8,['シン'],"['もう（す）', 'かさ（ねる）', 'さる']",5
深,8,['シン'],"['ふか（い）', 'ふか（まる）', 'ふか（める）', 'ふ（ける）', 'み']",11
罙,-1,,,-1
真,8,['シン'],"['ま', 'まこと']",10
神,8,"['シン', 'ジン']","['かみ', 'かん', 'こう', 'たましい']",9
世,8,"['セ', 'セイ']",['よ'],5
整,8,['セイ'],"['ととの（う）', 'ととの（える）']",16
敕,11,['チョク'],"['いまし（める）', 'みことのり']",11
全,8,"['ゼン', 'セン']","['すべ（て）', 'まった（く）']",6
想,8,"['ソウ', 'ソ']",['おも（う）'],13
相,8,"['ソウ', 'ショウ']","['あい', 'ありさま', 'さが', 'たす（ける）']",9
送,8,['ソウ'],['おく（る）'],9
关,-1,,,-1
息,8,['ソク'],"['いき', 'いこ（う）', 'やす（む）', 'や（む）']",10
速,8,['ソク'],"['はや（い）', 'はや（まる）', 'はや（める）', 'すみ（やか）']",10
束,7,['ソク'],"['たば', 'つか', 'つか（ねる）']",7
族,8,['ゾク'],['やから'],11
他,8,['タ'],['ほか'],5
打,8,"['ダ', 'チョウ', 'テイ']","['う（つ）', 'ダース', 'ぶ（つ）']",5
代,8,"['タイ', 'ダイ']","['か（える）', 'か（わる）', 'よ', 'しろ']",5
対,8,"['タイ', 'ツイ']","['こた（える）', 'そろ（い）', 'つれあい', 'む（かう）']",7
待,8,['タイ'],['ま（つ）'],9
第,8,"['ダイ', 'テイ']","['つい（で）', 'やしき']",11
弔,2,['チョウ'],['とむら（う）'],4
題,8,"['ダイ', 'テイ']",['ひたい'],18
是,4,"['ゼ', 'シ']","['こ（の）', 'これ', 'ただ（しい）']",9
短,8,['タン'],['みじか（い）'],12
炭,8,['タン'],['すみ'],9
灰,5,"['カイ', 'ケ']",['はい'],6
談,8,"['ダン', 'タン']",['かた（る）'],15
炎,3,['エン'],"['ほのお', 'ほむら', 'も（える）']",8
着,8,"['チャク', 'ジャク']","['き（せる）', 'き（る）', 'つ（く）', 'つ（ける）']",12
注,8,['チュウ'],"['そそ（ぐ）', 'さ（す）', 'つ（ぐ）']",8
柱,8,['チュウ'],['はしら'],9
調,8,['チョウ'],"['しら（べる）', 'ととの（う）', 'ととの（える）', 'あざけ（る）', 'みつぎ', 'やわら（ぐ）']",15
帳,8,['チョウ'],"['とばり', 'はり']",11
追,8,['ツイ'],['お（う）'],9
𠂤,-1,,,-1
定,8,"['ジョウ', 'テイ']","['さだ（まる）', 'さだ（める）', 'さだ（か）', 'き（まる）']",8
庭,8,['テイ'],['にわ'],10
廷,2,['テイ'],['にわ'],7
笛,8,"['テキ', 'ジャク']",['ふえ'],11
鉄,8,['テツ'],"['かね', 'くろがね']",13
失,7,"['シツ', 'イツ']","['うしな（う）', 'う（せる）']",5
転,8,['テン'],"['ころ（がす）', 'ころ（がる）', 'ころ（げる）', 'ころ（ぶ）', 'うた（た）', 'うつ（る）', 'くるり', 'こ（ける）', 'まろ（ぶ）']",11
都,8,"['ツ', 'ト']","['みやこ', 'すべ（て）']",11
度,8,"['ド', 'タク', 'ト']","['たび', 'のり', 'はか（る）', 'めもり', 'わた（る）']",9
廿,1,['ジュウ'],['にじゅう'],4
島,8,['トウ'],['しま'],10
等,8,['トウ'],"['ひと（しい）', 'など', 'ら']",12
登,8,"['ト', 'トウ']",['のぼ（る）'],12
癶,-1,['ハツ'],[],5
湯,8,"['トウ', 'ショウ']",['ゆ'],12
投,8,['トウ'],['な（げる）'],7
殳,-1,['シュ'],['ほこ'],4
動,8,"['ドウ', 'トウ']","['うご（かす）', 'うご（く）', 'やや（もすれば）']",11
童,8,"['ドウ', 'トウ']","['わらべ', 'わらわ']",12
農,8,"['ノウ', 'ドウ']",['たがや（す）'],13
辰,1,['シン'],"['たつ', 'とき', 'ひ']",7
波,8,['ハ'],['なみ'],8
皮,8,['ヒ'],['かわ'],5
配,8,['ハイ'],"['くば（る）', 'つれあい', 'なが（す）', 'なら（ぶ）']",10
倍,8,"['バイ', 'ハイ']","['そむ（く）', 'ま（す）']",10
咅,-1,,,-1
箱,8,"['ショウ', 'ソウ']",['はこ'],15
畑,8,[],"['はた', 'はたけ']",9
発,8,"['ハツ', 'ホツ']","['あば（く）', 'た（つ）', 'はな（つ）', 'ひら（く）']",9
反,8,"['ハン', 'タン', 'ホン']","['そ（らす）', 'そ（る）', 'かえ（す）', 'かえ（る）', 'そむ（く）']",4
板,8,"['ハン', 'バン']",['いた'],8
坂,8,"['ハン', 'バン']",['さか'],7
悲,8,['ヒ'],"['かな（しい）', 'かな（しむ）']",12
非,6,['ヒ'],"['あら（ず）', 'そし（る）', 'わる（い）']",8
鼻,8,['ビ'],"['はな', 'はじ（め）']",14
美,8,"['ビ', 'ミ']","['うつく（しい）', 'ほ（める）', 'よ（い）']",9
⺷,-1,,,-1
筆,8,['ヒツ'],['ふで'],12
氷,8,['ヒョウ'],"['こおり', 'ひ', 'こお（る）']",5
表,8,['ヒョウ'],"['あらわ（す）', 'あらわ（れる）', 'おもて', 'しるし']",8
病,8,"['ビョウ', 'ヘイ']","['やまい', 'や（む）']",10
疒,-1,['ダク'],[],5
丙,2,['ヘイ'],['ひのえ'],5
秒,8,['ビョウ'],['のぎ'],9
品,8,"['ヒン', 'ホン']",['しな'],9
吅,-1,,,-1
負,8,"['フ', 'ブ', 'フウ']","['お（う）', 'ま（かす）', 'ま（ける）', 'そむ（く）', 'たの（む）']",9
部,8,"['ブ', 'ホ', 'ホウ']","['くみ', 'す（べる）', 'つかさ', 'べ', 'わ（ける）']",11
福,8,['フク'],['さいわ（い）'],13
畐,-1,"['ヒョク', 'フク']",[],9
服,8,['フク'],"['きもの', 'き（る）', 'したが（う）', 'の（む）']",8
𠬝,-1,,,-1
物,8,"['ブツ', 'モツ']",['もの'],8
勿,1,"['ブツ', 'モチ']","['な（い）', 'なか（れ）', 'な（し）']",4
平,8,"['ビョウ', 'ヘイ', 'ヒョウ', 'ヘン']","['たい（ら）', 'ひら']",5
返,8,"['ヘン', 'ハン', 'ホン']","['かえ（す）', 'かえ（る）']",7
勉,8,['ベン'],['つと（める）'],10
免,3,"['メン', 'ブン', 'ベン']","['まぬか（れる）', 'う（む）', 'や（める）', 'ゆる（す）']",8
放,8,['ホウ'],"['はな（す）', 'はな（つ）', 'はな（れる）', 'ほう（る）', 'こ（く）', 'さ（く）', 'ひ（る）', 'ほしいまま', 'まか（す）', 'ゆる（す）']",8
味,8,"['ミ', 'ビ']","['あじ', 'あじ（わう）']",8
命,8,"['メイ', 'ミョウ']","['いのち', 'おお（せ）', 'みこと']",8
叩,1,['コウ'],"['たた（く）', 'はた（く）', 'ひか（える）']",5
面,8,"['メン', 'ベン']","['おも', 'おもて', 'つら', 'そむ（く）', 'も']",9
囬,-1,,,-1
問,8,"['モン', 'ブン']","['と（い）', 'と（う）', 'とん', 'たず（ねる）', 'たよ（り）']",11
薬,8,['ヤク'],['くすり'],16
役,8,"['ヤク', 'エキ']","['いくさ', 'つと（め）']",7
油,8,"['ユ', 'ユウ']",['あぶら'],8
遊,8,"['ユウ', 'ユ']","['あそ（ぶ）', 'すさ（び）', 'すさ（ぶ）']",12
斿,-1,"['ユウ', 'リュウ']",[],9
有,8,"['ユウ', 'ウ']","['あ（る）', 'も（つ）']",6
龴,-1,,,-1
乛,-1,,,-1
葉,8,"['ヨウ', 'ショウ']","['は', 'かみ', 'すえ']",12
枼,-1,,,-1
陽,8,['ヨウ'],"['いつわ（る）', 'ひ', 'ひなた']",12
羊,8,['ヨウ'],['ひつじ'],6
洋,8,['ヨウ'],"['うみ', 'なだ', 'ひろ（い）']",9
様,8,['ヨウ'],['さま'],14
氺,-1,,,-1
落,8,['ラク'],"['お（ちる）', 'お（とす）', 'さと']",12
洛,1,['ラク'],"['つら（なる）', 'みやこ']",9
旅,8,"['リョ', 'ロ']","['たび', 'いくさ']",10
両,8,['リョウ'],['ふた（つ）'],6
緑,8,"['リョク', 'ロク']",['みどり'],14
录,-1,,,-1
流,8,"['リュウ', 'ル']","['なが（す）', 'なが（れる）']",10
㐬,-1,,,-1
礼,8,"['レイ', 'ライ']","['うやま（う）', 'のり']",5
列,8,['レツ'],"['つら（なる）', 'つら（ねる）', 'なら（べる）']",6
刂,-1,,,-1
練,8,['レン'],"['ね（る）', 'ねりぎぬ']",14
路,8,['ロ'],"['じ', 'くるま', 'みち']",13
和,8,"['ワ', 'オ', 'カ']","['なご（む）', 'なご（やか）', 'やわ（らぐ）', 'やわ（らげる）', 'あ（える）', 'な（ぐ）']",8
愛,7,['アイ'],"['いと（しい）', 'う（い）', 'お（しむ）', 'かな（しい）', 'まな', 'め（でる）']",13
案,7,['アン'],"['かんが（える）', 'つくえ']",10
以,7,['イ'],"['もち（いる）', 'もっ（て）']",5
位,7,['イ'],['くらい'],7
胃,5,['イ'],[],9
囲,6,['イ'],"['かこ（う）', 'かこ（む）']",7
衣,7,"['イ', 'エ']","['ころも', 'きぬ', 'き（る）']",6
印,7,['イン'],"['しるし', 'しる（す）']",6
卩,-1,"['セツ', 'セチ']",['わりふ'],2
英,7,['エイ'],"['はな', 'はなぶさ', 'ひい（でる）']",8
栄,7,['エイ'],"['さか（える）', 'は（え）', 'は（える）', 'は（やす）']",9
塩,7,"['エン', 'アン']",['しお'],13
億,7,['オク'],['おしはか（る）'],15
貨,7,['カ'],['たから'],11
課,7,['カ'],"['こころ（みる）', 'はか（る）', 'わりあ（てる）']",15
果,7,['カ'],"['は（たす）', 'は（て）', 'は（てる）', 'おお（せる）', 'くだもの', 'はか']",8
加,7,['カ'],"['くわ（える）', 'くわ（わる）']",5
芽,7,['ガ'],"['め', 'めぐ（む）']",8
牙,2,"['ゲ', 'ガ']","['きば', 'さいとり', 'は']",4
械,7,['カイ'],"['かせ', 'からくり']",11
戒,4,['カイ'],['いまし（める）'],7
改,7,['カイ'],"['あらた（まる）', 'あらた（める）']",7
害,7,"['ガイ', 'カイ', 'カツ']","['そこ（なう）', 'わざわ（い）']",10
街,7,"['ガイ', 'カイ']","['まち', 'ちまた']",12
圭,1,['ケイ'],['たま'],6
覚,7,"['カク', 'コウ']","['おぼ（える）', 'さ（ます）', 'さ（める）', 'さと（り）', 'さと（る）']",12
関,7,['カン'],"['かか（わる）', 'せき', 'からくり', 'かんぬき']",14
管,7,['カン'],"['くだ', 'つかさど（る）', 'ふえ']",14
㠯,-1,,,-1
観,7,['カン'],"['しめ（す）', 'み（る）', 'み（せる）']",18
願,7,['ガン'],"['ねが（う）', 'ねが（わくは）']",19
喜,6,['キ'],['よろこ（ぶ）'],12
壴,-1,,,-1
季,7,['キ'],['すえ'],8
旗,7,['キ'],['はた'],14
紀,6,['キ'],"['おさ（める）', 'しる（す）', 'のり']",9
希,7,"['キ', 'ケ']","['こいねが（う）', 'まれ']",7
布,6,"['フ', 'ホ']","['ぬの', 'し（く）']",5
機,7,['キ'],"['はた', 'おり', 'からくり', 'きざ（し）', 'はずみ']",16
幾,4,['キ'],"['いく', 'きざ（し）', 'こいねが（う）', 'ほとん（ど）']",12
器,7,['キ'],['うつわ'],15
㗊,-1,,,-1
議,7,['ギ'],['はか（る）'],20
義,6,['ギ'],['よ（い）'],13
救,6,"['キュウ', 'ク', 'グ']","['すく（う）', 'たす（ける）']",11
泣,7,['キュウ'],['な（く）'],8
給,7,['キュウ'],"['たま（う）', 'たまわ（る）']",12
挙,7,['キョ'],"['あ（がる）', 'あ（げる）', 'こぞ（って）', 'こぞ（る）']",10
兴,-1,,,-1
協,7,['キョウ'],['かな（う）'],8
劦,-1,,,-1
鏡,7,['キョウ'],['かがみ'],19
竟,1,"['キョウ', 'ケイ']","['お（わる）', 'きわ（める）', 'さかい', 'つい（に）', 'つ（きる）', 'わた（る）']",11
競,7,"['キョウ', 'ケイ']","['きそ（う）', 'せ（る）', 'きお（う）', 'くら（べる）']",20
竞,-1,,,-1
共,7,['キョウ'],['とも'],6
極,7,"['キョク', 'ゴク']","['きわ（まる）', 'きわ（み）', 'きわ（める）', 'き（まる）', 'き（める）']",12
亟,1,"['キ', 'キョク']","['しばしば', 'すみ（やか）']",8
訓,7,"['クン', 'キン']","['おし（える）', 'よ（む）']",10
郡,7,"['グン', 'クン']",['こおり'],10
型,6,['ケイ'],['かた'],9
刑,3,"['ケイ', 'ギョウ']","['しおき', 'のり']",6
径,7,['ケイ'],"['こみち', 'さしわたし', 'ただ（ちに）', 'みち']",8
景,7,"['ケイ', 'エイ']",[],12
芸,7,"['ゲイ', 'ウン']","['う（える）', 'くさぎ（る）', 'わざ']",7
結,7,"['ケツ', 'ケイ', 'ケチ']","['むす（ぶ）', 'ゆ（う）', 'ゆ（わえる）', 'す（く）']",12
吉,3,"['キチ', 'キツ']",['よ（い）'],6
建,7,"['ケン', 'コン']","['た（つ）', 'た（てる）', 'くつがえ（す）']",9
廴,-1,['イン'],[],3
健,7,['ケン'],"['すこ（やか）', 'したた（か）', 'たけ（し）']",11
験,7,"['ケン', 'ゲン']","['あかし', 'しるし', 'ため（す）']",18
㑒,-1,,,-1
固,7,['コ'],"['かた（い）', 'かた（まる）', 'かた（める）', 'もと（より）']",8
候,7,['コウ'],"['そうろう', 'うかが（う）', 'さぶら（う）', 'ま（つ）']",10
功,7,"['コウ', 'ク']",['いさお'],5
好,7,['コウ'],"['この（む）', 'す（く）', 'よ（い）', 'よしみ']",6
航,6,['コウ'],['わた（る）'],10
亢,1,['コウ'],"['あ（がる）', 'あ（たる）', 'きわ（める）', 'たか（い）', 'たかぶ（る）', 'のど']",4
康,7,['コウ'],['やす（い）'],11
隶,-1,['タイ'],['およ（ぶ）'],8
告,6,"['コク', 'コウ']",['つ（げる）'],7
⺧,-1,,,-1
差,7,"['サ', 'サイ', 'シ']","['さ（す）', 'たが（う）', 'つか（わす）']",10
最,7,['サイ'],"['もっと（も）', 'も']",12
菜,7,['サイ'],['な'],11
采,2,['サイ'],"['いろどり', 'うね', 'すがた', 'と（る）']",8
材,7,"['ザイ', 'サイ']",['まるた'],7
昨,7,['サク'],['きのう'],9
殺,6,"['サツ', 'サイ', 'セツ']","['ころ（す）', 'あや（める）', 'けず（る）', 'そ（ぐ）', 'そ（げる）']",10
杀,-1,,,-1
刷,7,['サツ'],"['す（る）', 'は（く）']",8
札,7,['サツ'],"['ふだ', 'さね', 'わかじに']",5
察,7,['サツ'],"['あき（らか）', 'し（る）', 'み（る）']",14
参,7,"['サン', 'シン']","['まい（る）', 'まじ（わる）']",8
散,7,['サン'],"['ち（らかす）', 'ち（らかる）', 'ち（らす）', 'ち（る）', 'ばら']",12
産,7,['サン'],"['う（まれる）', 'う（む）', 'うぶ']",11
产,-1,,,-1
残,7,['ザン'],"['のこ（す）', 'のこ（る）', 'そこ（なう）']",10
㦮,-1,,,-1
史,6,['シ'],"['ふびと', 'ふみ']",5
乀,-1,['フツ'],[],1
試,7,['シ'],"['こころ（みる）', 'ため（す）']",13
司,7,"['シ', 'ス']","['つかさ', 'つかさど（る）']",5
治,7,"['ジ', 'チ']","['おさ（まる）', 'おさ（める）', 'なお（す）', 'なお（る）']",8
児,7,"['ジ', 'ニ']",['こ'],7
旧,6,['キュウ'],"['ふ（る）', 'ふる（い）', 'ふる（びる）', 'もと']",5
辞,7,['ジ'],"['や（める）', 'ことば', 'ことわ（る）']",13
辛,3,['シン'],"['から（い）', 'かのと', 'つら（い）']",7
借,7,"['シャク', 'シャ', 'セキ']",['か（りる）'],10
種,7,"['シュ', 'ショウ']","['たね', 'う（える）', 'くさ']",14
祝,7,"['シュク', 'シュウ']","['いわ（う）', 'た（つ）', 'の（る）', 'のろ（う）']",9
順,7,['ジュン'],"['したが（う）', 'すなお']",12
初,7,"['ショ', 'ソ']","['はじ（め）', 'はじ（めて）', 'はつ', 'そ（める）', 'うい', 'うぶ']",7
衤,-1,[],[],5
唱,7,['ショウ'],"['とな（える）', 'うた', 'うた（う）']",11
昌,1,['ショウ'],['さか（ん）'],8
笑,7,['ショウ'],"['わら（う）', 'え（む）']",10
夭,1,['ヨウ'],"['うつく（しい）', 'わか（い）', 'わかじに', 'わざわ（い）']",4
焼,7,['ショウ'],"['や（く）', 'や（ける）', 'く（べる）']",12
尭,1,['ギョウ'],['たか（い）'],8
松,7,['ショウ'],['まつ'],8
賞,6,['ショウ'],"['ほ（める）', 'め（でる）']",15
龸,-1,,,-1
象,6,"['ショウ', 'ゾウ']","['かたち', 'かたど（る）']",12
照,7,['ショウ'],"['て（らす）', 'て（る）', 'て（れる）']",13
省,7,"['ショウ', 'セイ']","['はぶ（く）', 'かえり（みる）']",9
信,7,['シン'],"['たよ（り）', 'まか（せる）', 'まこと']",9
臣,7,"['シン', 'ジン']",['おみ'],7
清,7,"['セイ', 'ショウ', 'シン']","['きよ（い）', 'きよ（まる）', 'きよ（める）', 'さや（か）', 'す（む）']",11
静,7,"['セイ', 'ジョウ']","['しず', 'しず（か）', 'しず（まる）', 'しず（める）']",14
争,7,['ソウ'],"['あらそ（う）', 'いさ（める）']",6
成,7,"['セイ', 'ジョウ']","['な（す）', 'な（る）']",6
戊,1,"['ボ', 'ボウ']",['つちのえ'],5
席,7,['セキ'],['むしろ'],10
積,7,"['セキ', 'シ', 'シャク']","['つ（む）', 'つ（もる）', 'たくわ（える）']",16
責,6,"['セキ', 'サイ', 'シャク']",['せ（める）'],11
節,7,"['セツ', 'セチ']","['ふし', 'ノット', 'みさお']",13
即,4,"['ソク', 'ショク']","['すなわ（ち）', 'つ（く）']",7
折,7,"['セツ', 'シャク']","['おり', 'お（る）', 'お（れる）', 'くじ（ける）', 'さだ（める）']",7
説,7,"['セツ', 'ゼイ', 'エツ']","['と（く）', 'よろこ（ぶ）']",14
兑,-1,,,-1
戦,7,['セン'],"['たたか（う）', 'いくさ', 'おのの（く）', 'そよ（ぐ）']",13
単,7,"['タン', 'ゼン']","['ひとえ', 'ひと（つ）']",9
戈,1,['カ'],"['いくさ', 'ほこ']",4
選,7,['セン'],"['えら（ぶ）', 'え（る）', 'すぐ（る）', 'よ（る）']",15
巽,1,['ソン'],"['たつみ', 'ゆず（る）']",12
浅,7,['セン'],['あさ（い）'],9
巣,7,['ソウ'],['す'],11
倉,7,['ソウ'],"['くら', 'にわ（か）']",10
側,7,"['ソク', 'ショク']","['がわ', 'かたわ（ら）', 'かわ', 'そば', 'はた']",11
則,6,['ソク'],"['すなわ（ち）', 'のっと（る）', 'のり']",9
続,7,"['ゾク', 'ショク']","['つづ（く）', 'つづ（ける）', 'つ（ぐ）']",13
卒,7,"['ソツ', 'シュツ']","['お（える）', 'お（わる）', 'しもべ', 'つい（に）', 'にわ（かに）']",8
从,-1,"['ジュウ', 'ジュ', 'ショウ']","['したが（う）', 'したが（える）']",4
孫,7,['ソン'],['まご'],10
隊,7,"['タイ', 'ツイ']","['お（ちる）', 'くみ']",12
㒸,-1,,,-1
帯,7,['タイ'],"['おび', 'お（びる）']",10
丗,1,"['セ', 'セイ', 'ソウ']","['さんじゅう', 'みそ', 'よ']",5
達,7,"['タツ', 'タチ', 'ダチ']","['たし', 'たち', 'とお（る）', 'とど（く）']",12
置,7,['チ'],['お（く）'],13
仲,7,['チュウ'],['なか'],6
貯,6,['チョ'],['たくわ（える）'],12
宁,-1,,,-1
兆,7,"['チョウ', 'ジョウ']","['きざ（し）', 'きざ（す）', 'うらな（い）']",6
腸,5,['チョウ'],"['はらわた', 'わた']",13
停,6,['テイ'],"['とど（まる）', 'と（まる）']",11
亭,2,"['テイ', 'チン']","['あずまや', 'とど（まる）']",9
低,7,['テイ'],"['ひく（い）', 'ひく（まる）', 'ひく（める）', 'た（れる）']",7
氐,-1,,,-1
底,7,['テイ'],['そこ'],8
的,7,['テキ'],"['まと', 'あき（らか）']",8
勺,1,['シャク'],[],3
典,7,['テン'],"['のり', 'ふみ']",8
伝,7,"['デン', 'テン']","['つた（う）', 'つた（える）', 'つた（わる）', 'つて']",6
徒,7,"['ト', 'ズ']","['あだ', 'いたずら（に）', 'かち', 'ただ', 'ともがら', 'むだ']",10
努,7,['ド'],"['つと（める）', 'ゆめ']",7
奴,4,"['ド', 'ヌ']","['め', 'やつ', 'やっこ']",5
灯,7,"['トウ', 'チョウ', 'チン', 'テイ', 'ドン']","['ひ', 'あかし', 'あかり', 'とぼし', 'とぼ（す）', 'ともし', 'ともしび', 'とも（す）', 'とも（る）']",6
働,7,['ドウ'],['はたら（く）'],13
堂,6,"['ドウ', 'トウ']",['たかどの'],11
特,7,"['トク', 'ドク']","['おうし', 'とりわ（け）', 'ひと（つ）', 'ひと（り）']",10
得,6,['トク'],"['え（る）', 'う（る）']",11
㝵,-1,,,-1
毒,6,['ドク'],"['そこ（なう）', 'わる（い）']",8
熱,7,['ネツ'],"['あつ（い）', 'いき（る）', 'ほて（る）', 'ほとぼり']",15
埶,-1,,,-1
然,7,"['ゼン', 'ネン']","['しか（し）', 'しか（して）', 'しか（も）', 'しか（らば）', 'しか（り）', 'も（える）']",12
念,7,['ネン'],['おも（う）'],8
敗,7,['ハイ'],"['やぶ（れる）', 'ま（ける）', 'やぶ（る）']",11
梅,7,['バイ'],['うめ'],10
博,7,"['ハク', 'バク']","['ひろ（い）', 'ひろ（める）']",12
尃,-1,,,-1
飯,7,['ハン'],"['めし', 'いい', 'くら（う）', 'まま']",12
飛,7,['ヒ'],"['と（ばす）', 'と（ぶ）']",9
費,6,['ヒ'],"['つい（える）', 'つい（やす）']",12
弗,1,"['フツ', 'ホツ']","['ず', 'ドル']",5
必,7,['ヒツ'],['かなら（ず）'],5
票,7,['ヒョウ'],['ふだ'],11
覀,-1,['ア'],[],6
標,7,['ヒョウ'],"['こずえ', 'しめ', 'しるし', 'しる（す）', 'しるべ']",15
付,7,['フ'],"['つ（く）', 'つ（ける）', 'あた（える）']",5
府,7,['フ'],"['くら', 'みやこ']",8
不,7,"['フ', 'ブ']",['ず'],4
無,7,"['ブ', 'ム']",['な（い）'],12
副,7,"['フク', 'フウ']",['そ（う）'],11
粉,6,['フン'],"['こ', 'こな', 'デシメートル']",10
兵,7,"['ヘイ', 'ヒョウ']","['いくさ', 'つわもの']",7
丘,4,['キュウ'],['おか'],5
別,7,"['ベツ', 'ベチ']","['わか（れる）', 'わか（つ）', 'わ（ける）']",7
辺,7,['ヘン'],"['あた（り）', 'べ', 'ほとり']",5
変,7,['ヘン'],"['か（える）', 'か（わる）']",9
亦,1,"['エキ', 'ヤク']","['また', 'わき']",6
便,7,"['ビン', 'ベン', 'ヘン']","['たよ（り）', 'いばり', 'すなわ（ち）', 'へつら（う）', 'よすが']",9
更,4,['コウ'],"['さら', 'ふ（かす）', 'ふ（ける）', 'あらた（める）', 'か（える）']",7
法,7,"['ホウ', 'ハッ', 'ホッ']","['のっと（る）', 'のり', 'フラン']",8
包,7,['ホウ'],"['つつ（む）', 'くる（む）']",5
勹,-1,['ホウ'],['つつ（む）'],2
望,7,"['ボウ', 'モウ']","['のぞ（む）', 'うら（む）', 'もち']",11
亡,5,"['ボウ', 'モウ', 'ブ', 'ム']","['な（い）', 'うしな（う）', 'に（げる）', 'ほろ（びる）', 'ほろ（ぼす）']",3
牧,7,"['ボク', 'モク']","['まき', 'か（う）', 'つかさ', 'やしな（う）']",8
末,7,"['マツ', 'バツ']","['すえ', 'うら']",5
満,7,"['マン', 'バン']","['み（たす）', 'み（ちる）']",12
脈,6,"['ミャク', 'バク']",['すじ'],10
𠂢,-1,,,-1
民,7,['ミン'],['たみ'],5
約,7,['ヤク'],"['ちか（う）', 'つづま（やか）', 'つづ（める）', 'つま（しい）']",9
勇,7,"['ユウ', 'ヨウ']","['いさ（む）', 'いさ（ましい）', 'つよ（い）']",9
要,7,['ヨウ'],"['かなめ', 'い（る）', 'もと（める）']",9
養,7,['ヨウ'],"['やしな（う）', 'やしな（い）']",15
浴,7,['ヨク'],"['あ（びせる）', 'あ（びる）', 'ゆあみ']",10
利,7,['リ'],"['き（く）', 'するど（い）', 'と（し）', 'よ（い）']",7
陸,7,"['リク', 'ロク']","['おか', 'くが']",11
坴,-1,,,-1
量,7,['リョウ'],"['はか（る）', 'かさ', 'ちから']",12
良,7,['リョウ'],"['よ（い）', 'やや']",7
漁,7,"['ギョ', 'リョウ']","['あさ（る）', 'いさ（り）', 'すなど（る）']",14
料,7,['リョウ'],['はか（る）'],10
輪,7,['リン'],['わ'],15
侖,1,"['リン', 'ロン']",['おも（う）'],8
類,7,['ルイ'],"['たぐ（い）', 'たぐい', 'たぐ（える）', 'に（る）']",18
类,-1,,,-1
令,7,"['レイ', 'リョウ']","['いいつけ', 'おさ', 'よ（い）']",5
冷,7,['レイ'],"['さ（ます）', 'さ（める）', 'つめ（たい）', 'ひ（える）', 'ひ（や）', 'ひ（やかす）', 'ひ（やす）']",7
例,7,['レイ'],"['たと（える）', 'たぐい', 'たと（えば）', 'ためし']",8
歴,6,"['レキ', 'リャク']",['へ（る）'],14
連,7,['レン'],"['つら（なる）', 'つら（ねる）', 'つ（れる）', 'しき（りに）']",10
老,7,['ロウ'],"['お（いる）', 'ふ（ける）']",6
労,7,['ロウ'],"['いたわ（る）', 'つか（れる）', 'ねぎら（う）', 'はたら（く）']",7
録,7,"['ロク', 'リョ', 'リョク']",['しる（す）'],16
圧,6,"['アツ', 'オウ']","['お（さえる）', 'お（す）', 'へ（す）']",5
移,6,['イ'],"['うつ（す）', 'うつ（る）']",11
因,6,['イン'],"['よ（る）', 'ちなみ', 'ちな（む）', 'よすが', 'よ（って）']",6
衛,6,"['エイ', 'エ']",['まも（る）'],16
韋,1,['イ'],['なめしがわ'],10
営,6,"['エイ', 'ヨウ']",['いとな（む）'],12
益,6,"['エキ', 'ヤク']","['ま（す）', 'ますます']",10
易,6,"['イ', 'エキ']","['やさ（しい）', 'あなど（る）', 'か（える）', 'か（わる）', 'やす（い）']",8
液,6,['エキ'],"['しる', 'わき']",11
演,6,['エン'],"['おこな（う）', 'の（べる）']",14
寅,1,['イン'],"['つつし（む）', 'とら']",11
桜,6,['オウ'],['さくら'],10
応,6,['オウ'],"['こた（える）', 'まさ（に）']",7
往,6,['オウ'],"['いにしえ', 'ゆ（く）']",8
恩,5,['オン'],['めぐ（み）'],10
価,6,['カ'],['あたい'],8
過,6,['カ'],"['す（ぎる）', 'す（ごす）', 'あやま（ち）', 'あやま（つ）', 'とが', 'よぎ（る）']",12
咼,-1,"['カ', 'カイ', 'ケ']",[],9
河,6,['カ'],['かわ'],8
仮,6,"['カ', 'ケ', 'カク']","['かり', 'か（す）']",6
賀,7,['ガ'],['よろこ（ぶ）'],12
解,6,"['カイ', 'ゲ']","['と（かす）', 'と（く）', 'と（ける）', 'さと（る）', 'ほぐ（れる）', 'ほつ（れる）', 'ほど（く）', 'ほど（ける）', 'わか（る）']",13
快,6,"['カイ', 'ケ']",['こころよ（い）'],7
忄,-1,[],[],3
確,6,['カク'],"['たし（か）', 'たし（かめる）', 'かた（い）', 'しか（と）', 'しっか（り）']",15
隺,-1,"['カク', 'コク']",[],10
格,6,"['カク', 'コウ', 'キャク', 'ゴウ']","['いた（る）', 'う（つ）', 'ただ（す）']",10
額,6,['ガク'],"['ひたい', 'ぬか', 'ぬか（ずく）']",18
慣,6,['カン'],"['な（らす）', 'な（れる）', 'ならわし']",14
貫,3,"['カン', 'ワン']","['つらぬ（く）', 'ぬき', 'ぬ（く）', 'ひ（く）']",11
幹,6,['カン'],"['みき', 'から', 'わざ']",13
刊,6,['カン'],"['きざ（む）', 'けず（る）']",5
眼,6,"['ガン', 'ゲン']","['まなこ', 'め']",11
規,6,['キ'],"['ただ（す）', 'のり', 'ぶんまわし']",11
基,6,['キ'],"['もと', 'もとい', 'もと（づく）']",11
寄,6,['キ'],"['よ（せる）', 'よ（る）']",11
奇,4,['キ'],"['あや（しい）', 'く（し）', 'めずら（しい）']",8
技,6,['ギ'],['わざ'],7
支,6,['シ'],"['ささ（える）', 'か（う）', 'つか（える）']",4
我,5,['ガ'],"['われ', 'わ']",7
逆,6,"['ギャク', 'ゲキ']","['さか', 'さか（らう）', 'あらかじ（め）', 'むか（える）']",9
屰,-1,,,-1
久,6,"['キュウ', 'ク']",['ひさ（しい）'],3
許,6,"['キョ', 'コ']","['ゆる（す）', 'ばか（り）', 'もと']",11
居,6,"['キョ', 'キ', 'コ']","['い（る）', 'お（く）', 'お（る）']",8
境,6,"['キョウ', 'ケイ']",['さかい'],14
均,6,"['キン', 'イン', 'ウン']","['ととの（える）', 'なら（す）', 'ひと（しい）']",7
匀,-1,,,-1
禁,6,['キン'],"['いさ（める）', 'い（む）', 'とど（める）']",13
句,6,"['ク', 'コウ']","['あ（たる）', 'ま（がる）']",5
群,7,['グン'],"['むら', 'む（れ）', 'む（れる）']",13
経,6,"['ケイ', 'キョウ', 'キン']","['へ（る）', 'おさ（める）', 'た（つ）', 'たていと']",11
潔,6,['ケツ'],"['いさぎよ（い）', 'きよ（い）']",15
絜,-1,['ケツ'],[],12
険,6,['ケン'],['けわ（しい）'],11
検,6,['ケン'],"['あらた（める）', 'しら（べる）']",12
券,5,['ケン'],"['てがた', 'わりふ']",8
龹,-1,,,-1
件,6,['ケン'],"['くだり', 'くだん']",6
現,6,['ゲン'],"['あらわ（す）', 'あらわ（れる）', 'うつつ']",11
限,6,['ゲン'],"['かぎ（る）', 'かぎ（り）', 'きり']",9
減,6,['ゲン'],"['へ（らす）', 'へ（る）']",12
個,6,"['コ', 'カ']",[],10
故,6,['コ'],"['ゆえ', 'ことさら（に）', 'ふる（い）', 'もと']",9
護,6,['ゴ'],"['まも（り）', 'まも（る）']",20
蒦,-1,['カク'],[],13
効,6,['コウ'],"['き（く）', 'いた（す）', 'かい', 'なら（う）']",8
講,6,['コウ'],[],17
冓,1,['コウ'],"['かま（える）', 'く（む）']",10
構,6,['コウ'],"['かま（う）', 'かま（える）']",14
鉱,6,['コウ'],['あらがね'],13
耕,6,['コウ'],['たがや（す）'],10
耒,-1,['ライ'],['すき'],6
厚,6,['コウ'],['あつ（い）'],9
㫗,-1,,,-1
興,6,"['キョウ', 'コウ']","['おこ（す）', 'おこ（る）']",16
⺽,-1,,,-1
混,6,['コン'],"['こ（む）', 'ま（ざる）', 'ま（じる）', 'ま（ぜる）']",11
昆,2,['コン'],['あに'],8
査,6,['サ'],['しら（べる）'],9
災,6,['サイ'],['わざわ（い）'],7
巛,-1,['セン'],['かわ'],3
採,6,['サイ'],['と（る）'],11
妻,6,"['サイ', 'セイ']","['つま', 'めあ（わす）']",8
際,6,['サイ'],"['きわ', 'あい', 'まじ（わる）']",14
再,6,"['サ', 'サイ']",['ふたた（び）'],6
冉,1,"['ゼン', 'ネン']",['しな（やか）'],5
在,6,['ザイ'],"['あ（る）', 'いま（す）', 'ましま（す）']",6
罪,6,['ザイ'],['つみ'],13
財,6,"['ザイ', 'サイ']",['たから'],10
雑,6,"['ザツ', 'ゾウ']","['ま（じる）', 'ま（ぜる）']",14
杂,-1,,,-1
賛,6,['サン'],"['たす（ける）', 'たた（える）', 'ほ（める）']",15
㚘,-1,,,-1
酸,6,['サン'],"['す（い）', 'す', 'つら（い）']",14
夋,-1,,,-1
資,6,['シ'],"['たから', 'たす（ける）', 'たち', 'もと']",13
師,6,['シ'],"['いくさ', 'みやこ']",10
帀,1,['ソウ'],['めぐ（る）'],4
志,6,['シ'],"['こころざし', 'こころざ（す）', 'しる（す）']",7
飼,6,['シ'],"['か（う）', 'やしな（う）']",13
枝,6,['シ'],['えだ'],8
似,6,"['ジ', 'シ']","['に（る）', 'ごと（し）']",7
識,6,"['シキ', 'シ', 'ショク']","['し（る）', 'しる（す）']",19
戠,-1,"['シ', 'ショク']",[],13
質,6,"['シツ', 'シチ', 'チ', 'シ']","['ただ（す）', 'たち', 'もと']",15
斦,-1,"['キン', 'シツ']",[],8
謝,6,['シャ'],"['あやま（る）', 'ことわ（る）', 'さ（る）']",17
射,5,"['シャ', 'エキ', 'セキ', 'ヤ']","['い（る）', 'あ（てる）', 'う（つ）', 'さ（す）']",10
舎,6,"['シャ', 'セキ']","['いえ', 'お（く）', 'やど', 'やど（る）']",8
授,6,['ジュ'],"['さず（かる）', 'さず（ける）']",11
修,6,"['シュウ', 'シュ']","['おさ（まる）', 'おさ（める）', 'かざ（る）', 'なが（い）']",10
㣊,-1,,,-1
述,6,['ジュツ'],['の（べる）'],8
朮,1,"['シュツ', 'ジュツ', 'チュツ']","['うけら', 'おけら', 'もちあわ']",5
術,6,"['ジュツ', 'シュツ', 'スイ']","['すべ', 'わざ']",11
準,6,"['ジュン', 'シュン', 'セツ']","['なぞら（える）', 'みずもり']",13
淮,-1,"['エ', 'カイ', 'ワイ']",[],11
序,6,['ジョ'],"['つい（で）', 'はしがき', 'まなびや']",7
証,6,['ショウ'],"['あかし', 'あか（し）', 'あか（す）']",12
承,5,['ショウ'],"['うけたまわ（る）', 'う（ける）']",8
招,6,['ショウ'],['まね（く）'],8
常,6,['ジョウ'],"['つね', 'とこ']",11
吊,1,['チョウ'],"['つ（る）', 'つる（す）']",6
状,6,['ジョウ'],"['かきつけ', 'かたち']",7
丬,-1,,,-1
条,6,['ジョウ'],"['えだ', 'すじ']",7
情,6,"['ジョウ', 'セイ']","['なさ（け）', 'おもむき', 'こころ']",11
職,6,"['ショク', 'シキ', 'トク']","['つかさ', 'つかさど（る）', 'つと（め）']",18
織,6,"['シキ', 'ショク', 'シ']",['お（る）'],18
製,6,['セイ'],['つく（る）'],14
制,6,['セイ'],['おさ（える）'],8
精,6,"['セイ', 'ショウ']","['くわ（しい）', 'しら（げる）', 'もののけ']",14
性,6,"['セイ', 'ショウ']","['さが', 'たち']",8
政,6,"['セイ', 'ショウ']",['まつりごと'],9
勢,6,"['セイ', 'セ']",['いきお（い）'],13
税,6,"['ゼイ', 'セイ']",['みつぎ'],12
績,6,['セキ'],"['いさお', 'う（む）', 'つむ（ぐ）']",17
設,6,"['セツ', 'セチ']","['もう（ける）', 'しつら（える）', 'たと（い）', 'も（し）']",11
接,6,"['セツ', 'ショウ']","['つ（ぐ）', 'は（ぐ）', 'まじ（わる）', 'もてな（す）']",11
妾,1,['ショウ'],"['めかけ', 'わらわ']",8
絶,6,"['ゼツ', 'ゼチ', 'セツ']","['た（える）', 'た（つ）', 'た（やす）', 'はなは（だ）', 'わた（る）']",12
銭,5,"['セン', 'ゼン']","['ぜに', 'すき']",14
祖,6,['ソ'],"['おや', 'じじ', 'はじ（め）']",9
素,6,"['ソ', 'ス']","['しろ（い）', 'もと', 'もと（より）']",10
総,6,['ソウ'],"['すべ（て）', 'す（べる）', 'ふさ']",14
忩,-1,['ソウ'],"['あわ（てる）', 'いそ（ぐ）']",8
増,6,"['ゾウ', 'ソウ']","['ふ（える）', 'ふ（やす）', 'ま（す）']",14
曽,2,"['ゾ', 'ソウ', 'ソ', 'ゾウ']","['かさ（なる）', 'かつ（て）', 'すなわ（ち）', 'ま（す）']",11
像,6,"['ゾウ', 'ショウ']","['かたち', 'かたど（る）']",14
造,6,['ゾウ'],"['つく（る）', 'いた（る）', 'な（る）', 'はじ（める）', 'みやつこ']",10
測,6,['ソク'],['はか（る）'],12
属,6,"['ゾク', 'ショク']","['つ（く）', 'やから']",12
禹,1,['ウ'],[],9
損,6,['ソン'],"['そこ（なう）', 'そこ（ねる）', 'へ（る）']",13
貸,6,['タイ'],['か（す）'],12
退,5,['タイ'],"['しりぞ（く）', 'しりぞ（ける）', 'しさ（る）', 'すさ（る）', 'の（く）', 'の（ける）', 'ひ（く）']",9
態,6,"['タイ', 'テイ']","['さま', 'わざ（と）']",14
能,6,"['ノウ', 'ダイ', 'ドウ']","['あた（う）', 'はたら（き）', 'よ（く）', 'よ（くする）']",10
団,6,"['ダン', 'トン', 'タン']","['かたまり', 'まる（い）']",6
断,6,"['ダン', 'タン']","['ことわ（る）', 'た（つ）', 'さだ（める）']",11
築,6,['チク'],"['きず（く）', 'つ（く）']",16
筑,1,"['チク', 'ツク']",[],12
張,6,['チョウ'],['は（る）'],11
程,6,['テイ'],"['ほど', 'のり']",12
呈,2,['テイ'],['しめ（す）'],7
提,6,"['テイ', 'ダイ', 'チョウ']","['さ（げる）', 'ひさげ', 'ひっさ（げる）']",12
敵,5,['テキ'],"['かたき', 'あだ', 'かな（う）']",15
啇,-1,,,-1
適,6,"['テキ', 'セキ', 'タク']","['かな（う）', 'たまたま', 'ゆ（く）']",14
統,6,['トウ'],"['す（べる）', 'おさ（める）', 'すじ']",12
充,2,"['ジュウ', 'シュウ']","['あ（てる）', 'み（たす）', 'み（ちる）', 'み（つ）']",6
銅,6,['ドウ'],['あかがね'],14
導,6,['ドウ'],"['みちび（く）', 'しるべ']",15
徳,7,['トク'],[],14
独,6,"['ドク', 'トク']",['ひと（り）'],9
犭,-1,,,-1
任,6,"['ニン', 'ジン']","['まか（す）', 'まか（せる）']",6
壬,1,"['ジン', 'ニン']",['みずのえ'],4
燃,6,"['ネン', 'ゼン']","['も（える）', 'も（す）', 'も（やす）']",16
䏍,-1,,,-1
破,6,['ハ'],"['やぶ（る）', 'やぶ（れる）', 'わ（れる）']",10
犯,6,"['ハン', 'ボン']",['おか（す）'],5
㔾,-1,,,-1
版,6,['ハン'],"['いた', 'ふだ']",8
片,5,['ヘン'],"['かた', 'きれ', 'ひら', 'ペンス']",4
判,6,"['ハン', 'バン', 'ホウ']","['わか（る）', 'わ（ける）']",7
肥,6,['ヒ'],"['こえ', 'こ（える）', 'こ（やし）', 'こ（やす）', 'ふと（る）']",8
比,6,"['ヒ', 'ビ']","['くら（べる）', 'ころ', 'たぐい', 'なら（ぶ）']",4
備,6,"['ビ', 'ヒ']","['そな（える）', 'そな（わる）', 'つぶさ（に）']",12
俵,5,['ヒョウ'],['たわら'],10
評,6,"['ヒョウ', 'ヘイ']","['あげつら（う）', 'はか（る）']",12
貧,6,"['ビン', 'ヒン']",['まず（しい）'],11
富,7,"['フ', 'フウ']","['とみ', 'と（む）']",12
婦,6,['フ'],['おんな'],11
武,6,"['ブ', 'ム']","['たけ（し）', 'もののふ']",8
復,6,['フク'],"['かえ（す）', 'かえ（る）', 'ふたた（び）', 'また']",12
复,-1,,,-1
複,6,['フク'],['かさ（ねる）'],14
仏,6,"['ブツ', 'フツ']",['ほとけ'],4
編,6,['ヘン'],"['あ（む）', 'とじいと', 'ふみ']",15
扁,1,['ヘン'],"['ひら（たい）', 'ふだ']",9
弁,6,['ベン'],"['はなびら', 'かた（る）', 'と（く）', 'わきま（える）', 'わ（ける）', 'かんむり']",5
保,6,"['ホ', 'ホウ']","['たも（つ）', 'も（つ）', 'やす（んじる）']",9
呆,1,"['タイ', 'ホウ', 'ボウ']","['あき（れる）', 'おろ（か）']",7
墓,6,['ボ'],['はか'],13
莫,1,"['バク', 'ボ', 'マク', 'モ']","['く（れ）', 'さび（しい）', 'な（い）', 'なかれ']",10
豊,6,['ホウ'],"['ゆた（か）', 'とよ']",13
報,6,['ホウ'],"['むく（いる）', 'しら（せる）']",12
防,6,"['ボウ', 'ホウ']","['ふせ（ぐ）', 'まも（る）']",7
暴,6,"['ボウ', 'バク']","['あば（れる）', 'あば（く）', 'あら（い）', 'あら（わす）', 'さら（す）', 'にわ（か）']",15
㳟,-1,,,-1
夢,6,"['ム', 'ボウ']",['ゆめ'],13
務,6,"['ム', 'ブ']","['つと（まる）', 'つと（める）', 'あなど（り）', 'あなど（る）', 'つと（め）']",11
矛,4,"['ム', 'ボウ']",['ほこ'],5
务,-1,,,-1
迷,6,['メイ'],"['まよ（う）', 'まど（う）']",9
綿,6,"['メン', 'ベン']","['わた', 'つら（なる）']",14
帛,1,['ハク'],"['きぬ', 'しろぎぬ', 'ぬさ']",8
輸,6,"['ユ', 'シュ']","['いた（す）', 'うつ（す）', 'おく（る）', 'ま（ける）']",16
兪,1,['ユ'],"['いよいよ', 'しか（り）']",9
余,6,['ヨ'],"['あま（す）', 'あま（る）', 'ほか', 'われ']",7
預,5,['ヨ'],"['あず（かる）', 'あず（ける）', 'あらかじ（め）']",13
容,6,['ヨウ'],"['い（れる）', 'かたち', 'ゆる（す）']",10
率,6,"['リツ', 'ソツ', 'シュツ', 'スイ']","['ひき（いる）', 'おおむ（ね）', 'かしら', 'したが（う）', 'わりあい']",11
玄,4,['ゲン'],"['くろ', 'くろ（い）']",5
略,6,['リャク'],"['おか（す）', 'おさ（める）', 'はかりごと', 'はか（る）', 'はぶ（く）', 'ほぼ']",11
留,6,"['リュウ', 'ル']","['と（まる）', 'と（める）', 'とど（まる）', 'とど（める）']",10
領,6,['リョウ'],"['うなじ', 'えり', 'う（ける）', 'おさ（める）', 'かしら', 'かなめ']",14
異,5,['イ'],"['こと', 'あや（しい）']",11
遺,5,"['イ', 'ユイ']","['す（てる）', 'のこ（す）', 'のこ（る）', 'わす（れる）']",15
貴,5,['キ'],"['たっと（い）', 'たっと（ぶ）', 'とうと（い）', 'とうと（ぶ）', 'たか（い）']",12
域,5,"['イキ', 'ヨク']","['さかい', 'ところ']",11
或,1,['ワク'],"['あ（る）', 'ある（いは）']",8
宇,5,['ウ'],"['いえ', 'のき']",6
于,1,"['ウ', 'ク']","['ああ', 'ここ（に）', 'ゆ（く）']",3
映,5,['エイ'],"['うつ（す）', 'うつ（る）', 'は（える）', 'は（やす）']",9
沿,5,['エン'],"['そ（う）', 'ふち']",8
延,5,['エン'],"['の（ばす）', 'の（びる）', 'の（べる）', 'は（え）', 'ひ（く）']",8
閣,5,['カク'],"['たかどの', 'たな']",14
革,5,"['カク', 'キョク']","['かわ', 'あらた（まる）', 'あらた（める）']",9
拡,5,['カク'],"['ひろ（がる）', 'ひろ（げる）']",8
割,5,['カツ'],"['わり', 'わ（る）', 'わ（れる）', 'さ（く）']",12
株,5,['シュ'],['かぶ'],10
朱,4,"['シュ', 'ス']","['あか', 'あか（い）', 'あけ']",6
簡,5,"['カン', 'ケン']","['えら（ぶ）', 'ふだ']",18
間,-1,,,-1
看,5,['カン'],['み（る）'],9
龵,-1,,,-1
巻,5,"['カン', 'ケン']","['まき', 'ま（く）']",9
危,5,['キ'],"['あぶ（ない）', 'あや（うい）', 'あや（ぶむ）', 'あや（める）', 'たか（い）']",6
厃,-1,,,-1
揮,5,['キ'],['ふる（う）'],12
机,5,['キ'],['つくえ'],6
疑,5,['ギ'],"['うたが（う）', 'うたぐ（る）']",14
疋,1,"['ショ', 'ソ', 'ヒツ']","['あし', 'ひき']",5
吸,5,['キュウ'],['す（う）'],6
郷,5,"['キョウ', 'ゴウ']",['さと'],11
乡,-1,,,-1
胸,5,['キョウ'],"['むね', 'むな', 'こころ']",10
匈,1,['キョウ'],"['むね', 'わる（い）']",6
供,5,"['キョウ', 'ク']","['そな（える）', 'とも']",8
筋,5,['キン'],['すじ'],12
肋,1,['ロク'],['あばら'],6
勤,5,"['キン', 'ゴン']","['つと（まる）', 'つと（める）', 'いそ（しむ）', 'つと（め）']",12
敬,5,"['ケイ', 'キョウ']","['うやま（う）', 'つつし（む）']",12
苟,1,['コウ'],"['いやしく（も）', 'かりそめ', 'まこと（に）']",8
警,5,"['ケイ', 'キョウ']",['いまし（める）'],19
劇,5,['ゲキ'],['はげ（しい）'],15
豦,-1,['キョ'],[],13
激,5,['ゲキ'],"['はげ（しい）', 'はげ（ます）']",16
敫,-1,"['キョウ', 'ヤク']",[],13
絹,5,['ケン'],['きぬ'],13
肙,-1,,,-1
憲,5,['ケン'],"['のっと（る）', 'のり']",16
権,5,"['ケン', 'ゴン']","['いきお（い）', 'おもり', 'かり', 'はか（る）']",15
厳,5,"['ゲン', 'ゴン']","['きび（しい）', 'おごそ（か）', 'いか（つい）', 'いかめ（しい）']",17
敢,3,['カン'],['あ（えて）'],12
源,5,['ゲン'],['みなもと'],13
呼,5,['コ'],['よ（ぶ）'],8
乎,1,['コ'],"['か', 'かな', 'や', 'を']",5
誤,5,['ゴ'],"['あやま（る）', 'まど（わす）']",14
呉,2,['ゴ'],"['くれ', 'く（れる）']",7
皇,5,"['オウ', 'コウ']","['きみ', 'すめらぎ']",9
后,5,"['コウ', 'ゴ']","['きさき', 'きみ', 'のち']",6
⺁,-1,,,-1
紅,5,"['コウ', 'ク', 'グ']","['べに', 'くれない', 'あか（い）', 'もみ']",9
鋼,5,['コウ'],['はがね'],16
岡,7,['コウ'],['おか'],8
降,5,"['コウ', 'ゴウ']","['お（りる）', 'お（ろす）', 'ふ（る）', 'くだ（す）', 'くだ（る）']",10
夅,-1,"['コウ', 'ゴウ']","['お（りる）', 'お（ろす）', 'ふ（る）', 'くだ（す）', 'くだ（る）']",7
穀,5,['コク'],[],14
刻,5,['コク'],"['きざ（む）', 'とき']",8
亥,1,"['カイ', 'ガイ']",['い'],6
骨,5,['コツ'],['ほね'],10
冎,-1,,,-1
困,5,['コン'],"['こま（る）', 'くる（しむ）']",7
砂,5,"['サ', 'シャ']","['すな', 'いさご']",9
座,5,['ザ'],"['すわ（る）', 'いま（す）']",10
坐,1,['ザ'],"['いなが（ら）', 'いま（す）', 'おわ（す）', 'すわ（る）', 'そぞろ（に）', 'ましま（す）']",7
済,5,"['サイ', 'セイ']","['す（ます）', 'す（む）', 'すく（う）', 'な（す）', 'わた（す）', 'わた（る）']",11
斉,2,"['セイ', 'サイ', 'シ']","['ととの（える）', 'ひと（しい）', 'ものいみ']",8
裁,5,['サイ'],"['さば（く）', 'た（つ）']",12
策,5,['サク'],"['つえ', 'はかりごと', 'ふだ', 'むち']",12
朿,1,['シ'],['とげ'],6
冊,5,"['サツ', 'サク']","['た（てる）', 'ふみ']",5
蚕,5,"['サン', 'テン']","['かいこ', 'こ']",10
誌,5,['シ'],['しる（す）'],14
視,5,['シ'],['み（る）'],11
私,5,['シ'],"['わたくし', 'わたし', 'ひそ（か）']",7
詞,5,['シ'],['ことば'],12
姿,5,['シ'],['すがた'],9
磁,5,"['ジ', 'シ']",['やきもの'],14
兹,-1,"['シ', 'ジ']","['ここ', 'ここ（に）', 'しげ（る）', 'とし', 'ま（す）', 'ますます']",9
捨,5,['シャ'],"['す（てる）', 'ほどこ（す）']",11
若,5,"['ジャク', 'ニャク', 'ジャ', 'ニャ']","['わか（い）', 'も（しくは）', 'ごと（し）', 'し（く）', 'なんじ', 'も（し）']",8
樹,5,['ジュ'],"['う（える）', 'き', 'た（てる）']",16
尌,-1,,,-1
宗,5,"['シュウ', 'ソウ']",['むね'],8
収,5,['シュウ'],"['おさ（まる）', 'おさ（める）']",4
丩,-1,['キュウ'],[],2
衆,5,"['シュウ', 'シュ']",['おお（い）'],12
乑,-1,"['ギン', 'ハン', 'シュウ']",[],6
就,5,"['シュウ', 'ジュ']","['つ（く）', 'つ（ける）', 'な（す）', 'な（る）']",12
尤,1,['ユウ'],"['すぐ（れる）', 'とが（める）', 'もっと（も）']",4
従,5,"['ジュウ', 'ジュ', 'ショウ']","['したが（う）', 'したが（える）']",10
縦,5,"['ジュウ', 'ショウ']","['たて', 'はな（つ）', 'ほしいまま', 'ゆる（す）', 'ゆる（める）', 'よし（んば）']",16
縮,5,['シュク'],"['ちぢ（まる）', 'ちぢ（む）', 'ちぢ（める）', 'ちぢ（らす）', 'ちぢ（れる）']",17
熟,5,['ジュク'],"['う（れる）', 'う（む）', 'こな（す）', 'こな（れる）', 'つくづく', 'つらつら', 'な（れる）', 'に（える）', 'に（る）']",15
孰,1,['ジュク'],"['いず（れ）', 'たれ', 'つまび（らか）']",11
純,5,"['ジュン', 'トン']",['きいと'],10
屯,2,"['トン', 'チュン']","['たむろ', 'なや（む）']",4
署,5,['ショ'],"['しる（す）', 'やくわり']",13
処,5,"['ショ', 'ソ']","['お（く）', 'お（る）', 'ところ']",5
諸,5,['ショ'],"['もろ', 'もろもろ']",15
除,5,"['ジョ', 'ジ']","['のぞ（く）', 'つ（きる）', 'の（ける）', 'はら（う）', 'よ（ける）']",10
傷,5,['ショウ'],"['きず', 'いた（む）', 'いた（める）', 'そこ（なう）']",13
障,5,['ショウ'],"['さわ（る）', 'ふせ（ぐ）', 'へだ（てる）']",14
将,5,['ショウ'],"['はた', 'ひき（いる）', 'まさ（に）']",10
寽,-1,,,-1
城,7,"['ジョウ', 'セイ']","['しろ', 'き']",9
蒸,5,['ジョウ'],"['む（す）', 'む（らす）', 'む（れる）', 'おお（い）', 'ふ（かす）', 'ふ（ける）']",13
烝,1,"['ショウ', 'ジョウ']","['すす（める）', 'まつ（り）', 'む（す）', 'もろもろ']",10
針,5,['シン'],['はり'],10
仁,5,"['ジン', 'ニ', 'ニン']",[],4
推,5,['スイ'],['お（す）'],11
垂,5,['スイ'],"['た（らす）', 'た（れる）', 'しだ（れる）', 'しで', 'なんなん（とする）']",8
誠,5,"['セイ', 'ジョウ']",['まこと'],13
聖,5,"['セイ', 'ショウ']",['ひじり'],13
盛,5,"['セイ', 'ジョウ']","['も（る）', 'さか（る）', 'さか（ん）']",11
専,5,['セン'],"['もっぱ（ら）', 'ほしいまま']",9
宣,5,['セン'],"['のたま（う）', 'の（べる）']",9
亘,1,"['コウ', 'セン']",['わた（る）'],6
染,5,"['セン', 'ゼン']","['そ（まる）', 'そ（める）', 'し（み）', 'し（みる）']",9
氿,-1,,,-1
洗,5,"['セン', 'セイ']",['あら（う）'],9
善,5,"['ゼン', 'セン']",['よ（い）'],12
層,5,['ソウ'],['かさ（なる）'],14
装,5,"['ソウ', 'ショウ']","['よそお（う）', 'よそ（う）']",12
壮,2,['ソウ'],['さか（ん）'],6
奏,5,['ソウ'],"['かな（でる）', 'すす（める）']",9
操,5,['ソウ'],"['あやつ（る）', 'みさお', 'と（る）']",16
喿,-1,,,-1
創,5,['ソウ'],"['つく（る）', 'きず', 'はじ（める）']",12
窓,5,['ソウ'],['まど'],11
蔵,5,"['ゾウ', 'ソウ']","['くら', 'おさ（める）', 'かく（れる）']",15
臓,5,"['ゾウ', 'ソウ']",['はらわた'],19
尊,5,['ソン'],"['たっと（い）', 'たっと（ぶ）', 'とうと（い）', 'とうと（ぶ）', 'みこと']",12
酋,1,['シュウ'],"['おさ', 'かしら']",9
存,5,"['ソン', 'ゾン']","['あ（る）', 'たも（つ）', 'と（う）', 'ながら（える）']",6
宅,5,['タク'],"['いえ', 'やけ']",6
乇,-1,['タク'],[],3
探,5,['タン'],"['さが（す）', 'さぐ（る）']",11
担,5,"['タン', 'ケツ']","['かつ（ぐ）', 'にな（う）']",8
誕,5,['タン'],"['いつわ（る）', 'う（まれる）', 'ほしいまま']",15
暖,5,"['ダン', 'ノン']","['あたた（か）', 'あたた（かい）', 'あたた（まる）', 'あたた（める）']",13
爰,1,['エン'],"['か（える）', 'ここ（に）']",9
段,5,"['ダン', 'タン']",['きざはし'],9
値,5,"['チ', 'チョク']","['ね', 'あたい', 'あ（う）']",10
宙,5,['チュウ'],['そら'],8
忠,5,['チュウ'],['まごころ'],8
著,5,"['チョ', 'ジャク', 'チャク']","['あらわ（す）', 'いちじる（しい）', 'き（る）', 'つ（く）']",11
潮,5,['チョウ'],"['しお', 'うしお']",15
頂,5,"['チョウ', 'テイ']","['いただき', 'いただ（く）']",11
庁,5,"['チョウ', 'テイ']",[],5
賃,5,"['チン', 'ジン']",['やと（う）'],13
痛,5,"['ツウ', 'トウ']","['いた（い）', 'いた（む）', 'いた（める）', 'いた（わしい）', 'や（める）']",12
展,5,['テン'],"['つら（ねる）', 'の（べる）', 'ひろ（げる）']",10
党,5,['トウ'],"['なかま', 'むら']",10
討,5,['トウ'],"['う（つ）', 'たず（ねる）']",10
糖,5,['トウ'],['あめ'],16
唐,4,['トウ'],"['から', 'もろこし']",10
届,5,['カイ'],"['とど（く）', 'とど（ける）']",8
難,5,"['ナン', 'ダ', 'ダン', 'ナ']","['むずか（しい）', 'かた（い）', 'にく（い）', 'むつか（しい）']",18
乳,5,"['ニュウ', 'ジュ', 'ニュ']","['ちち', 'ち']",8
孚,1,['フ'],"['かえ（す）', 'はぐく（む）', 'まこと']",7
認,5,"['ニン', 'ジン']","['みと（める）', 'したた（める）']",14
忍,2,"['ニン', 'ジン']","['しの（ばせる）', 'しの（ぶ）', 'むご（い）']",7
脳,5,"['ノウ', 'ドウ']",[],11
凶,4,['キョウ'],"['おそ（れる）', 'わざわ（い）', 'わる（い）']",4
納,5,"['ノウ', 'トウ', 'ナッ', 'ナ', 'ナン']","['おさ（まる）', 'おさ（める）', 'い（れる）']",10
派,5,"['ハ', 'ハイ']","['つか（わす）', 'わ（かれる）']",9
肺,5,['ハイ'],[],9
背,5,['ハイ'],"['せ', 'せい', 'そむ（く）', 'そむ（ける）', 'うしろ']",9
俳,5,['ハイ'],"['たわむ（れ）', 'わざおぎ']",10
拝,5,['ハイ'],['おが（む）'],8
班,5,['ハン'],"['かえ（す）', 'わ（ける）']",10
晩,5,['バン'],"['おそ（い）', 'く（れ）']",12
否,5,"['ヒ', 'フ']","['いな', 'いや', 'わる（い）']",7
秘,5,['ヒ'],"['ひ（める）', 'かく（す）', 'ひそ（か）']",10
批,5,['ヒ'],"['う（つ）', 'ただ（す）']",7
腹,5,['フク'],"['はら', 'こころ']",13
奮,5,['フン'],['ふる（う）'],16
奞,-1,,,-1
陛,5,['ヘイ'],['きざはし'],10
坒,-1,,,-1
並,5,['ヘイ'],"['なみ', 'なら（びに）', 'なら（ぶ）', 'なら（べる）']",8
閉,5,['ヘイ'],"['し（まる）', 'し（める）', 'と（じる）', 'と（ざす）', 'た（てる）']",11
補,5,"['ホ', 'フ']","['おぎな（う）', 'たす（ける）']",12
甫,1,"['フ', 'ホ']","['おお（きい）', 'はじ（め）']",7
暮,5,['ボ'],"['く（らす）', 'く（れる）']",14
訪,5,['ホウ'],"['たず（ねる）', 'おとず（れる）', 'おとな（う）', 'と（う）']",11
宝,5,['ホウ'],['たから'],8
棒,5,"['ボウ', 'ホウ']",[],12
奉,3,"['ブ', 'ホウ']","['たてまつ（る）', 'うけたまわ（る）', 'まつ（る）']",8
忘,5,"['ボウ', 'モウ']",['わす（れる）'],7
枚,5,"['マイ', 'バイ']",['ひら'],8
幕,5,"['バク', 'マク']",[],13
密,5,"['ミツ', 'ビツ']","['こま（かい）', 'ひそ（かに）']",11
宓,-1,,,-1
盟,5,['メイ'],['ちか（う）'],13
模,5,"['ボ', 'モ']","['かた', 'のっと（る）']",14
訳,5,"['ヤク', 'エキ']","['わけ', 'と（く）']",11
優,5,"['ユウ', 'ウ']","['すぐ（れる）', 'やさ（しい）', 'まさ（る）', 'やわ（らぐ）', 'ゆた（か）', 'わざおぎ']",17
憂,3,['ユウ'],"['うれ（い）', 'うれ（える）', 'う（い）']",15
郵,5,['ユウ'],['しゅくば'],11
幼,5,"['ヨウ', 'ユウ']","['おさな（い）', 'いとけな（い）']",5
翌,5,['ヨク'],[],11
欲,5,['ヨク'],"['ほ（しい）', 'ほっ（する）']",11
卵,5,['ラン'],['たまご'],7
卪,-1,,,-1
乱,5,"['ラン', 'ロン']","['みだ（す）', 'みだ（れる）', 'みだ（りに）']",7
覧,5,['ラン'],['み（る）'],17
裏,5,['リ'],"['うら', 'うち']",13
律,5,"['リツ', 'リチ']","['のっと（る）', 'のり']",9
臨,5,['リン'],['のぞ（む）'],18
論,5,['ロン'],"['あげつら（う）', 'と（く）']",15
握,4,['アク'],['にぎ（る）'],12
扱,4,"['キュウ', 'ソウ']","['あつか（う）', 'こ（く）', 'しご（く）']",6
依,4,"['イ', 'エ']",['よ（る）'],8
威,4,['イ'],['おど（す）'],9
戌,1,['ジュツ'],['いぬ'],6
偉,4,['イ'],"['えら（い）', 'すぐ（れる）']",12
為,4,['イ'],"['す（る）', 'ため', 'つく（る）', 'な（す）', 'な（る）']",9
違,4,['イ'],"['ちが（う）', 'ちが（える）', 'か（い）', 'さ（る）', 'たが（う）', 'たが（える）', 'よこしま']",13
緯,4,['イ'],"['ぬき', 'よこいと']",16
維,4,['イ'],"['これ', 'つな（ぐ）']",14
壱,4,"['イチ', 'イツ']",['ひと（つ）'],7
芋,4,['ウ'],['いも'],6
隠,4,"['イン', 'オン']","['かく（す）', 'かく（れる）']",14
陰,4,"['イン', 'アン', 'オン']","['かげ', 'かげ（る）', 'くも（る）', 'くら（い）', 'ひそ（か）']",11
侌,-1,"['イン', 'アン', 'オン']","['かげ', 'かげ（る）', 'くも（る）', 'くら（い）', 'ひそ（か）']",8
鋭,4,['エイ'],"['するど（い）', 'はや（い）']",15
影,4,"['エイ', 'ヨウ']",['かげ'],15
越,4,"['エツ', 'オチ', 'オツ']","['こ（える）', 'こ（す）', 'こし']",12
戉,1,['エツ'],['まさかり'],5
援,4,['エン'],"['たす（ける）', 'ひ（く）']",12
縁,4,['エン'],"['ふち', 'えにし', 'へり', 'ゆかり', 'よすが', 'よ（る）']",15
煙,4,['エン'],"['けむ（い）', 'けむり', 'けむ（る）', 'けぶ（る）', 'けむ']",13
垔,-1,,,-1
鉛,4,['エン'],"['なまり', 'おしろい']",13
汚,4,['オ'],"['きたな（い）', 'よご（す）', 'よご（れる）', 'けが（す）', 'けが（らわしい）', 'けが（れる）']",6
亐,-1,"['ウ', 'ク']","['ああ', 'ここ（に）', 'ゆ（く）']",3
押,4,['オウ'],"['お（さえる）', 'お（す）']",8
奥,4,"['オウ', 'イク']","['おく', 'くま']",12
憶,4,['オク'],"['おぼ（える）', 'おも（う）']",16
菓,4,['カ'],['くだもの'],11
箇,4,"['カ', 'コ']",[],14
暇,4,['カ'],"['ひま', 'いとま']",13
叚,-1,,,-1
雅,4,"['ガ', 'ア']","['つね', 'みやび', 'みやび（やか）']",13
壊,4,"['カイ', 'エ']","['こわ（す）', 'こわ（れる）', 'やぶ（る）', 'やぶ（れる）']",16
較,4,"['カク', 'コウ']",['くら（べる）'],13
獲,4,['カク'],['え（る）'],16
刈,4,"['カイ', 'ガイ']",['か（る）'],4
甘,4,['カン'],"['あま（い）', 'あま（える）', 'あま（やかす）', 'うま（い）']",5
監,4,"['カン', 'ケン']","['かんがみ（る）', 'しら（べる）', 'み（る）']",15
汗,4,['カン'],['あせ'],6
歓,4,['カン'],['よろこ（ぶ）'],15
勧,4,"['カン', 'ケン']",['すす（める）'],13
乾,4,"['カン', 'ケン']","['かわ（かす）', 'かわ（く）', 'いぬい', 'ひ', 'ほ（す）']",11
乞,2,"['キ', 'キツ', 'コツ']",['こ（う）'],3
鑑,4,['カン'],"['かんが（みる）', 'かがみ']",23
環,4,['カン'],"['たまき', 'めぐ（る）', 'わ']",17
睘,-1,['ケイ'],[],13
含,4,"['ガン', 'カン', 'ゴン']","['ふく（む）', 'ふく（める）']",7
鬼,4,['キ'],['おに'],10
祈,4,['キ'],['いの（る）'],8
輝,4,['キ'],"['かがや（く）', 'て（る）']",15
儀,4,['ギ'],"['のり', 'よ（い）']",15
戯,4,"['ギ', 'ゲ']","['たわむ（れる）', 'ざ（れる）', 'たわ（ける）']",15
虚,3,"['キョ', 'コ']","['うつ（ける）', 'うつ（ろ）', 'うろ', 'むな（しい）']",11
詰,4,['キツ'],"['つ（まる）', 'つ（む）', 'つ（める）', 'なじ（る）']",13
脚,4,"['キャク', 'キャ', 'カク']",['あし'],11
却,4,['キャク'],"['かえ（って）', 'しりぞ（く）', 'しりぞ（ける）']",7
朽,4,['キュウ'],"['く（ちる）', 'すた（れる）']",6
拠,4,"['キョ', 'コ']","['よりどころ', 'よ（る）']",8
巨,4,"['キョ', 'コ']","['おお（い）', 'おお（きい）']",5
距,4,['キョ'],"['けづめ', 'ふせ（ぐ）', 'へだ（てる）']",12
御,4,"['ギョ', 'ゴ']","['おん', 'お', 'おさ（める）', 'み']",12
卸,3,['シャ'],"['おろし', 'おろ（す）']",9
驚,4,['キョウ'],"['おどろ（かす）', 'おどろ（く）']",22
恐,4,['キョウ'],"['おそ（れる）', 'おそ（ろしい）', 'こわ（い）']",10
巩,-1,,,-1
響,4,['キョウ'],"['ひび（く）', 'どよ（めく）']",20
叫,4,['キョウ'],['さけ（ぶ）'],6
狭,4,"['キョウ', 'コウ']","['せば（まる）', 'せば（める）', 'せま（い）', 'さ']",9
夹,-1,,,-1
狂,4,['キョウ'],"['くる（う）', 'くる（おしい）', 'ふ（れる）']",7
況,4,['キョウ'],"['ありさま', 'いわ（んや）']",8
仰,4,"['ギョウ', 'コウ', 'ゴウ']","['あお（ぐ）', 'おお（せ）', 'あおの（く）', 'の（く）']",6
卬,-1,,,-1
駆,4,['ク'],"['か（ける）', 'か（る）', 'お（う）']",14
屈,4,['クツ'],"['かが（む）', 'くぐ（まる）', 'こご（まる）']",8
掘,4,['クツ'],['ほ（る）'],11
繰,4,['ソウ'],['く（る）'],19
傾,4,['ケイ'],"['かたむ（く）', 'かたむ（ける）', 'かし（ぐ）', 'かた（げる）', 'くつがえ（る）']",13
頃,2,"['キ', 'キョウ', 'ケイ']","['ころ', 'かたあし', 'しばら（く）']",11
恵,4,"['エ', 'ケイ']",['めぐ（む）'],10
迎,4,"['ゲイ', 'ギョウ', 'ゴウ']",['むか（える）'],7
撃,4,"['ゲキ', 'ケキ']",['う（つ）'],15
軗,-1,,,-1
肩,4,['ケン'],['かた'],8
堅,4,['ケン'],['かた（い）'],12
臤,-1,"['カン', 'ケン']",[],9
遣,4,['ケン'],"['つか（う）', 'つか（わす）', 'や（る）']",13
兼,4,['ケン'],"['か（ねる）', 'あわ（せる）']",10
軒,4,['ケン'],"['のき', 'くるま', 'たか（い）', 'てすり', 'と（ぶ）']",10
圏,4,['ケン'],['かこ（い）'],12
剣,4,['ケン'],['つるぎ'],10
誇,4,['コ'],['ほこ（る）'],13
夸,1,"['カ', 'コ']","['おご（る）', 'ほこ（る）']",6
鼓,4,['コ'],['つづみ'],13
枯,4,['コ'],"['か（らす）', 'か（れる）', 'から（びる）']",9
継,4,['ケイ'],"['つ（ぐ）', 'まま']",13
互,4,['ゴ'],"['たが（い）', 'かたみ（に）']",4
彑,-1,['ケイ'],[],3
荒,4,['コウ'],"['あら（い）', 'あ（らす）', 'あ（れる）', 'すさ（ぶ）', 'すさ（む）']",9
巟,-1,['コウ'],[],6
抗,4,['コウ'],"['あらが（う）', 'こば（む）', 'はりあ（う）', 'ふせ（ぐ）']",7
攻,4,['コウ'],"['せ（める）', 'おさ（める）', 'みが（く）']",7
稿,4,['コウ'],"['したがき', 'わら']",15
香,7,"['コウ', 'キョウ']","['か', 'かお（り）', 'かお（る）', 'かぐわ（しい）', 'かんば（しい）']",9
恒,4,['コウ'],"['つね', 'つね（に）']",9
項,4,['コウ'],['うなじ'],12
豪,4,"['ゴウ', 'コウ']","['えら（い）', 'つよ（い）']",14
込,4,[],"['こ（む）', 'こ（める）']",5
婚,4,['コン'],[],11
昏,1,['コン'],"['くら（い）', 'くら（む）', 'く（れ）']",8
鎖,4,['サ'],"['くさり', 'さ（す）', 'とざ（す）']",18
歳,4,"['サイ', 'セイ']","['とし', 'とせ', 'よわい']",13
彩,4,['サイ'],"['いろど（る）', 'あや']",11
載,4,['サイ'],"['の（せる）', 'の（る）', 'しる（す）', 'とし']",13
剤,4,"['ザイ', 'スイ', 'セイ']",['ま（ぜる）'],10
咲,4,['ショウ'],"['さ（く）', 'わら（う）']",9
惨,4,"['サン', 'ザン']","['みじ（め）', 'いた（ましい）', 'いた（む）', 'むご（い）']",11
雌,4,['シ'],"['め', 'めす', 'めん']",14
此,1,['シ'],"['か（く）', 'ここ', 'こ（の）', 'これ']",6
伺,4,['シ'],['うかが（う）'],7
紫,4,['シ'],['むらさき'],12
刺,4,"['シ', 'セキ']","['さ（さる）', 'さ（す）', 'そし（る）', 'とげ', 'なふだ']",8
脂,4,['シ'],"['あぶら', 'べに', 'やに']",10
執,4,"['シツ', 'シュウ']","['と（る）', 'とら（える）']",11
芝,4,['シ'],['しば'],6
之,1,['シ'],"['これ', 'こ（の）', 'の', 'ゆ（く）']",3
煮,4,['シャ'],"['に（える）', 'に（やす）', 'に（る）']",12
斜,4,['シャ'],"['なな（め）', 'はす']",11
釈,4,"['シャク', 'セキ']","['お（く）', 'と（かす）', 'と（く）', 'ゆる（す）']",11
寂,4,"['ジャク', 'セキ']","['さび', 'さび（しい）', 'さび（れる）', 'さ（びる）', 'しず（か）']",11
叔,2,['シュク'],['わか（い）'],8
狩,4,['シュ'],"['か（り）', 'か（る）']",9
趣,4,"['シュ', 'ソク']","['おもむき', 'うなが（す）', 'おもむ（く）']",15
需,4,['ジュ'],['もと（める）'],14
而,1,['ジ'],"['しか（して）', 'しか（も）', 'しか（るに）', 'しか（れども）', 'なんじ']",6
秀,4,['シュウ'],['ひい（でる）'],7
乃,1,"['ダイ', 'ナイ']","['すなわ（ち）', 'なんじ', 'の']",2
襲,4,['シュウ'],"['おそ（う）', 'かさね', 'かさ（ねる）', 'つ（ぐ）']",22
龍,11,"['リュウ', 'リョウ', 'リン']",['たつ'],16
柔,4,"['ジュウ', 'ニュウ']","['やわ（らか）', 'やわ（らかい）', 'やさ（しい）', 'やわ（らげる）']",9
獣,4,['ジュウ'],"['けもの', 'けだもの', 'しし']",16
畄,-1,"['リュウ', 'ル']","['と（まる）', 'と（める）', 'とど（まる）', 'とど（める）']",8
瞬,4,['シュン'],"['またた（く）', 'しばた（く）', 'しばたた（く）', 'まじろ（ぐ）', 'まばた（く）']",18
舜,1,['シュン'],['むくげ'],13
巡,4,['ジュン'],"['めぐ（る）', 'まわ（る）']",6
旬,4,"['シュン', 'ジュン']",[],6
盾,4,['ジュン'],['たて'],9
紹,4,['ショウ'],['つ（ぐ）'],11
沼,4,['ショウ'],['ぬま'],8
詳,4,"['ショウ', 'ヨウ']","['くわ（しい）', 'つまび（らか）']",13
床,4,['ショウ'],"['とこ', 'ゆか']",7
称,4,['ショウ'],"['あ（げる）', 'かな（う）', 'たた（える）', 'とな（える）', 'はか（る）']",10
尓,-1,"['ジ', 'ニ']","['そ（の）', 'なんじ']",5
畳,4,"['ジョウ', 'チョウ']","['たたみ', 'たた（む）', 'かさ（なる）', 'かさ（ねる）']",12
冝,-1,,,-1
丈,4,['ジョウ'],['たけ'],3
飾,4,['ショク'],"['かざ（る）', 'かざ（り）']",13
殖,4,['ショク'],"['ふ（える）', 'ふ（やす）']",12
触,4,"['ショク', 'ソク']","['さわ（る）', 'ふ（れる）']",13
浸,4,['シン'],"['ひた（す）', 'ひた（る）', 'し（みる）', 'つ（かる）', 'つ（く）']",10
震,4,['シン'],"['ふる（う）', 'ふる（える）']",15
慎,4,['シン'],"['つつし（む）', 'つつま（しい）', 'つつま（しやか）']",13
侵,4,['シン'],"['おか（す）', 'みにく（い）']",9
寝,4,['シン'],"['ね（かす）', 'ね（る）', 'みたまや', 'みにく（い）', 'や（める）']",13
振,4,['シン'],"['ふ（る）', 'ふ（るう）', 'ふ（れる）', 'すく（う）']",10
薪,4,['シン'],"['たきぎ', 'まき']",16
陣,4,"['ジン', 'チン']",['じんだて'],10
尽,4,['ジン'],"['つ（かす）', 'つ（きる）', 'つ（くす）', 'ことごと（く）', 'すが（れる）']",6
尋,4,['ジン'],"['たず（ねる）', 'つね', 'ひろ']",12
吹,4,['スイ'],['ふ（く）'],7
征,4,['セイ'],"['う（つ）', 'と（る）', 'ゆ（く）']",8
姓,4,"['ショウ', 'セイ']",['かばね'],8
跡,4,"['セキ', 'シャク']","['あと', 'あとかた']",13
扇,4,['セン'],"['おうぎ', 'あお（ぐ）', 'おだ（てる）']",10
鮮,4,['セン'],"['あざ（やか）', 'あたら（しい）', 'すく（ない）']",17
訴,4,['ソ'],['うった（える）'],12
斥,3,['セキ'],"['うかが（う）', 'しりぞ（ける）']",5
燥,4,['ソウ'],"['かわ（く）', 'はしゃ（ぐ）']",17
騒,4,['ソウ'],"['さわ（ぐ）', 'うれ（い）', 'ざわ（つく）', 'ぞめ（く）']",18
僧,4,['ソウ'],[],13
贈,4,"['ソウ', 'ゾウ']",['おく（る）'],18
俗,4,['ゾク'],"['いや（しい）', 'なら（わし）']",9
耐,4,"['タイ', 'ダイ', 'ドウ', 'ナイ', 'ノウ']",['た（える）'],9
替,4,"['タイ', 'テイ']","['か（える）', 'か（わる）']",12
拓,4,"['タク', 'セキ']",['ひら（く）'],8
沢,4,['タク'],"['さわ', 'うるお（う）', 'つや']",7
濁,4,"['ダク', 'ジョク']","['にご（す）', 'にご（る）']",16
蜀,1,['ショク'],"['あおむし', 'いもむし', 'とうまる']",13
脱,4,"['ダツ', 'タイ', 'タツ']","['ぬ（ぐ）', 'ぬ（げる）']",11
丹,4,['タン'],"['あか', 'に', 'まごころ']",4
端,4,['タン'],"['はし', 'はた', 'は', 'ただ（しい）', 'はした', 'はじ（め）', 'はな']",14
耑,-1,"['セン', 'タン']",[],9
嘆,4,['タン'],"['なげ（かわしい）', 'なげ（く）']",13
淡,4,['タン'],"['あわ（い）', 'うす（い）']",11
弾,4,['ダン'],"['たま', 'はず（む）', 'ひ（く）', 'ただ（す）', 'はじ（く）', 'はじ（ける）', 'はず（み）']",12
恥,4,['チ'],"['はじ', 'は（じらう）', 'は（じる）', 'は（ずかしい）']",10
遅,4,['チ'],"['おく（らす）', 'おく（れる）', 'おそ（い）']",12
致,4,['チ'],['いた（す）'],10
蓄,4,['チク'],['たくわ（える）'],13
畜,3,"['チク', 'キク']","['か（う）', 'たくわ（える）', 'やしな（う）']",10
沖,7,['チュウ'],"['おき', 'と（ぶ）', 'むな（しい）']",7
跳,4,"['チョウ', 'トウ']","['と（ぶ）', 'は（ねる）', 'おど（る）']",13
徴,4,"['チョウ', 'チ']","['しるし', 'め（す）']",14
澄,4,['チョウ'],"['す（ます）', 'す（む）']",15
珍,4,['チン'],['めずら（しい）'],9
㐱,-1,,,-1
沈,4,"['チン', 'ジン']","['しず（む）', 'しず（める）']",7
冘,-1,,,-1
抵,4,"['テイ', 'シ']","['あ（たる）', 'う（つ）', 'ふ（れる）']",8
堤,4,['テイ'],['つつみ'],12
摘,4,['テキ'],"['つ（む）', 'つま（む）']",14
滴,4,['テキ'],"['しずく', 'したた（る）', 'た（れる）']",14
添,4,['テン'],"['そ（う）', 'そ（える）']",11
忝,1,['テン'],"['かたじけな（い）', 'はずかし（める）']",8
殿,4,"['テン', 'デン']","['との', 'どの', 'しんがり']",13
途,4,"['ト', 'ズ']",['みち'],10
吐,4,['ト'],"['は（く）', 'つ（く）', 'ぬ（かす）']",6
渡,4,['ト'],"['わた（す）', 'わた（る）']",12
怒,4,"['ド', 'ヌ']","['いか（る）', 'おこ（る）']",9
透,4,['トウ'],"['す（かす）', 'す（く）', 'す（ける）', 'とお（る）']",10
肀,-1,,,-1
桃,4,['トウ'],['もも'],10
盗,4,['トウ'],"['ぬす（む）', 'と（る）']",11
塔,4,['トウ'],[],12
荅,1,['トウ'],"['あずき', 'こた（える）']",9
到,4,['トウ'],['いた（る）'],8
倒,4,['トウ'],"['たお（す）', 'たお（れる）', 'こ（ける）', 'さかさま']",10
逃,4,['トウ'],"['に（がす）', 'に（げる）', 'のが（す）', 'のが（れる）']",9
踏,4,['トウ'],"['ふ（まえる）', 'ふ（む）']",15
沓,1,['トウ'],"['かさ（なる）', 'くつ', 'むさぼ（る）']",8
稲,4,['トウ'],"['いな', 'いね']",14
闘,4,['トウ'],"['たたか（う）', 'たたか（い）']",18
胴,4,"['ドウ', 'トウ']",[],10
峠,4,[],['とうげ'],9
突,4,['トツ'],['つ（く）'],8
鈍,4,"['ドン', 'トン']","['にぶ（い）', 'にぶ（る）', 'なま（る）', 'にび', 'のろ（い）']",12
曇,4,"['ドン', 'タン']",['くも（る）'],16
弐,4,"['ニ', 'ジ']","['ふた', 'ふた（つ）']",6
弍,1,"['ニ', 'ジ']","['うたが（う）', 'つ（ぐ）', 'なら（ぶ）', 'ふた', 'ふた（つ）']",5
悩,4,"['ノウ', 'ドウ']","['なや（ます）', 'なや（む）']",10
濃,4,"['ノウ', 'ジョウ']","['こ（い）', 'こま（やか）']",16
輩,4,['ハイ'],"['ともがら', 'やから']",15
杯,4,['ハイ'],['さかずき'],8
泊,4,['ハク'],"['と（まる）', 'と（める）']",8
拍,4,"['ハク', 'ヒョウ']",['う（つ）'],8
迫,4,['ハク'],"['せま（る）', 'せ（る）']",8
薄,4,['ハク'],"['うす（い）', 'うす（まる）', 'うす（める）', 'うす（らぐ）', 'うす（れる）', 'すすき', 'せま（る）']",16
溥,1,['フ'],"['あまね（し）', 'おお（きい）', 'し（く）', 'ひろ（い）']",13
爆,4,"['バク', 'ハク', 'ホウ']","['さ（ける）', 'は（ぜる）']",19
髪,4,"['ハツ', 'ホツ']",['かみ'],14
髟,-1,['ヒョウ'],[],10
抜,4,['バツ'],"['ぬ（かす）', 'ぬ（かる）', 'ぬ（く）', 'ぬ（ける）']",7
罰,4,"['バチ', 'バツ', 'ハツ']",[],14
䚯,-1,"['ケン', 'トウ']",[],9
繁,4,['ハン'],"['しげ（る）', 'わずら（わしい）']",16
敏,4,['ビン'],"['さと（い）', 'と（し）']",10
販,4,['ハン'],"['あきな（う）', 'ひさ（ぐ）']",11
搬,4,['ハン'],['はこ（ぶ）'],13
般,4,['ハン'],"['たぐい', 'めぐ（る）']",10
範,4,['ハン'],"['いがた', 'のり']",15
盤,4,"['バン', 'ハン']","['おおざら', 'ま（がる）', 'めぐ（る）', 'わだかま（る）']",15
被,4,['ヒ'],"['こうむ（る）', 'おお（う）', 'かず（ける）', 'かぶ（せる）', 'かぶ（る）']",10
疲,4,['ヒ'],"['つか（れる）', 'つか（らす）']",10
彼,4,['ヒ'],"['かの', 'かれ']",8
避,4,['ヒ'],"['さ（ける）', 'よ（ける）']",16
辟,1,"['ヒ', 'ヘキ']","['かたよ（る）', 'きみ', 'さ（ける）', 'ひら（く）', 'め（す）', 'よこしま']",13
尾,4,['ビ'],['お'],7
微,4,"['ビ', 'ミ']",['かす（か）'],13
匹,4,"['ヒツ', 'ヒキ']","['ひき', 'たぐ（う）']",4
描,4,['ビョウ'],"['えが（く）', 'か（く）']",11
苗,3,"['ビョウ', 'ミョウ']","['なえ', 'なわ', 'か（り）']",8
浜,4,"['ヒン', 'ヒョウ', 'ホウ']",['はま'],10
怖,4,['フ'],"['こわ（い）', 'お（じける）', 'おそ（れる）']",8
膚,4,['フ'],"['はだ', 'はだえ']",15
虍,-1,['コ'],[],6
浮,4,"['フ', 'ブ', 'フウ']","['う（かぶ）', 'う（かべる）', 'う（かれる）', 'う（く）']",10
腐,4,['フ'],"['くさ（らす）', 'くさ（る）', 'くさ（れる）', 'くさ（す）']",14
敷,4,['フ'],['し（く）'],15
旉,-1,['フ'],[],11
普,4,['フ'],['あまね（く）'],12
賦,4,['フ'],"['みつぎ', 'わか（つ）']",15
舞,4,"['ブ', 'ム']","['まい', 'ま（う）', 'もてあそ（ぶ）']",15
舛,1,['セン'],"['いりま（じる）', 'そむ（く）']",6
幅,4,['フク'],['はば'],12
払,4,"['フツ', 'ヒツ']",['はら（う）'],5
噴,4,"['フン', 'ホン']","['ふ（く）', 'は（く）']",15
賁,1,"['ヒ', 'フン', 'ホン']","['あや', 'かざ（り）', 'かざ（る）', 'つわもの']",12
柄,4,['ヘイ'],"['え', 'がら', 'いきお（い）', 'つか']",9
壁,4,['ヘキ'],"['かべ', 'がけ']",16
捕,4,"['ホ', 'ブ']","['つか（まえる）', 'つか（まる）', 'と（らえる）', 'と（らわれる）', 'と（る）']",10
舗,4,"['ホ', 'フ']","['し（く）', 'みせ']",15
峰,4,"['ホウ', 'フ']",['みね'],10
夆,-1,,,-1
抱,4,['ホウ'],"['いだ（く）', 'かか（える）', 'だ（く）']",8
砲,4,['ホウ'],"['おおづつ', 'つつ']",10
肪,4,"['ボウ', 'ホウ']",['あぶら'],8
坊,4,"['ボウ', 'ボッ', 'ホウ']","['へや', 'まち']",7
忙,4,"['ボウ', 'モウ']","['いそが（しい）', 'せわ（しい）']",6
冒,4,"['ボウ', 'ボク', 'モウ']","['おか（す）', 'おお（う）', 'ねた（む）', 'むさぼ（る）']",9
傍,4,"['ボウ', 'ホウ']","['かたわ（ら）', 'そ（う）', 'そば', 'はた', 'わき']",12
旁,1,"['ホウ', 'ボウ']","['あまね（し）', 'かたがた', 'かたわ（ら）', 'つくり', 'ひろ（い）', 'よ（る）']",10
帽,4,['ボウ'],[],12
凡,4,"['ボン', 'ハン']","['およ（そ）', 'すべ（て）', 'なみ']",3
盆,4,"['ボン', 'ホン']",['はち'],9
漫,4,"['マン', 'バン']","['そぞ（ろに）', 'みだ（りに）']",14
曼,1,"['バン', 'マン']","['うつく（しい）', 'なが（い）', 'ひ（く）', 'ひろ（い）']",11
慢,4,"['マン', 'バン']","['あなど（る）', 'おこた（る）', 'おご（る）']",14
妙,4,"['ミョウ', 'ビョウ']","['たえ', 'わか（い）']",7
眠,4,"['ミン', 'ベン']","['ねむ（い）', 'ねむ（る）']",10
霧,4,"['ム', 'ブ']",['きり'],19
娘,4,"['ジョウ', 'ニョウ']","['むすめ', 'こ']",10
茂,4,"['モ', 'ボウ']","['しげ（る）', 'すぐ（れる）']",8
網,4,"['モウ', 'ボウ']",['あみ'],14
罔,1,"['ボウ', 'モウ']","['あざむ（く）', 'あみ', 'くら（い）', 'し（いる）', 'な（い）']",8
猛,4,['モウ'],['たけ（し）'],11
孟,1,"['ボウ', 'マン', 'モウ']",['はじ（め）'],8
黙,4,"['モク', 'ボク']","['だま（る）', 'だんま（り）', 'もだ（す）']",15
紋,4,"['モン', 'ブン']",['あや'],10
躍,4,"['ヤク', 'テキ']",['おど（る）'],21
雄,4,['ユウ'],"['お', 'おす', 'おん', 'まさ（る）']",12
厷,-1,,,-1
誉,4,['ヨ'],"['ほま（れ）', 'ほ（める）']",13
腰,4,['ヨウ'],['こし'],13
溶,4,['ヨウ'],"['と（かす）', 'と（く）', 'と（ける）']",13
踊,4,['ヨウ'],"['おど（り）', 'おど（る）']",14
謡,4,['ヨウ'],"['うたい', 'うた（う）']",16
翼,4,['ヨク'],"['つばさ', 'たす（ける）']",17
雷,4,['ライ'],"['かみなり', 'いかずち']",13
頼,4,['ライ'],"['たの（む）', 'たの（もしい）', 'たよ（る）', 'たよ（り）']",16
絡,4,['ラク'],"['から（まる）', 'から（む）', 'から（める）', 'から（げる）', 'つな（ぐ）', 'まと（う）']",12
欄,4,['ラン'],"['おばしま', 'おり', 'てすり', 'わく']",20
䦨,-1,,,-1
離,4,"['リ', 'レイ']","['はな（す）', 'はな（れる）', 'かか（る）', 'か（る）', 'つ（く）', 'なら（ぶ）']",18
离,-1,"['チ', 'リ']",[],11
粒,4,['リュウ'],['つぶ'],11
慮,4,['リョ'],['おもんぱか（る）'],15
思,9,['シ'],"['おも（う）', 'おぼ（しい）']",9
療,4,['リョウ'],['い（やす）'],17
尞,-1,,,-1
隣,4,['リン'],"['となり', 'とな（る）']",16
粦,-1,,,-1
涙,4,['ルイ'],['なみだ'],10
戻,2,['レイ'],"['もど（す）', 'もど（る）', 'いた（る）', 'もと（る）']",7
隷,4,['レイ'],"['したが（う）', 'しもべ']",16
麗,4,"['レイ', 'リ']","['うるわ（しい）', 'うら（ら）', 'うら（らか）', 'つら（なる）', 'なら（ぶ）']",19
鹿,7,['ロク'],"['か', 'しか']",11
齢,4,['レイ'],"['とし', 'よわい']",17
暦,4,"['レキ', 'リャク']",['こよみ'],14
劣,4,['レツ'],"['おと（る）', 'いや（しい）']",6
烈,4,['レツ'],['はげ（しい）'],10
恋,4,['レン'],"['こい', 'こい（しい）', 'こ（う）']",10
露,4,"['ロ', 'ロウ']","['つゆ', 'あらわ', 'あらわ（す）', 'あらわ（れる）']",21
郎,4,['ロウ'],['おとこ'],9
朗,5,['ロウ'],"['ほが（らか）', 'あき（らか）', 'たか（らか）']",10
惑,4,['ワク'],['まど（う）'],12
腕,4,['ワン'],"['うで', 'かいな']",12
宛,2,['エン'],"['あ（てる）', 'あたか（も）', 'あて', 'さなが（ら）', 'ずつ']",8
哀,3,['アイ'],"['あわ（れ）', 'あわ（れむ）', 'かな（しい）', 'かな（しむ）']",9
慰,3,['イ'],"['なぐさ（む）', 'なぐさ（める）']",15
尉,2,"['イ', 'ウツ']",['じょう'],11
詠,3,['エイ'],"['よ（む）', 'うた（う）', 'なが（める）']",12
悦,3,['エツ'],['よろこ（ぶ）'],10
閲,3,['エツ'],"['けみ（する）', 'へ（る）']",15
宴,3,['エン'],"['うたげ', 'たの（しむ）']",10
妟,-1,,,-1
欧,3,['オウ'],['は（く）'],8
殴,3,['オウ'],"['なぐ（る）', 'う（つ）', 'たた（く）']",8
乙,3,"['オツ', 'イツ']","['おと', 'きのと']",1
穏,3,['オン'],"['おだ（やか）', 'やす（らか）']",16
架,3,['カ'],"['か（かる）', 'か（ける）', 'たな']",9
佳,3,['カ'],['よ（い）'],8
華,3,"['カ', 'ケ', 'ゲ']","['はな', 'しろ（い）']",10
嫁,3,['カ'],"['とつ（ぐ）', 'よめ']",13
餓,3,['ガ'],"['う（え）', 'う（える）']",15
怪,3,"['カイ', 'ケ']","['あや（しい）', 'あや（しむ）']",8
悔,3,"['カイ', 'ケ']","['く（いる）', 'くや（しい）', 'く（やむ）']",9
塊,3,['カイ'],"['かたまり', 'つちくれ']",13
概,3,"['ガイ', 'カイ']",['おおむ（ね）'],14
既,3,['キ'],['すで（に）'],10
慨,3,"['ガイ', 'カイ']","['いきどお（る）', 'なげ（く）']",13
該,3,"['ガイ', 'カイ']","['か（ねる）', 'そな（わる）', 'そ（の）']",13
穫,3,['カク'],"['か（る）', 'とりい（れる）']",18
隔,3,['カク'],"['へだ（たる）', 'へだ（てる）']",13
鬲,-1,"['カク', 'レキ']",['かなえ'],10
郭,3,['カク'],['くるわ'],11
享,2,['キョウ'],"['あ（たる）', 'う（ける）', 'すす（める）']",8
岳,3,['ガク'],['たけ'],8
掛,3,[],"['かかり', 'か（かる）', 'か（ける）']",11
挂,1,"['カイ', 'ケイ']",['か（ける）'],9
滑,3,"['カツ', 'コツ']","['すべ（る）', 'なめ（らか）', 'ぬめ（る）']",13
勘,3,['カン'],['かんが（える）'],11
甚,2,['ジン'],"['はなは（だ）', 'はなは（だしい）', 'いた（く）']",9
肝,3,['カン'],['きも'],7
毌,-1,,,-1
丅,-1,"['カ', 'ゲ']","['お（りる）', 'お（ろす）', 'くだ（さる）', 'くだ（す）', 'くだ（る）', 'さ（がる）', 'さ（げる）', 'した', 'しも', 'もと']",2
緩,3,['カン'],"['ゆる（い）', 'ゆる（む）', 'ゆる（める）', 'ゆる（やか）', 'ぬる（い）']",15
冠,3,['カン'],"['かんむり', 'かむ（る）']",9
㝴,-1,,,-1
換,3,['カン'],"['か（える）', 'か（わる）']",12
奐,1,['カン'],"['あき（らか）', 'おお（きい）']",9
喚,3,['カン'],"['さけ（ぶ）', 'よ（ぶ）', 'わめ（く）']",12
企,3,['キ'],"['くわだ（てる）', 'たくら（む）']",6
軌,3,['キ'],['わだち'],9
棄,3,['キ'],['す（てる）'],13
棋,3,"['キ', 'ゴ']",[],12
忌,3,['キ'],"['い（まわしい）', 'い（む）']",7
旡,-1,['キ'],['む（せる）'],4
岐,7,"['キ', 'ギ']","['ちまた', 'わか（れる）']",7
騎,3,['キ'],['の（る）'],18
犠,3,"['ギ', 'キ']",['いけにえ'],17
欺,3,"['ギ', 'キ']",['あざむ（く）'],12
菊,3,['キク'],[],11
匊,-1,,,-1
喫,3,['キツ'],"['く（う）', 'す（う）', 'の（む）']",12
契,3,"['ケイ', 'キツ', 'ケツ', 'セツ']","['ちぎ（る）', 'きざ（む）', 'ちぎ（り）', 'わりふ']",9
虐,3,['ギャク'],"['しいた（げる）', 'むご（い）']",9
脅,3,['キョウ'],"['おど（かす）', 'おど（す）', 'おびや（かす）', 'おび（える）']",10
峡,3,['キョウ'],['はざま'],9
凝,3,['ギョウ'],"['こ（らす）', 'こ（る）', 'こご（る）', 'しこ（り）']",16
緊,3,['キン'],"['かた（い）', 'きび（しい）', 'し（める）', 'ちぢ（む）']",15
愚,3,['グ'],['おろ（か）'],13
禺,1,"['グ', 'グウ']",['おながざる'],9
偶,3,['グウ'],"['たぐい', 'たまたま', 'ひとがた']",11
遇,3,"['グウ', 'グ']","['あ（う）', 'たまたま', 'もてな（す）']",12
啓,3,['ケイ'],"['ひら（く）', 'もう（す）']",11
鶏,3,['ケイ'],"['にわとり', 'とり']",19
携,3,['ケイ'],"['たずさ（える）', 'たずさ（わる）', 'はな（れる）']",13
隽,-1,"['シュン', 'セン']",['すぐ（れる）'],10
掲,3,['ケイ'],['かか（げる）'],11
匂,2,[],['にお（う）'],4
憩,3,['ケイ'],"['いこ（い）', 'いこ（う）']",16
㓞,-1,,,-1
鯨,3,"['ゲイ', 'ケイ']",['くじら'],19
賢,3,['ケン'],"['かしこ（い）', 'さか（しい）', 'まさ（る）']",16
倹,3,['ケン'],"['つづま（やか）', 'つま（しい）']",10
幻,3,['ゲン'],"['まぼろし', 'まど（わす）']",4
雇,3,['コ'],['やと（う）'],12
顧,3,['コ'],['かえり（みる）'],21
弧,3,['コ'],['きゆみ'],9
瓜,1,['カ'],['うり'],6
孤,3,['コ'],"['そむ（く）', 'ひと（り）', 'みなしご']",9
悟,3,['ゴ'],['さと（る）'],10
娯,3,['ゴ'],['たの（しむ）'],10
孔,3,"['コウ', 'ク']","['あな', 'はなは（だ）']",4
控,3,['コウ'],"['ひか（える）', 'つ（げる）', 'のぞ（く）']",11
拘,3,['コウ'],"['かか（わる）', 'こだわ（る）', 'とど（める）', 'とら（える）']",8
郊,3,['コウ'],[],9
硬,3,['コウ'],['かた（い）'],12
綱,3,['コウ'],['つな'],14
巧,3,['コウ'],"['たく（み）', 'うま（い）', 'たく（む）']",5
坑,3,['コウ'],['あな'],7
慌,3,['コウ'],"['あわ（ただしい）', 'あわ（てる）']",12
絞,3,['コウ'],"['しぼ（る）', 'し（まる）', 'し（める）', 'くび（る）']",12
酵,3,['コウ'],"['こうじ', 'もと']",14
克,3,['コク'],"['か（つ）', 'よ（く）']",7
獄,3,['ゴク'],"['うった（える）', 'ひとや']",14
魂,3,['コン'],"['たましい', 'たま']",14
紺,3,['コン'],[],11
恨,3,['コン'],"['うら（む）', 'うら（めしい）']",9
墾,3,['コン'],['ひら（く）'],16
貇,-1,['コン'],[],13
催,3,['サイ'],"['もよお（す）', 'うなが（す）', 'もよ（い）']",13
崔,1,"['サイ', 'スイ']","['たか（い）', 'まじ（わる）']",11
債,3,['サイ'],"['か（し）', 'か（り）']",13
削,3,"['サク', 'ショウ']","['けず（る）', 'そ（ぐ）', 'はつ（る）']",9
錯,3,"['サク', 'ソ', 'シャク']","['あやま（る）', 'お（く）', 'ま（じる）']",16
搾,3,['サク'],['しぼ（る）'],13
窄,1,['サク'],"['すぼ（む）', 'せば（まる）', 'せま（い）', 'つぼ（む）']",10
撮,3,['サツ'],"['と（る）', 'つま（む）']",15
擦,3,['サツ'],"['す（る）', 'す（れる）', 'かす（れる）', 'こす（る）', 'さす（る）', 'なす（る）']",17
暫,3,['ザン'],"['しば（し）', 'しばら（く）']",15
斬,2,"['ザン', 'サン']",['き（る）'],11
施,3,"['シ', 'セ']","['ほどこ（す）', 'し（く）']",9
㐌,-1,,,-1
祉,3,['シ'],['さいわ（い）'],8
諮,3,['シ'],"['はか（る）', 'と（う）']",16
咨,1,['シ'],"['ああ', 'なげ（く）', 'はか（る）']",9
侍,3,"['ジ', 'シ']","['さむらい', 'さぶら（う）', 'はべ（る）']",8
慈,3,['ジ'],['いつく（しむ）'],13
軸,3,"['ジク', 'チク']",['しんぎ'],12
湿,3,['シツ'],"['しめ（す）', 'しめ（る）', 'うるお（い）', 'うるお（す）']",12
显,-1,,,-1
疾,3,['シツ'],"['と（く）', 'と（し）', 'にく（む）', 'はや（い）', 'やまい', 'やま（しい）', 'や（む）']",10
赦,3,['シャ'],['ゆる（す）'],11
邪,3,"['ジャ', 'シャ', 'ヤ']",['よこしま'],8
殊,3,['シュ'],['こと'],10
寿,3,"['ジュ', 'ス']","['ことぶき', 'いのちなが（し）', 'ことほ（ぐ）', 'とし', 'ひさ（しい）']",7
丰,-1,"['フウ', 'ホウ', 'ボウ']",[],4
潤,3,['ジュン'],"['うるお（う）', 'うるお（す）', 'うる（む）', 'ほと（びる）']",15
閏,1,['ジュン'],['うるう'],12
遵,3,"['ジュン', 'シュン']",['したが（う）'],15
徐,3,['ジョ'],['おもむろ'],10
如,3,"['ジョ', 'ニョ']","['ごと（し）', 'し（く）', 'も（し）', 'ゆ（く）']",6
晶,3,['ショウ'],['あき（らか）'],12
昍,-1,['ケン'],[],8
掌,3,['ショウ'],"['たなごころ', 'つかさど（る）', 'てのひら']",12
鐘,3,"['ショウ', 'シュ']",['かね'],20
焦,3,['ショウ'],"['こ（がす）', 'こ（がれる）', 'こ（げる）', 'あせ（る）', 'じ（らす）', 'じ（れる）', 'や（く）']",12
衝,3,['ショウ'],['つ（く）'],15
昇,3,['ショウ'],['のぼ（る）'],8
升,2,['ショウ'],"['ます', 'のぼ（る）']",4
匠,3,['ショウ'],['たくみ'],6
譲,3,['ジョウ'],"['ゆず（る）', 'せ（める）']",20
㐮,-1,"['ショウ', 'ジョウ']","['たか（い）', 'のぼ（る）', 'はら（う）']",13
錠,3,"['ジョウ', 'テイ']",[],16
嬢,3,['ジョウ'],['むすめ'],16
冗,3,['ジョウ'],['むだ'],4
嘱,3,['ショク'],['たの（む）'],15
辱,3,"['ジョク', 'ニク']","['はずかし（める）', 'かたじけな（い）', 'はじ', 'はずかし（め）']",10
審,3,['シン'],['つまび（らか）'],15
伸,3,['シン'],"['の（ばす）', 'の（びる）', 'の（べる）', 'の（す）', 'の（る）']",7
粋,3,['スイ'],['いき'],10
卆,-1,"['ソツ', 'シュツ']","['お（える）', 'お（わる）', 'しもべ', 'つい（に）', 'にわ（かに）']",4
炊,3,['スイ'],"['た（く）', 'かし（ぐ）']",8
遂,3,['スイ'],"['と（げる）', 'おお（せる）', 'つい（に）']",12
衰,3,"['スイ', 'サイ', 'シ']",['おとろ（える）'],10
穂,3,['スイ'],['ほ'],15
酔,3,['スイ'],['よ（う）'],11
随,3,['ズイ'],['したが（う）'],12
迶,-1,['ユウ'],[],10
髄,3,['ズイ'],[],19
瀬,3,['ライ'],['せ'],19
牲,3,['セイ'],['いけにえ'],9
婿,3,['セイ'],['むこ'],12
胥,1,"['ショ', 'ソ']","['しおから', 'みな']",9
請,3,"['セイ', 'シン', 'ショウ']","['う（ける）', 'こ（う）']",15
隻,3,['セキ'],['ひと（つ）'],10
惜,3,"['セキ', 'シャク']","['お（しい）', 'お（しむ）']",11
籍,3,"['セキ', 'シャ', 'ジャク']","['し（く）', 'ふみ', 'ふ（む）']",20
耤,-1,"['シャ', 'セキ']",[],14
摂,3,"['セツ', 'ショウ']","['か（ねる）', 'か（わる）', 'と（る）']",13
潜,3,['セン'],"['ひそ（む）', 'もぐ（る）', 'くぐ（る）']",15
繕,3,"['ゼン', 'セン']",['つくろ（う）'],18
措,3,"['ソ', 'サク']","['お（く）', 'はか（らう）']",11
阻,3,['ソ'],"['はば（む）', 'けわ（しい）', 'へだ（たる）']",8
粗,3,['ソ'],"['あら（い）', 'ほぼ']",11
礎,3,['ソ'],['いしずえ'],18
楚,1,['ソ'],"['いばら', 'しもと', 'すわえ', 'むち']",13
双,3,['ソウ'],"['ふた', 'たぐい', 'なら（ぶ）', 'ふた（つ）', 'もろ']",4
桑,3,['ソウ'],['くわ'],10
叒,-1,,,-1
葬,3,['ソウ'],['ほうむ（る）'],12
掃,3,['ソウ'],"['は（く）', 'はら（う）']",11
遭,3,['ソウ'],['あ（う）'],14
曹,2,"['ソウ', 'ゾウ']","['つかさ', 'ともがら']",11
憎,3,"['ゾウ', 'ソウ']","['にく（い）', 'にく（しみ）', 'にく（む）', 'にく（らしい）']",14
促,3,['ソク'],"['うなが（す）', 'せま（る）']",9
賊,3,['ゾク'],"['そこ（なう）', 'わるもの']",13
戎,1,['ジュウ'],"['いくさ', 'えびす', 'おお（きい）', 'つわもの']",6
逮,3,"['タイ', 'テイ']","['およ（ぶ）', 'とら（える）']",11
胎,3,['タイ'],['はら（む）'],9
怠,3,['タイ'],"['おこた（る）', 'なま（ける）', 'だる（い）']",9
滞,3,['タイ'],['とどこお（る）'],13
袋,3,"['タイ', 'テイ']",['ふくろ'],11
滝,3,['ロウ'],['たき'],13
竜,2,"['リュウ', 'リョウ', 'リン']",['たつ'],10
託,3,['タク'],"['かこ（つ）', 'かこつ（ける）', 'ことづ（かる）', 'まか（せる）']",10
卓,3,"['タク', 'シツ']","['すぐ（れる）', 'つくえ']",8
択,3,['タク'],"['えら（ぶ）', 'よ（る）']",7
諾,3,['ダク'],['うべな（う）'],15
奪,3,"['ダツ', 'タツ']",['うば（う）'],14
胆,3,"['タン', 'トウ']",['きも'],9
鍛,3,['タン'],['きた（える）'],17
壇,3,"['タン', 'ダン']",[],16
亶,1,"['セン', 'タン']","['あつ（い）', 'ほしいまま', 'まこと', 'もっぱ（ら）']",13
稚,3,['チ'],"['いとけな（い）', 'わか（い）']",13
窒,3,['チツ'],['ふさ（がる）'],11
駐,3,"['チュウ', 'チュ']",['とど（まる）'],15
抽,3,['チュウ'],"['ぬ（く）', 'ひ（く）']",8
鋳,3,"['チュウ', 'シュ']",['い（る）'],15
彫,3,['チョウ'],['ほ（る）'],11
超,3,['チョウ'],"['こ（える）', 'こ（す）']",12
聴,3,"['チョウ', 'テイ']","['き（く）', 'ゆる（す）']",17
陳,3,"['チン', 'ジン']","['つら（ねる）', 'の（べる）', 'ひ（ねる）', 'ふる（い）']",11
鎮,3,"['チン', 'テン']","['しず（まる）', 'しず（める）', 'おさ（え）']",18
墜,3,['ツイ'],"['お（ちる）', 'お（とす）']",15
訂,3,['テイ'],"['さだ（める）', 'ただ（す）']",9
帝,3,"['テイ', 'タイ']",['みかど'],9
締,3,['テイ'],"['し（まる）', 'し（める）', 'むす（ぶ）']",15
哲,3,['テツ'],"['あき（らか）', 'さと（い）']",10
塗,3,['ト'],"['ぬ（る）', 'どろ', 'まぶ（す）', 'まみ（れる）', 'みち']",13
涂,-1,,,-1
陶,3,"['トウ', 'ヨウ']",['すえ'],11
匋,-1,,,-1
凍,3,['トウ'],"['こお（る）', 'こご（える）', 'い（てる）', 'し（みる）']",10
痘,3,['トウ'],['もがさ'],12
匿,3,"['トク', 'ジョク']","['かくま（う）', 'かく（れる）']",10
篤,3,['トク'],['あつ（い）'],16
豚,3,['トン'],['ぶた'],11
尿,3,['ニョウ'],"['いばり', 'しと', 'ゆばり']",7
粘,3,"['ネン', 'デン']",['ねば（る）'],11
婆,3,['バ'],['ばば'],11
排,3,['ハイ'],"['おしの（ける）', 'つら（ねる）']",11
陪,3,['バイ'],['したが（う）'],11
縛,3,"['バク', 'ハク']","['しば（る）', 'いまし（める）']",16
伐,3,"['バツ', 'ハツ']","['う（つ）', 'き（る）', 'ほこ（る）']",6
帆,3,['ハン'],['ほ'],6
伴,3,"['ハン', 'バン']","['ともな（う）', 'とも']",7
藩,3,['ハン'],['まがき'],18
潘,1,['ハン'],"['うずまき', 'しろみず']",15
畔,3,['ハン'],"['あぜ', 'くろ', 'そむ（く）', 'ほとり']",10
蛮,3,['バン'],['えびす'],12
泌,3,"['ヒツ', 'ヒ']",['にじ（む）'],8
卑,3,['ヒ'],"['いや（しい）', 'いや（しむ）', 'いや（しめる）', 'ひく（い）']",9
甶,-1,['フツ'],[],6
碑,3,['ヒ'],['いしぶみ'],14
姫,3,['キ'],['ひめ'],10
漂,3,['ヒョウ'],"['ただよ（う）', 'さら（す）']",14
赴,3,['フ'],"['おもむ（く）', 'つ（げる）']",9
符,3,['フ'],['わりふ'],11
封,3,"['フウ', 'ホウ']","['さかい', 'と（じる）', 'ポンド']",9
伏,3,"['フク', 'ブク']","['ふ（す）', 'ふ（せる）', 'かく（れる）', 'したが（う）']",6
覆,3,"['フク', 'フ', 'フウ']","['おお（う）', 'くつがえ（す）', 'くつがえ（る）']",18
墳,3,['フン'],['はか'],15
紛,3,['フン'],"['まぎ（らす）', 'まぎ（らわしい）', 'まぎ（らわす）', 'まぎ（れる）', 'まが（う）', 'まぐ（れ）', 'みだ（れる）']",10
癖,3,['ヘキ'],['くせ'],18
募,3,"['ボ', 'モ']",['つの（る）'],12
慕,3,['ボ'],"['した（う）', 'しの（ぶ）']",14
㣺,-1,[],[],4
簿,3,"['ボ', 'ハク', 'バク', 'ホ']",[],19
崩,3,['ホウ'],"['くず（す）', 'くず（れる）']",11
朋,1,['ホウ'],"['とも', 'なかま']",8
芳,3,['ホウ'],"['かんば（しい）', 'かお（り）', 'かぐわ（しい）']",7
胞,3,['ホウ'],['はら'],9
縫,3,['ホウ'],['ぬ（う）'],16
逢,1,['ホウ'],"['あ（う）', 'おお（きい）', 'むか（える）']",11
倣,3,['ホウ'],['なら（う）'],10
邦,3,['ホウ'],['くに'],7
飽,3,['ホウ'],"['あ（かす）', 'あ（きる）']",13
妨,3,"['ボウ', 'ホウ']",['さまた（げる）'],7
乏,3,"['ボウ', 'ホウ']",['とぼ（しい）'],4
謀,3,"['ボウ', 'ム']","['はか（る）', 'はかりごと']",16
某,3,"['ボウ', 'バイ']","['それがし', 'なにがし']",9
膨,3,"['ボウ', 'ホウ']","['ふく（らむ）', 'ふく（れる）', 'ふく（よか）']",16
彭,1,['ホウ'],[],12
房,3,"['ボウ', 'ホウ']","['ふさ', 'いえ', 'へや']",8
墨,3,"['ボク', 'モク']",['すみ'],14
没,3,"['ボツ', 'モツ']","['おぼ（れる）', 'しず（む）', 'し（ぬ）', 'な（い）']",7
翻,3,"['ホン', 'ハン']","['ひるがえ（す）', 'ひるがえ（る）']",18
魔,3,"['マ', 'バ']",[],21
麻,2,"['マ', 'バ']","['あさ', 'しび（れる）']",11
埋,3,['マイ'],"['う（まる）', 'う（める）', 'う（もれる）', 'い（ける）', 'うず（まる）', 'うず（もれる）']",10
膜,3,"['マク', 'バク', 'ボ', 'モ']",[],14
魅,3,"['ミ', 'ビ']","['すだま', 'もののけ']",15
滅,3,"['メツ', 'ベツ']","['ほろ（びる）', 'ほろ（ぼす）']",13
烕,-1,,,-1
幽,3,['ユウ'],"['かす（か）', 'くら（い）']",9
㥑,-1,,,-1
誘,3,['ユウ'],"['さそ（う）', 'いざな（う）', 'おび（く）']",14
擁,3,['ヨウ'],"['いだ（く）', 'だ（く）', 'まも（る）']",16
雍,1,"['ユ', 'ヨウ']","['いだ（く）', 'ふさ（ぐ）', 'やわ（らぐ）']",13
揚,3,['ヨウ'],"['あ（がる）', 'あ（げる）']",12
揺,3,['ヨウ'],"['ゆ（さぶる）', 'ゆ（すぶる）', 'ゆ（する）', 'ゆ（らぐ）', 'ゆ（る）', 'ゆ（るぐ）', 'ゆ（れる）']",12
抑,3,['ヨク'],"['おさ（える）', 'そもそも', 'ふさ（ぐ）']",7
裸,3,['ラ'],['はだか'],13
濫,3,['ラン'],"['う（かべる）', 'みだ（りに）', 'みだ（れる）']",18
隆,3,['リュウ'],"['さか（ん）', 'たか（い）']",11
㚅,-1,,,-1
了,3,['リョウ'],"['お（わる）', 'さと（る）', 'しま（う）']",2
猟,3,['リョウ'],"['か（り）', 'か（る）']",11
鼡,-1,"['ショ', 'ス', 'ソ']",['ねずみ'],8
陵,3,['リョウ'],"['みささぎ', 'おか', 'しの（ぐ）']",11
夌,-1,,,-1
糧,3,"['リョウ', 'ロウ']",['かて'],18
厘,3,"['リン', 'テン', 'デン', 'リ']",[],9
零,3,['レイ'],"['あま（り）', 'お（ちる）', 'こぼ（れる）', 'ゼロ', 'ふ（る）']",13
霊,3,"['レイ', 'リョウ']","['たま', 'たましい', 'よ（い）']",15
亚,-1,,,-1
励,3,['レイ'],"['はげ（ます）', 'はげ（む）']",7
厉,-1,,,-1
裂,3,['レツ'],"['さ（く）', 'さ（ける）', 'きれ']",12
錬,3,['レン'],['ね（る）'],16
廉,3,['レン'],"['いさぎよ（い）', 'かど', 'やす（い）']",13
炉,3,['ロ'],"['いろり', 'ひばち']",8
漏,3,['ロウ'],"['も（らす）', 'も（る）', 'も（れる）']",14
屚,-1,,,-1
廊,3,['ロウ'],['わたどの'],12
浪,3,"['ロウ', 'ラン']","['なみ', 'みだ（りに）']",10
楼,3,['ロウ'],"['たかどの', 'やぐら']",13
湾,3,['ワン'],['いりえ'],12
弯,1,['ワン'],"['ひ（く）', 'ま（がる）']",9
逸,2,"['イツ', 'イチ']","['うしな（う）', 'すぐ（れる）', 'そ（らす）', 'そ（れる）', 'はぐ（れる）', 'はし（る）', 'はや（る）']",11
韻,2,['イン'],"['おもむき', 'ひびき']",19
姻,2,['イン'],['とつ（ぐ）'],9
疫,2,"['エキ', 'ヤク']",[],9
謁,2,['エツ'],['まみ（える）'],15
猿,2,['エン'],"['さる', 'ましら']",13
凹,2,['オウ'],"['くぼ（む）', 'へこ（ます）', 'へこ（む）']",5
翁,2,['オウ'],['おきな'],10
虞,2,['グ'],['おそれ'],13
稼,2,['カ'],"['かせ（ぐ）', 'う（える）', 'みの（り）']",15
寡,2,['カ'],"['すく（ない）', 'やもめ']",14
禍,2,['カ'],"['まが', 'わざわ（い）']",13
渦,2,['カ'],['うず'],12
靴,2,['カ'],['くつ'],13
蚊,2,['ブン'],['か'],10
拐,2,['カイ'],"['かた（る）', 'かどわか（す）']",8
叧,-1,,,-1
懐,2,['カイ'],"['なつ（かしい）', 'なつ（かしむ）', 'なつ（く）', 'なつ（ける）', 'ふところ', 'いだ（く）', 'おも（う）']",16
涯,2,['ガイ'],"['はて', 'みぎわ']",11
厓,-1,,,-1
劾,2,"['ガイ', 'カイ']","['あば（く）', 'しら（べる）']",8
垣,2,['エン'],['かき'],9
核,2,['カク'],['さね'],10
殻,2,['カク'],['から'],11
嚇,2,['カク'],"['いか（る）', 'おど（かす）', 'おど（す）']",17
赫,1,['カク'],"['あか（い）', 'かがや（く）', 'さか（ん）']",14
潟,7,['セキ'],['かた'],15
舄,-1,"['シャク', 'セキ']",[],12
喝,2,['カツ'],"['おど（す）', 'しか（る）']",11
渇,2,"['カツ', 'ケツ']","['かわ（く）', 'むさぼ（る）']",11
褐,2,['カツ'],['ぬのこ'],13
轄,2,['カツ'],"['くさび', 'とりし（まる）']",17
括,2,['カツ'],"['くく（る）', 'くび（る）', 'くび（れる）']",9
患,2,"['カン', 'ゲン']","['わずら（う）', 'うれ（い）', 'うれ（える）', 'わずら（い）']",11
串,2,"['カン', 'セン']","['くし', 'つらぬ（く）', 'な（れる）']",7
缶,2,"['カン', 'フ']","['かま', 'ほとぎ']",6
棺,2,['カン'],['ひつぎ'],12
陥,2,['カン'],"['おちい（る）', 'おとしい（れる）']",10
堪,2,"['カン', 'タン']","['た（える）', 'こた（える）', 'こら（える）', 'たま（る）']",12
款,2,['カン'],"['しる（す）', 'たた（く）', 'まこと', 'よろこ（ぶ）']",12
還,2,"['カン', 'ゲン']","['かえ（す）', 'かえ（る）', 'また']",16
艦,2,['カン'],['いくさぶね'],21
閑,2,['カン'],"['しず（か）', 'なら（う）', 'ひま']",12
寛,2,['カン'],"['くつろ（ぐ）', 'ひろ（い）', 'ゆる（やか）']",13
莧,-1,['カン'],['ひゆ'],10
憾,2,['カン'],['うら（む）'],16
頑,2,['ガン'],['かたくな'],13
飢,2,['キ'],"['う（える）', 'う（え）']",10
偽,2,['ギ'],"['いつわ（る）', 'にせ']",11
擬,2,['ギ'],"['なぞら（える）', 'はか（る）', 'まがい', 'もどき']",17
宜,2,['ギ'],"['むべ', 'よ（い）', 'よろ（しい）', 'よろ（しく）']",8
糾,2,['キュウ'],"['あざな（う）', 'ただ（す）']",9
窮,2,['キュウ'],"['きわ（まる）', 'きわ（める）']",15
躬,1,['キュウ'],"['み', 'みずか（ら）']",10
拒,2,['キョ'],"['こば（む）', 'ふせ（ぐ）']",8
挟,2,['キョウ'],"['はさ（まる）', 'はさ（む）', 'さしはさ（む）']",9
矯,2,['キョウ'],"['た（める）', 'いつわ（る）']",17
恭,2,['キョウ'],"['うやうや（しい）', 'つつし（む）']",10
暁,2,['ギョウ'],"['あかつき', 'さと（る）']",12
菌,2,['キン'],"['きのこ', 'たけ']",11
囷,-1,,,-1
謹,2,['キン'],['つつし（む）'],17
琴,2,"['キン', 'ゴン']",['こと'],12
玨,-1,['カク'],[],8
襟,2,['キン'],"['えり', 'むね']",18
吟,2,['ギン'],"['うた（う）', 'うめ（く）']",7
隅,2,['グウ'],['すみ'],12
薫,2,['クン'],"['かお（る）', 'かおりぐさ', 'た（く）']",16
董,1,['トウ'],['ただ（す）'],12
勲,2,['クン'],"['いさお', 'いさおし']",15
蛍,2,['ケイ'],['ほたる'],11
茎,2,['ケイ'],"['くき', 'なかご']",8
渓,2,['ケイ'],['たに'],11
慶,2,"['ケイ', 'キョウ']","['よ（い）', 'よろこ（ぶ）']",15
傑,2,['ケツ'],['すぐ（れる）'],13
桀,1,['ケツ'],"['あら（い）', 'すぐ（れる）', 'はりつけ']",11
嫌,2,"['ケン', 'ゲン']","['いや', 'きら（う）', 'うたが（う）']",13
謙,2,['ケン'],['へりくだ（る）'],17
献,2,"['ケン', 'コン']","['ささ（げる）', 'たてまつ（る）', 'まつ（る）']",13
顕,2,['ケン'],"['あき（らか）', 'あらわ（す）', 'あらわ（れる）']",18
懸,2,"['ケン', 'ケ']","['か（かる）', 'か（ける）', 'へだ（たる）']",20
縣,11,['ケン'],['あがた'],16
繭,2,['ケン'],['まゆ'],18
弦,2,['ゲン'],['つる'],8
碁,2,"['ゴ', 'キ']",[],13
購,2,['コウ'],['あがな（う）'],17
肯,2,['コウ'],"['あ（えて）', 'うなず（く）', 'うべな（う）', 'がえん（じる）']",8
洪,2,['コウ'],['おおみず'],9
江,2,['コウ'],['え'],6
貢,2,"['コウ', 'ク']",['みつ（ぐ）'],10
衡,2,['コウ'],"['くびき', 'はかり', 'はか（る）']",16
侯,2,['コウ'],"['きみ', 'まと']",9
溝,2,['コウ'],"['みぞ', 'どぶ']",13
剛,2,"['ゴウ', 'コウ']","['かた（い）', 'つよ（い）']",10
拷,2,"['ゴウ', 'コウ']",['う（つ）'],9
酷,2,['コク'],"['きび（しい）', 'はなは（だしい）', 'ひど（い）', 'むご（い）']",14
懇,2,['コン'],['ねんご（ろ）'],17
佐,7,['サ'],"['すけ', 'たす（ける）']",7
詐,2,['サ'],"['あざむ（く）', 'いつわ（り）', 'いつわ（る）']",12
唆,2,['サ'],['そそのか（す）'],10
栽,2,['サイ'],['う（える）'],10
砕,2,['サイ'],"['くだ（く）', 'くだ（ける）']",9
宰,2,['サイ'],['つかさど（る）'],10
斎,2,['サイ'],"['いつ（く）', 'つつし（む）', 'とき', 'ものいみ']",11
齐,-1,,,-1
崎,7,['キ'],['さき'],11
酢,2,"['サク', 'ソ']","['す', 'す（い）']",12
索,2,['サク'],"['さが（す）', 'つな', 'なわ', 'もと（める）']",10
桟,2,['サン'],"['かけはし', 'たな']",10
傘,2,['サン'],['かさ'],12
仌,-1,,,-1
賜,2,['シ'],"['たまわ（る）', 'たま（う）', 'たまもの']",15
嗣,2,['シ'],['つ（ぐ）'],13
卄,-1,,,-1
肢,2,['シ'],['てあし'],8
滋,7,"['ジ', 'シ']","['しげ（る）', 'ま（す）']",12
璽,2,['ジ'],['しるし'],19
爾,1,"['ジ', 'ニ']","['そ（の）', 'なんじ']",14
漆,2,"['シツ', 'シチ']",['うるし'],14
桼,-1,,,-1
遮,2,['シャ'],['さえぎ（る）'],14
庶,2,['ショ'],"['おお（い）', 'こいねが（う）', 'もろもろ']",11
蛇,2,"['ジャ', 'ダ', 'イ', 'タ']",['へび'],11
它,-1,['タ'],['へび'],5
酌,2,['シャク'],['く（む）'],10
爵,2,"['シャク', 'サク']",['さかずき'],17
珠,2,['シュ'],['たま'],10
儒,2,['ジュ'],[],16
臭,2,"['シュウ', 'キュウ']","['くさ（い）', 'にお（う）']",9
囚,2,['シュウ'],"['とら（える）', 'とら（われる）']",5
醜,2,['シュウ'],"['みにく（い）', 'しこ', 'たぐい', 'にく（む）']",17
酬,2,['シュウ'],['むく（いる）'],13
愁,2,['シュウ'],"['うれ（い）', 'うれ（える）']",13
銃,2,['ジュウ'],['つつ'],14
渋,2,"['ジュウ', 'シュウ']","['しぶ', 'しぶ（い）', 'しぶ（る）']",11
允,1,['イン'],"['じょう', 'まこと', 'まこと（に）', 'ゆる（す）']",4
汁,2,"['ジュウ', 'シュウ']","['しる', 'つゆ']",5
粛,2,['シュク'],['つつし（む）'],11
淑,2,['シュク'],"['しと（やか）', 'よ（い）']",11
尗,-1,,,-1
塾,2,['ジュク'],[],14
俊,2,['シュン'],['すぐ（れる）'],9
准,2,"['ジュン', 'シュン']","['なぞら（える）', 'ゆる（す）']",10
循,2,['ジュン'],"['したが（う）', 'めぐ（る）']",12
殉,2,['ジュン'],['したが（う）'],10
緒,2,"['ショ', 'チョ']","['お', 'いとぐち']",14
叙,2,['ジョ'],['の（べる）'],9
渉,2,['ショウ'],"['かか（わる）', 'わた（る）']",11
祥,2,['ショウ'],"['きざ（し）', 'さいわ（い）', 'さち']",10
硝,2,['ショウ'],[],12
尚,2,['ショウ'],"['くわ（える）', 'たっと（ぶ）', 'とうと（ぶ）', 'なお']",8
償,2,['ショウ'],['つぐな（う）'],17
抄,2,"['ショウ', 'ソウ']","['うつ（す）', 'かすめ（る）', 'す（く）', 'すく（う）']",7
奨,2,"['ショウ', 'ソウ']",['すす（める）'],13
彰,2,['ショウ'],"['あき（らか）', 'あらわ（す）', 'あらわ（れる）']",14
症,2,['ショウ'],['しるし'],10
宵,2,['ショウ'],['よい'],10
粧,2,"['ショウ', 'ソウ']","['めか（す）', 'よそお（う）']",12
庄,1,"['ショウ', 'ソウ']","['いなか', 'むらざと']",6
礁,2,['ショウ'],['かくれいわ'],17
訟,2,"['ショウ', 'ジュ']","['うった（え）', 'うった（える）']",11
詔,2,['ショウ'],"['みことのり', 'つ（げる）']",12
剰,2,['ジョウ'],"['あま（す）', 'あまつさ（え）', 'あま（る）']",11
浄,2,['ジョウ'],['きよ（い）'],9
壌,2,['ジョウ'],['つち'],16
醸,2,['ジョウ'],['かも（す）'],20
縄,7,['ジョウ'],"['なわ', 'ただ（す）']",15
电,-1,,,-1
娠,2,['シン'],"['はら（む）', 'みごも（る）']",10
津,2,['シン'],"['つ', 'しる']",9
紳,2,['シン'],['おおおび'],11
診,2,['シン'],['み（る）'],12
唇,2,['シン'],['くちびる'],10
刃,2,"['ジン', 'ニン']","['は', 'き（る）', 'やいば']",3
迅,2,['ジン'],"['はげ（しい）', 'はや（い）']",6
卂,-1,,,-1
睡,2,['スイ'],['ねむ（る）'],13
帥,2,"['スイ', 'ソツ']",['ひき（いる）'],9
枢,2,['スウ'],"['かなめ', 'とぼそ']",8
崇,2,"['スウ', 'シュウ']","['あが（める）', 'お（わる）', 'たか（い）', 'たっと（ぶ）', 'とうと（ぶ）']",11
据,2,['キョ'],"['す（える）', 'す（わる）']",11
杉,2,['サン'],['すぎ'],7
畝,2,"['ホ', 'ボウ']","['うね', 'せ']",10
亩,-1,,,-1
誓,2,"['セイ', 'ゼイ']",['ちか（う）'],14
逝,2,['セイ'],"['い（く）', 'ゆ（く）']",10
析,2,['セキ'],"['さ（く）', 'わ（かれる）', 'わ（ける）']",8
窃,2,['セツ'],"['ぬす（む）', 'ひそ（かに）']",9
拙,2,['セツ'],"['つたな（い）', 'まず（い）']",8
栓,2,['セン'],[],10
薦,2,['セン'],"['すす（める）', 'こも', 'しき（りに）', 'し（く）']",16
廌,-1,,,-1
仙,2,['セン'],[],5
繊,2,"['セン', 'チン']","['しな（やか）', 'ちい（さい）', 'ほそ（い）']",17
践,2,['セン'],['ふ（む）'],13
旋,2,['セン'],['めぐ（る）'],11
遷,2,['セン'],"['うつ（す）', 'うつ（る）']",15
䙴,-1,,,-1
禅,2,"['ゼン', 'セン']",['ゆず（る）'],13
漸,2,"['ゼン', 'ザン', 'セン']","['すす（む）', 'やや', 'ようや（く）']",14
疎,2,"['ソ', 'ショ']","['うと（い）', 'うと（む）', 'うろ', 'おろ', 'おろ（か）', 'おろそ（か）', 'とお（す）', 'とお（る）', 'まば（ら）']",12
租,2,['ソ'],"['ちんが（り）', 'みつぎ']",10
塑,2,['ソ'],['でく'],13
朔,1,['サク'],"['きた', 'ついたち']",10
捜,2,['ソウ'],['さが（す）'],10
荘,2,"['ソウ', 'ショウ']","['おごそ（か）', 'しもやしき']",9
藻,2,['ソウ'],"['も', 'あや']",19
澡,1,['ソウ'],"['あら（う）', 'きよ（める）', 'すす（ぐ）']",16
喪,2,['ソウ'],"['も', 'うしな（う）', 'ほろ（びる）', 'ほろ（ぼす）']",12
霜,2,['ソウ'],['しも'],17
挿,2,['ソウ'],"['さ（す）', 'さしはさ（む）', 'す（げる）', 'はさ（む）']",10
槽,2,['ソウ'],"['おけ', 'かいばおけ', 'ふね']",15
駄,2,"['ダ', 'タ']",['の（せる）'],14
妥,2,"['ダ', 'タ']","['おだ（やか）', 'やす（らか）']",7
堕,2,"['ダ', 'キ']","['お（ちる）', 'お（とす）', 'お（ろす）', 'こぼ（つ）']",12
陏,-1,"['タ', 'ダ', 'ズイ']",[],9
惰,2,"['ダ', 'タ']",['おこた（る）'],12
泰,2,['タイ'],"['おご（る）', 'やす（い）', 'やす（らか）']",10
濯,2,['タク'],"['あら（う）', 'すす（ぐ）']",17
但,2,"['タン', 'ダン']","['ただ（し）', 'ただ']",7
棚,2,['ホウ'],['たな'],12
痴,2,['チ'],"['おこ', 'おろ（か）', 'し（れる）']",13
逐,2,"['チク', 'ジク']",['お（う）'],10
秩,2,['チツ'],"['つい（で）', 'ふち']",10
嫡,2,"['チャク', 'テキ']",['よつぎ'],14
衷,2,['チュウ'],"['うち', 'こころ', 'まこと']",9
挑,2,"['チョウ', 'トウ']",['いど（む）'],9
眺,2,['チョウ'],['なが（める）'],11
懲,2,['チョウ'],"['こ（らしめる）', 'こ（らす）', 'こ（りる）']",18
釣,2,['チョウ'],['つ（る）'],11
勅,2,['チョク'],"['いまし（める）', 'みことのり']",9
朕,2,['チン'],"['きざ（し）', 'われ']",10
塚,2,['チョウ'],['つか'],12
冢,1,['チョウ'],"['おお（きい）', 'つか']",10
漬,2,"['シ', 'ジ']","['つ（かる）', 'つ（ける）']",14
坪,2,['ヘイ'],['つぼ'],8
邸,2,['テイ'],['やしき'],8
艇,2,['テイ'],['こぶね'],13
偵,2,['テイ'],['うかが（う）'],11
貞,2,"['テイ', 'ジョウ']",['ただ（しい）'],9
逓,2,['テイ'],"['か（わる）', 'たが（いに）']",10
乕,-1,['コ'],['とら'],7
泥,2,['デイ'],"['どろ', 'なず（む）']",8
尼,2,"['ニ', 'ジ']",['あま'],5
徹,2,['テツ'],['とお（る）'],15
撤,2,['テツ'],['す（てる）'],15
迭,2,['テツ'],"['か（わる）', 'たが（いに）']",8
搭,2,['トウ'],"['の（せる）', 'の（る）']",12
筒,2,['トウ'],['つつ'],12
悼,2,['トウ'],['いた（む）'],11
棟,2,['トウ'],"['むね', 'むな', 'かしら']",12
騰,2,['トウ'],"['あ（がる）', 'のぼ（る）']",20
駦,-1,,,-1
謄,2,['トウ'],['うつ（す）'],17
誊,-1,,,-1
洞,2,"['ドウ', 'トウ']","['ほら', 'うつろ', 'うろ', 'つらぬ（く）', 'ふか（い）']",9
督,2,['トク'],"['うなが（す）', 'かしら', 'ただ（す）', 'ひき（いる）', 'み（る）']",13
凸,2,['トツ'],['でこ'],5
軟,2,"['ナン', 'ゼン', 'ネン']","['やわ（らか）', 'やわ（らかい）']",11
妊,2,"['ニン', 'ジン']","['はら（む）', 'みごも（る）']",7
寧,2,"['ネイ', 'デイ', 'ニョウ']","['いずく（んぞ）', 'なん（ぞ）', 'ねんご（ろ）', 'むし（ろ）', 'やす（い）']",14
寍,-1,,,-1
把,2,['ハ'],"['と（る）', 'にぎ（る）']",7
覇,2,"['ハ', 'ハク']",['はたがしら'],19
䩗,-1,,,-1
廃,2,['ハイ'],"['すた（る）', 'すた（れる）', 'や（める）']",12
培,2,"['バイ', 'ハイ', 'ホウ']","['つちか（う）', 'おか']",11
賠,2,['バイ'],['つぐな（う）'],15
媒,2,['バイ'],['なかだち'],12
伯,2,"['ハク', 'ハ']","['おさ', 'かしら', 'はたがしら']",7
舶,2,['ハク'],['おおぶね'],11
漠,2,"['バク', 'マク']","['すなはら', 'ひろ（い）']",13
肌,2,['キ'],"['はだ', 'はだえ']",6
鉢,2,"['ハチ', 'ハツ']",[],13
閥,2,"['バツ', 'ハツ']","['いえがら', 'いさお']",14
煩,2,"['ハン', 'ボン']","['わずら（う）', 'わずら（わす）', 'うるさ（い）']",13
頒,2,"['ハン', 'フン']","['し（く）', 'まだら', 'わ（ける）']",13
披,2,['ヒ'],['ひら（く）'],8
扉,2,['ヒ'],['とびら'],12
妃,2,"['ヒ', 'ハイ']",['きさき'],6
罷,2,['ヒ'],"['つか（れる）', 'まか（る）', 'や（める）']",15
猫,2,"['ビョウ', 'ミョウ']",['ねこ'],11
頻,2,"['ヒン', 'ビン']","['しき（りに）', 'しき（る）']",17
賓,2,['ヒン'],"['したが（う）', 'まろうど']",15
瓶,2,"['ビン', 'ヘイ']",['かめ'],11
并,1,['ヘイ'],"['あわ（せる）', 'なら（ぶ）']",6
瓦,2,['ガ'],"['かわら', 'かわらけ', 'グラム']",5
譜,2,['フ'],"['しる（す）', 'つづ（く）']",19
扶,2,['フ'],['たす（ける）'],7
附,2,"['フ', 'ブ']","['つ（く）', 'つ（ける）']",8
侮,2,['ブ'],['あなど（る）'],8
沸,2,"['フツ', 'ヒ']","['わ（かす）', 'わ（く）', 'た（てる）', 'にえ']",8
雰,2,['フン'],['きり'],12
憤,2,['フン'],"['いきどお（る）', 'むずか（る）']",15
幣,2,['ヘイ'],"['ぜに', 'ぬさ', 'みてぐら']",15
敝,1,['ヘイ'],"['おとろ（える）', 'つか（れる）', 'やぶ（る）', 'やぶ（れる）']",12
弊,2,['ヘイ'],"['つい（える）', 'つか（れる）', 'やぶ（れる）']",15
塀,2,['ヘイ'],[],12
屏,1,"['ビョウ', 'ヘイ']","['おお（う）', 'かき', 'しりぞ（く）', 'しりぞ（ける）', 'ついたて']",9
併,2,['ヘイ'],"['あわ（せる）', 'しか（し）', 'なら（ぶ）']",8
偏,2,['ヘン'],"['かたよ（る）', 'ひとえ（に）']",11
遍,2,['ヘン'],['あまね（く）'],12
浦,2,['ホ'],['うら'],10
褒,2,['ホウ'],['ほ（める）'],15
泡,2,['ホウ'],"['あわ', 'あぶく']",8
俸,2,['ホウ'],['ふち'],10
剖,2,"['ボウ', 'ホウ']","['さ（く）', 'わ（ける）']",10
紡,2,"['ボウ', 'ホウ']",['つむ（ぐ）'],10
僕,2,"['ボク', 'ホク']","['しもべ', 'やつがれ']",14
菐,-1,,,-1
撲,2,"['ボク', 'ホク']","['う（つ）', 'なぐ（る）', 'は（る）']",15
朴,2,"['ボク', 'ハク']","['えのき', 'すなお', 'ほお']",6
堀,2,"['クツ', 'コツ']","['ほり', 'あな']",11
奔,2,['ホン'],['はし（る）'],8
卉,1,['キ'],"['くさ', 'さか（ん）']",5
摩,2,['マ'],"['こす（る）', 'さす（る）', 'す（る）']",15
磨,2,"['マ', 'バ']","['みが（く）', 'す（る）', 'と（ぐ）']",16
抹,2,"['マツ', 'バツ']","['け（す）', 'こな', 'す（る）']",8
岬,2,['コウ'],['みさき'],8
銘,2,"['メイ', 'ミョウ']",['しる（す）'],14
盲,2,"['モウ', 'ボウ']","['くら（い）', 'めくら']",8
耗,2,"['コウ', 'モウ', 'ボウ']","['たよ（り）', 'へ（る）']",10
妄,2,"['ボウ', 'モウ']",['みだ（りに）'],6
厄,2,"['ヤク', 'アク']","['くる（しむ）', 'わざわ（い）']",4
癒,2,['ユ'],"['い（える）', 'い（やす）']",18
愈,1,['ユ'],"['い（える）', 'い（やす）', 'いよいよ', 'まさ（る）']",13
諭,2,['ユ'],['さと（す）'],16
愉,2,['ユ'],"['たの（しい）', 'たの（しむ）']",12
唯,2,"['ユイ', 'イ']",['ただ'],11
悠,2,['ユウ'],"['とお（い）', 'はる（か）']",11
攸,-1,['ユウ'],['ところ'],7
裕,2,['ユウ'],"['ひろ（い）', 'ゆた（か）']",12
融,2,['ユウ'],"['とお（る）', 'と（ける）']",16
猶,2,['ユウ'],['なお'],12
窯,2,['ヨウ'],['かま'],15
羔,1,['コウ'],['こひつじ'],10
庸,2,['ヨウ'],"['おろ（か）', 'つね', 'なん（ぞ）', 'もち（いる）']",11
羅,2,['ラ'],"['あみ', 'うすぎぬ', 'つら（なる）']",19
酪,2,['ラク'],['ちちしる'],13
履,2,['リ'],"['は（く）', 'くつ', 'ふ（む）']",15
痢,2,['リ'],[],12
柳,2,['リュウ'],['やなぎ'],9
卯,1,['ボウ'],['う'],5
硫,2,"['リュウ', 'ル']",[],12
虜,2,"['リョ', 'ロ']","['えびす', 'しもべ', 'とりこ']",13
寮,2,['リョウ'],['つかさ'],15
僚,2,['リョウ'],"['つかさ', 'とも']",14
涼,2,['リョウ'],"['すず（しい）', 'すず（む）', 'うす（い）']",11
倫,2,['リン'],"['たぐい', 'つい（で）', 'みち']",10
累,2,['ルイ'],"['かさ（なる）', 'かさ（ねる）', 'しき（りに）', 'しば（る）', 'わずら（わす）']",11
塁,2,['ルイ'],"['かさ（ねる）', 'とりで']",12
鈴,2,"['リン', 'レイ']",['すず'],13
賄,2,"['ワイ', 'カイ']","['まかな（う）', 'まいな（う）']",13
枠,2,[],['わく'],8
挨,2,['アイ'],"['お（す）', 'ひら（く）']",10
矣,1,['イ'],[],7
曖,2,['アイ'],"['おお（う）', 'かげ（る）', 'くら（い）']",17
夗,-1,,,-1
嵐,2,['ラン'],['あらし'],12
畏,2,['イ'],"['おそ（れる）', 'かしこ（い）', 'かしこ（まる）']",9
萎,2,['イ'],"['な（える）', 'しお（れる）', 'しな（びる）', 'しぼ（む）', 'つか（れる）']",11
椅,2,['イ'],[],12
彙,2,['イ'],"['あつ（める）', 'たぐい', 'はりねずみ']",13
茨,7,['シ'],"['いばら', 'くさぶき']",9
咽,2,"['イン', 'エツ', 'エン']","['のど', 'の（む）', 'むせ（ぶ）', 'むせ（る）']",9
淫,2,['イン'],"['みだ（ら）', 'あふ（れる）', 'おお（きい）', 'ながあめ', 'ふけ（る）', 'ほしいまま', 'みだ（す）', 'みだら']",11
㸒,-1,,,-1
唄,2,"['ハイ', 'バイ']","['うた', 'うた（う）']",10
鬱,2,['ウツ'],"['さか（ん）', 'しげ（る）', 'ふさ（ぐ）']",29
鬯,1,['チョウ'],"['においざけ', 'の（びる）']",10
怨,2,"['オン', 'エン']","['うら（み）', 'うら（む）']",9
媛,7,['エン'],['ひめ'],12
艶,2,['エン'],"['つや', 'あで（やか）', 'うらや（む）', 'なまめ（かしい）']",19
旺,2,['オウ'],['さか（ん）'],8
臆,2,['オク'],['おしはか（る）'],17
俺,2,['エン'],"['おれ', 'われ']",10
奄,1,['エン'],"['おお（う）', 'たちま（ち）', 'ふさ（がる）']",8
苛,2,['カ'],"['いじ（める）', 'いら（だつ）', 'から（い）', 'きび（しい）', 'さいな（む）', 'むご（い）', 'わずら（わしい）']",8
楷,2,['カイ'],"['のっと（る）', 'のり']",13
潰,2,['カイ'],"['つぶ（す）', 'つぶ（れる）', 'つい（える）', 'みだ（れる）']",15
諧,2,['カイ'],"['かな（う）', 'たわむ（れ）', 'ととの（う）', 'やわ（らぐ）']",16
崖,2,['ガイ'],"['がけ', 'かどだ（つ）']",11
蓋,2,"['ガイ', 'コウ']","['ふた', 'おお（い）', 'おお（う）', 'かさ', 'けだ（し）']",13
盍,1,['コウ'],"['あ（う）', 'おお（う）', 'なん（ぞ）']",10
骸,2,"['ガイ', 'カイ']","['ほね', 'むくろ']",16
柿,2,['シ'],['かき'],9
顎,2,['ガク'],['あご'],18
咢,1,['ガク'],"['いいあらそ（う）', 'おどろ（く）']",9
葛,2,['カツ'],"['くず', 'かずら', 'かたびら', 'つづら']",12
曷,1,['カツ'],"['いずく（んぞ）', 'いつ', 'なに', 'なん（ぞ）']",9
釜,2,['フ'],['かま'],10
鎌,2,['レン'],['かま'],18
韓,2,['カン'],"['いげた', 'から']",18
玩,2,['ガン'],"['あじ（わう）', 'もてあそ（ぶ）']",8
伎,2,"['キ', 'ギ']","['たくみ', 'わざ']",6
亀,2,"['キ', 'キュウ', 'キン']","['かめ', 'あかぎれ']",11
毀,2,['キ'],"['こぼ（つ）', 'こわ（す）', 'そし（る）', 'や（せる）', 'やぶ（る）', 'やぶ（れる）']",13
臼,2,['キュウ'],['うす'],6
畿,2,['キ'],['みやこ'],15
嗅,2,['キュウ'],['か（ぐ）'],13
臭,11,"['シュウ', 'キュウ']","['くさ（い）', 'にお（う）']",10
僅,2,['キン'],"['わず（か）', 'わず（かに）']",13
堇,-1,,,-1
錦,2,['キン'],['にしき'],16
惧,2,"['グ', 'ク']",['おそ（れる）'],11
窟,2,['クツ'],"['いわや', 'ほらあな']",13
熊,7,['ユウ'],['くま'],14
詣,2,['ケイ'],"['もう（でる）', 'いた（る）', 'まい（る）']",13
憬,2,['ケイ'],['あこが（れる）'],15
稽,2,['ケイ'],"['かんが（える）', 'とどこお（る）', 'とど（める）']",15
隙,2,"['ゲキ', 'ケキ']","['すき', 'ひま']",13
桁,2,['コウ'],"['けた', 'かせ']",10
拳,2,"['ケン', 'ゲン']",['こぶし'],10
鍵,2,['ケン'],['かぎ'],17
舷,2,['ゲン'],"['ふなばた', 'ふなべり']",11
股,2,['コ'],"['また', 'もも']",8
虎,2,['コ'],['とら'],8
錮,2,['コ'],"['かた（い）', 'ながわずら（い）', 'ふさ（ぐ）']",16
勾,2,['コウ'],"['とら（える）', 'ま（がる）']",4
梗,2,"['コウ', 'キョウ']","['おおむ（ね）', 'かた（い）', 'つよ（い）', 'でく', 'ふさ（がる）']",11
喉,2,['コウ'],['のど'],12
傲,2,['ゴウ'],"['あそ（ぶ）', 'あなど（る）', 'おご（る）']",13
敖,1,['ゴウ'],"['あそ（ぶ）', 'おご（る）', 'かまびす（しい）']",11
駒,2,['ク'],['こま'],15
痕,2,['コン'],['あと'],11
沙,2,"['サ', 'シャ']","['すな', 'みぎわ', 'よな（げる）']",7
挫,2,['ザ'],"['くじ（く）', 'くじ（ける）']",10
塞,2,"['サイ', 'ソク']","['ふさ（がる）', 'ふさ（ぐ）', 'せ（く）', 'とりで', 'み（ちる）']",13
埼,7,['キ'],"['さい', 'さき']",11
柵,2,['サク'],"['しがらみ', 'とりで', 'やらい']",9
刹,2,"['セツ', 'サツ']",['てら'],8
拶,2,['サツ'],['せま（る）'],9
恣,2,['シ'],['ほしいまま'],10
摯,2,['シ'],"['あら（い）', 'と（る）', 'にえ', 'まこと']",15
餌,2,['ジ'],"['え', 'えさ', 'く（う）', 'たべもの']",15
叱,2,"['シツ', 'シチ']",['しか（る）'],5
嫉,2,['シツ'],"['そね（む）', 'にく（む）', 'ねた（む）']",13
腫,2,"['シュ', 'ショウ']","['は（らす）', 'は（れる）', 'はれもの']",13
呪,2,"['ジュ', 'シュ', 'シュウ']","['のろ（う）', 'まじな（い）', 'まじな（う）']",8
袖,2,['シュウ'],['そで'],10
羞,2,['シュウ'],"['すす（める）', 'はじ', 'は（じる）', 'はずかし（め）', 'はずかし（める）']",11
丑,1,['チュウ'],['うし'],4
蹴,2,"['シュウ', 'シュク']",['け（る）'],19
憧,2,"['ショウ', 'トウ', 'ドウ']",['あこが（れる）'],15
拭,2,"['ショク', 'シキ']","['ぬぐ（う）', 'ふ（く）']",9
尻,2,['コウ'],"['しり', 'けつ']",5
芯,2,['シン'],['とうしんぐさ'],7
腎,2,"['ジン', 'シン']",[],13
須,2,"['ス', 'シュ']","['しばら（く）', 'すべから（く）', 'すべか（らく）', 'ま（つ）', 'もち（いる）', 'もと（める）']",12
裾,2,['キョ'],['すそ'],13
凄,2,['セイ'],"['さむ（い）', 'すご（い）', 'すご（む）', 'すさ（まじい）']",10
醒,2,['セイ'],"['さ（ます）', 'さ（める）']",16
脊,2,['セキ'],"['せ', 'せい']",10
戚,2,['セキ'],"['いた（む）', 'うれ（える）', 'みうち']",11
煎,2,['セン'],"['い（る）', 'に（る）']",13
羨,2,"['セン', 'エン', 'ゼン']","['うらや（ましい）', 'うらや（む）', 'あま（る）', 'はかみち']",13
㳄,-1,"['エン', 'セン', 'ゼン']",['よだれ'],7
腺,2,['セン'],['すじ'],13
詮,2,['セン'],"['あきらか', 'えら（ぶ）', 'しら（べる）', 'そな（わる）']",13
箋,2,['セン'],"['かきもの', 'てがみ', 'ときあ（かし）', 'なふだ', 'はりふだ', 'ふだ']",14
戔,1,"['サン', 'ザン', 'セン']",['そこ（なう）'],8
膳,2,"['ゼン', 'セン']","['かしわ', 'そな（える）']",16
狙,2,['ソ'],"['ねら（う）', 'さる']",8
遡,2,['ソ'],"['さかのぼ（る）', 'む（かう）']",14
爽,2,"['ソウ', 'ショウ']","['さわ（やか）', 'あき（らか）', 'たが（う）']",11
㸚,-1,,,-1
痩,2,"['ソウ', 'シュウ']","['や（せる）', 'こ（ける）', 'ほそ（い）']",12
踪,2,"['ソウ', 'シュウ']",['あと'],15
捉,2,['ソク'],"['とら（える）', 'つか（まえる）', 'と（る）']",10
遜,2,['ソン'],"['のが（れる）', 'へりくだ（る）', 'ゆず（る）']",14
汰,2,"['タ', 'タイ']","['おご（る）', 'にご（る）', 'よな（げる）']",7
唾,2,"['ダ', 'タ']","['つば', 'つばき']",11
堆,2,"['タイ', 'ツイ']",['うずたか（い）'],11
戴,2,['タイ'],['いただ（く）'],17
誰,2,['スイ'],"['だれ', 'た', 'たれ']",15
綻,2,['タン'],"['ほころ（びる）', 'ほころ（ぶ）']",14
緻,2,['チ'],['こま（かい）'],16
酎,2,['チュウ'],[],10
貼,2,"['チョウ', 'テン']","['は（る）', 'つ（ける）']",12
嘲,2,"['チョウ', 'トウ']","['あざけ（る）', 'からか（う）']",15
捗,2,['チョク'],['はかど（る）'],10
椎,2,"['ツイ', 'スイ']","['う（つ）', 'しい', 'せぼね', 'つち']",12
爪,2,['ソウ'],"['つま', 'つめ']",4
鶴,2,['カク'],['つる'],21
諦,2,"['テイ', 'タイ']","['あきら（める）', 'つまび（らか）', 'まこと']",16
溺,2,"['デキ', 'ジョウ', 'ニョウ']","['おぼ（れる）', 'いばり', 'ゆばり']",13
填,2,"['テン', 'チン']","['うず（まる）', 'うず（める）', 'は（まる）', 'は（める）', 'ふさ（がる）', 'ふさ（ぐ）']",13
妬,2,"['ト', 'ツ']","['ねた（む）', 'そね（む）', 'や（く）']",8
賭,2,['ト'],"['か（ける）', 'かけ']",16
者,11,['シャ'],['もの'],9
藤,2,['トウ'],['ふじ'],18
滕,1,['トウ'],"['わきあ（がる）', 'わ（く）']",15
瞳,2,"['ドウ', 'トウ']",['ひとみ'],17
栃,7,[],['とち'],9
頓,2,"['トン', 'トツ']","['くる（しむ）', 'つか（れる）', 'つまず（く）', 'とど（まる）', 'とみ（に）', 'ぬか（ずく）', 'ひたぶる']",13
貪,2,"['ドン', 'タン']",['むさぼ（る）'],11
丼,2,"['セイ', 'ショウ', 'タン', 'トン']","['どん', 'どんぶり']",5
那,2,"['ナ', 'ダ']","['いかん（ぞ）', 'なに', 'なん（ぞ）']",7
奈,7,"['ナ', 'ダイ', 'ナイ']","['いかん', 'いかん（ぞ）', 'なん（ぞ）']",8
梨,7,['リ'],['なし'],11
謎,2,"['ベイ', 'メイ']",['なぞ'],17
鍋,2,['カ'],['なべ'],17
虹,2,['コウ'],['にじ'],9
捻,2,"['ネン', 'デン']","['ねじ（る）', 'ひね（る）']",11
罵,2,['バ'],['ののし（る）'],15
剥,2,"['ハク', 'ホク']","['は（がす）', 'は（がれる）', 'は（ぐ）', 'は（げる）', 'と（る）', 'む（く）']",10
箸,2,['チョ'],['はし'],15
氾,2,['ハン'],"['あふ（れる）', 'ひろ（がる）']",5
汎,2,"['ハン', 'フウ', 'ホウ']","['あふ（れる）', 'う（かぶ）', 'ひろ（い）']",6
阪,7,['ハン'],['さか'],7
斑,2,['ハン'],"['ふ', 'ぶち', 'まだら']",12
眉,2,"['ミ', 'ビ']","['まゆ', 'としよ（り）', 'ふち']",9
膝,2,['シツ'],['ひざ'],15
肘,2,['チュウ'],['ひじ'],7
阜,7,['フ'],"['おか', 'ゆた（か）']",8
訃,2,['フ'],"['し（らせ）', 'つ（げる）']",9
蔽,2,['ヘイ'],"['おお（い）', 'おお（う）', 'くら（い）', 'さだ（める）']",15
餅,2,['ヘイ'],['もち'],15
璧,2,['ヘキ'],['たま'],18
蔑,2,['ベツ'],"['さげす（む）', 'くら（い）', 'ないがし（ろ）', 'なみ（する）']",14
戍,1,['ジュ'],"['たむろ', 'まも（る）']",6
哺,2,['ホ'],"['はぐく（む）', 'ふく（む）']",10
蜂,2,['ホウ'],"['はち', 'むら（がる）']",13
貌,2,"['ボウ', 'バク']","['かお', 'かたち']",14
豸,-1,"['ジ', 'タイ', 'ダイ', 'チ']",[],7
皃,-1,"['ボウ', 'バク']","['かお', 'かたち']",7
頬,2,['キョウ'],['ほお'],15
睦,2,"['ボク', 'モク']","['むつ（ぶ）', 'むつ（まじい）', 'むつ（む）']",13
勃,2,"['ボツ', 'ホツ']","['お（こる）', 'にわ（かに）']",9
孛,1,"['ハイ', 'ホツ', 'ボツ']",['ほうきぼし'],7
昧,2,"['マイ', 'バイ']",['くら（い）'],9
枕,2,"['シン', 'チン']",['まくら'],8
蜜,2,"['ミツ', 'ビツ']",[],14
冥,2,"['メイ', 'ミョウ']",['くら（い）'],10
昗,-1,,,-1
麺,2,"['メン', 'ベン']",['むぎこ'],16
冶,2,['ヤ'],"['い（る）', 'と（ける）', 'なまめ（かしい）']",7
弥,2,"['ビ', 'ミ']","['や', 'あまね（し）', 'いや', 'いよいよ', 'つくろ（う）', 'ひさ（しい）', 'わた（る）']",8
闇,2,['アン'],"['やみ', 'くら（い）']",17
喩,2,['ユ'],"['さと（す）', 'たと（える）', 'よろこ（ぶ）']",12
湧,2,"['ユウ', 'ヨウ']",['わ（く）'],12
妖,2,['ヨウ'],"['あや（しい）', 'なまめ（かしい）', 'わざわ（い）']",7
瘍,2,['ヨウ'],"['かさ', 'できもの']",14
沃,2,"['ヨク', 'オク']","['こ（える）', 'そそ（ぐ）']",7
拉,2,"['ラ', 'ラツ', 'ロウ']","['くじ（く）', 'ひ（く）', 'ひし（ぐ）', 'ひしゃ（げる）']",8
辣,2,['ラツ'],"['から（い）', 'きび（しい）', 'むご（い）']",14
藍,2,['ラン'],['あい'],18
璃,2,['リ'],[],14
慄,2,['リツ'],"['おそ（れる）', 'おのの（く）']",13
栗,1,"['リ', 'リツ']","['おのの（く）', 'きび（しい）', 'くり']",10
侶,2,"['リョ', 'ロ']",['とも'],9
瞭,2,['リョウ'],['あき（らか）'],17
瑠,2,['ル'],[],14
賂,2,['ロ'],"['まいな（い）', 'まいな（う）']",13
弄,2,['ロウ'],"['もてあそ（ぶ）', 'あなど（る）', 'いじく（る）', 'いじ（る）', 'いら（う）', 'たわむ（れる）', 'まさぐ（る）']",7
籠,2,"['ロウ', 'ル']","['かご', 'こ（もる）', 'こ（める）']",22
麓,2,['ロク'],['ふもと'],19
脇,2,['キョウ'],"['かたわ（ら）', 'わき']",10
貿,6,['ボウ'],['あきな（う）'],12
唖,1,"['ア', 'アク']","['ああ', 'おし', 'わら（う）']",10
娃,1,"['ア', 'アイ']",['うつく（しい）'],9
窪,1,"['ア', 'ワ']","['くぼ', 'くぼ（む）']",14
洼,-1,,,-1
蛙,1,"['ア', 'ワ']","['かえる', 'かわず', 'みだ（ら）']",12
阿,1,['ア'],"['お', 'おもね（る）', 'くま', 'ひさし', 'よ（る）']",8
渥,1,['アク'],"['あつ（い）', 'うるお（い）', 'こ（い）']",12
斡,1,"['アツ', 'カン']","['つかさど（る）', 'めぐ（る）']",14
庵,1,['アン'],['いおり'],11
按,1,['アン'],"['おさ（える）', 'かんが（える）', 'しら（べる）']",9
杏,1,"['アン', 'キョウ']",['あんず'],7
鞍,1,['アン'],['くら'],15
伊,1,['イ'],"['かれ', 'これ', 'ただ']",6
倭,1,"['イ', 'ワ']",['やまと'],10
夷,1,['イ'],"['えびす', 'えみし', 'ころ（す）', 'たい（らか）', 'たい（らげる）']",6
惟,1,"['イ', 'ユイ']","['おも（う）', 'おも（うに）', 'おもんみ（る）', 'これ', 'ただ']",11
葦,1,['イ'],"['あし', 'よし']",13
蔚,1,"['イ', 'ウツ']",[],14
謂,1,['イ'],"['いい', 'い（う）', 'いわ（れ）']",16
飴,1,"['イ', 'シ']",['あめ'],14
鮪,1,"['イ', 'ユウ']","['しび', 'まぐろ']",17
粥,1,"['イク', 'シュク']","['かゆ', 'ひさ（ぐ）']",12
郁,1,['イク'],"['かぐわ（しい）', 'さか（ん）', 'ふみ']",9
溢,1,['イツ'],"['あふ（れる）', 'おご（る）', 'こぼ（れる）', 'す（ぎる）', 'み（ちる）']",13
益,11,"['エキ', 'ヤク']","['ま（す）', 'ますます']",10
鰯,1,[],['いわし'],21
胤,1,['イン'],['たね'],9
蔭,1,['イン'],"['おお（う）', 'おかげ', 'かげ', 'しげ（る）']",14
鸚,1,"['イン', 'オウ', 'ヨウ']",[],28
嬰,1,['エイ'],"['あかご', 'ふ（れる）', 'みどりご', 'めぐ（る）']",17
佑,1,"['ウ', 'ユウ']","['たす（け）', 'たす（ける）']",7
烏,1,"['ウ', 'オ']","['いずく（んぞ）', 'からす', 'くろ（い）', 'なん（ぞ）']",10
迂,1,['ウ'],"['とお（い）', 'まが（る）']",7
苑,1,"['ウツ', 'エン', 'オン']","['その', 'ふさ（がる）']",8
廻,1,"['エ', 'カイ']","['まわ（す）', 'まわ（る）', 'めぐ（らす）', 'めぐ（る）']",9
慧,1,"['エ', 'ケイ']","['かしこ（い）', 'さと（い）']",15
彗,1,"['エ', 'ケイ', 'スイ']","['は（く）', 'ほうき', 'ほうきぼし']",11
叡,1,['エイ'],"['あき（らか）', 'かしこ（い）', 'さと（い）']",16
睿,-1,['エイ'],"['あき（らか）', 'かしこ（い）', 'さと（い）']",14
賏,-1,['エイ'],[],14
曳,1,['エイ'],['ひ（く）'],6
洩,1,"['エイ', 'セツ']","['の（びる）', 'も（れる）']",9
瑛,1,['エイ'],[],12
盈,1,['エイ'],['み（ちる）'],9
夃,-1,,,-1
穎,1,['エイ'],"['すぐ（れる）', 'ほさき']",16
厭,1,"['エン', 'オウ', 'オン', 'ユウ', 'ヨウ']","['あ（きる）', 'いと（う）', 'いや', 'おさ（える）']",14
猒,-1,,,-1
堰,1,['エン'],"['いせき', 'せき', 'せ（く）']",12
匽,-1,,,-1
掩,1,['エン'],"['おお（う）', 'かば（う）', 'たちま（ち）']",11
淵,1,['エン'],"['おくぶか（い）', 'ふか（い）', 'ふち']",12
爿,-1,"['ショウ', 'ゾウ']",[],4
焔,1,['エン'],"['ほのお', 'も（える）']",11
燕,1,['エン'],"['くつろ（ぐ）', 'さかもり', 'つばめ']",16
薗,1,"['エン', 'オン']","['その', 'にわ']",16
鳶,1,['エン'],"['とび', 'とんび']",14
鴛,1,['エン'],['おしどり'],16
於,1,"['オ', 'ヨ']","['お（いて）', 'お（ける）']",8
仒,-1,,,-1
凰,1,"['オウ', 'コウ']",['おおとり'],11
姶,1,['オウ'],['みめよ（い）'],9
襖,1,['オウ'],"['あお', 'ふすま', 'わたいれ']",18
奧,11,"['オウ', 'イク']","['おく', 'くま']",13
邑,1,"['オウ', 'ユウ']","['うれ（える）', 'くに', 'みやこ', 'むら']",7
鴨,1,['オウ'],['かも'],16
鴦,1,['オウ'],['おしどり'],16
鶯,1,['オウ'],['うぐいす'],21
𤇾,-1,,,-1
鴬,1,['オウ'],['うぐいす'],16
鴎,1,['オウ'],['かもめ'],15
鷹,1,"['オウ', 'ヨウ']",['たか'],24
䧹,-1,['ヨウ'],[],13
伽,1,"['カ', 'ガ', 'キャ']",['とぎ'],7
卦,1,"['カ', 'ケ']","['うらな（い）', 'うらな（う）']",8
嘉,1,['カ'],"['よ（い）', 'よみ（する）']",14
嘩,1,['カ'],['かまびす（しい）'],13
榎,1,['カ'],['えのき'],14
樺,1,['カ'],['かば'],14
珂,1,['カ'],[],9
茄,1,['カ'],"['なす', 'なすび', 'はす']",8
蝦,1,"['カ', 'ガ']","['えび', 'がま']",15
迦,1,['カ'],[],9
霞,1,['カ'],"['かすみ', 'かす（む）']",17
俄,1,['ガ'],"['にわか', 'にわ（か）']",9
峨,1,['ガ'],['けわ（しい）'],10
臥,1,['ガ'],"['ふしど', 'ふ（す）']",9
蛾,1,"['ガ', 'ギ']","['あり', 'ひひる', 'ひむし', 'まゆげ']",13
駕,1,['ガ'],"['しの（ぐ）', 'のりもの', 'の（る）']",15
凱,1,"['カイ', 'ガイ']","['かちどき', 'やわ（らぐ）']",12
豈,1,"['ガイ', 'キ']","['あに', 'たの（しむ）', 'やわ（らぐ）']",10
咳,1,"['カイ', 'ガイ']","['しわぶき', 'しわぶ（く）', 'せき', 'せ（く）']",9
堺,1,['カイ'],['さかい'],12
恢,1,['カイ'],"['おお（きい）', 'ひろ（い）']",9
晦,1,['カイ'],"['くら（い）', 'くら（ます）', 'つごもり', 'みそか']",11
檜,1,['カイ'],"['ひ', 'ひのき']",17
會,11,"['カイ', 'エ']","['あ（う）', 'あつ（まる）', 'あつ（める）']",13
桧,1,['カイ'],"['ひ', 'ひのき']",10
漑,1,"['カイ', 'ガイ']","['すす（ぐ）', 'そそ（ぐ）']",15
既,-1,['キ'],['すで（に）'],12
芥,1,"['カイ', 'ケ']","['あくた', 'からし']",7
蟹,1,['カイ'],['かに'],19
鎧,1,"['カイ', 'ガイ']","['よろい', 'よろ（う）']",18
魁,1,['カイ'],"['おお（きい）', 'かしら', 'さきがけ']",14
鮭,1,"['カイ', 'ケイ']","['さかな', 'さけ', 'ふぐ']",17
碍,1,"['ガイ', 'ゲ']","['ささ（える）', 'さまた（げる）']",13
苅,1,"['カイ', 'ガイ']",['か（る）'],7
劃,1,['カク'],"['くぎ（る）', 'わ（かつ）']",14
畫,11,"['ガ', 'カク']","['え', 'えが（く）', 'かぎ（る）', 'か（く）', 'はか（る）']",12
塙,1,"['カク', 'コウ']","['かた（い）', 'はなわ']",13
廓,1,['カク'],"['くるわ', 'ひろ（い）', 'ひろ（げる）', 'むな（しい）']",14
掴,1,['カク'],['つか（む）'],11
攪,1,"['カク', 'コウ']","['ま（ぜる）', 'みだ（す）']",23
覺,11,"['カク', 'コウ']","['おぼ（える）', 'さ（ます）', 'さ（める）', 'さと（り）', 'さと（る）']",20
撹,1,"['カク', 'コウ']","['ま（ぜる）', 'みだ（す）']",15
鍔,1,['ガク'],['つば'],17
鰐,1,['ガク'],['わに'],20
樫,1,[],['かし'],16
筈,1,['カツ'],"['はず', 'やはず']",12
恰,1,"['カッ', 'コウ']",['あたか（も）'],9
侃,1,['カン'],['つよ（い）'],8
函,1,['カン'],"['い（れる）', 'はこ', 'よろい']",8
凾,1,['カン'],"['い（れる）', 'はこ', 'よろい']",9
叹,-1,,,-1
姦,1,['カン'],"['かしま（しい）', 'みだら', 'よこしま']",9
奻,-1,,,-1
柑,1,['カン'],"['こうじ', 'みかん']",9
桓,1,['カン'],[],10
澗,1,"['カン', 'ケン']","['たに', 'たにみず']",15
灌,1,['カン'],['そそ（ぐ）'],20
雚,-1,['カン'],[],17
潅,1,['カン'],['そそ（ぐ）'],14
竿,1,['カン'],"['さお', 'ふだ']",9
翰,1,['カン'],"['てがみ', 'と（ぶ）', 'ふで', 'ふみ', 'みき']",16
舘,1,['カン'],"['やかた', 'たち', 'たて']",16
舍,11,"['シャ', 'セキ']","['いえ', 'お（く）', 'やど', 'やど（る）']",8
莞,1,['カン'],"['い', 'ふとい', 'むしろ']",10
菅,1,['カン'],"['すが', 'すげ']",11
萱,1,"['カン', 'ケン']","['かや', 'わすれぐさ']",12
諫,1,['カン'],['いさ（める）'],16
柬,1,['カン'],"['えら（ぶ）', 'えりわ（ける）', 'てがみ', 'なふだ']",9
諌,1,['カン'],['いさ（める）'],15
巌,1,"['ガン', 'ゲン']","['いわ', 'いわお', 'がけ', 'けわ（しい）']",20
癌,1,['ガン'],[],17
嵒,1,['ガン'],"['いわ', 'いわお', 'けわ（しい）']",12
翫,1,['ガン'],"['あじ（わう）', 'あなど（る）', 'むさぼ（る）', 'もてあそ（ぶ）']",15
贋,1,['ガン'],['にせ'],19
雁,1,['ガン'],['かり'],12
倠,-1,,,-1
鴈,1,['ガン'],['かり'],15
嬉,1,['キ'],"['あそ（ぶ）', 'うれ（しい）', 'たの（しむ）']",15
徽,1,['キ'],"['しるし', 'よ（い）']",17
槻,1,['キ'],['つき'],15
毅,1,['キ'],"['たけ（し）', 'つよ（い）']",15
豙,-1,['ギ'],[],11
磯,1,['キ'],['いそ'],17
祁,1,['キ'],"['おお（いに）', 'おお（きい）', 'さか（んに）']",8
稀,1,"['キ', 'ケ']","['うす（い）', 'まば（ら）', 'まれ']",12
窺,1,['キ'],"['うかが（う）', 'のぞ（く）']",16
箕,1,['キ'],"['ちりとり', 'み']",14
葵,1,['キ'],['あおい'],12
癸,1,['キ'],"['はか（る）', 'みずのと']",9
鰭,1,['キ'],"['はた', 'ひれ']",21
耆,1,"['キ', 'シ']","['お（いる）', 'おさ', 'たしな（む）', 'としよ（り）']",10
麒,1,['キ'],['きりん'],19
妓,1,['ギ'],"['あそびめ', 'こ', 'わざおぎ']",7
祇,1,"['ギ', 'シ']",['くにつかみ'],9
蟻,1,['ギ'],"['あり', 'くろ']",19
誼,1,['ギ'],"['よ（い）', 'よしみ']",15
掬,1,['キク'],"['すく（う）', 'むす（ぶ）']",11
鞠,1,['キク'],"['かが（む）', 'とりしら（べる）', 'まり', 'やしな（う）']",17
麹,1,['キク'],"['こうじ', 'さけ']",15
吃,1,['キツ'],"['く（う）', 'す（う）', 'ども（る）']",6
桔,1,"['キツ', 'ケツ']",[],10
橘,1,['キツ'],['たちばな'],16
矞,-1,"['イツ', 'キツ', 'ケツ']",[],12
迄,1,['キツ'],"['いた（る）', 'およ（ぶ）', 'まで']",7
仇,1,['キュウ'],"['あだ', 'かたき', 'つれあい']",4
厩,1,['キュウ'],['うまや'],14
廐,1,['キュウ'],['うまや'],14
旣,-1,['キ'],['すで（に）'],11
廏,1,['キュウ'],['うまや'],14
皀,-1,"['キュウ', 'キョウ', 'コウ', 'ヒキ', 'ヒョク']",[],7
汲,1,['キュウ'],"['く（む）', 'ひ（く）']",7
灸,1,['キュウ'],['やいと'],7
玖,1,"['キュウ', 'ク']",[],7
笈,1,['キュウ'],['おい'],10
韮,1,['キュウ'],['にら'],12
韭,1,['キュウ'],['にら'],9
鳩,1,"['キュウ', 'ク']","['あつ（まる）', 'あつ（める）', 'はと', 'やす（んずる）']",13
嘘,1,['キョ'],"['うそ', 'は（く）', 'ふ（く）']",14
渠,1,['キョ'],"['おお（きい）', 'かしら', 'かれ', 'なん（ぞ）', 'みぞ']",12
洰,-1,,,-1
鋸,1,['キョ'],"['のこ', 'のこぎり']",16
禦,1,['ギョ'],"['つよ（い）', 'ふせ（ぐ）']",17
亨,1,"['キョウ', 'コウ', 'ホウ']","['とお（る）', 'に（る）']",7
侠,1,['キョウ'],"['おとこだて', 'きゃん']",8
僑,1,['キョウ'],"['かりずまい', 'やど（る）']",14
兇,1,['キョウ'],"['おそ（れる）', 'わる（い）']",6
劫,1,"['キョウ', 'コウ', 'ゴウ']","['おびや（かす）', 'かす（める）']",7
匡,1,['キョウ'],"['すく（う）', 'ただ（す）']",6
卿,1,"['キョウ', 'ケイ']","['きみ', 'くげ']",12
卽,11,"['ソク', 'ショク']","['すなわ（ち）', 'つ（く）']",9
叶,1,['キョウ'],['かな（う）'],5
呑,1,"['トン', 'ドン']",['の（む）'],7
彊,1,['キョウ'],"['し（いる）', 'つと（める）', 'つよ（い）']",16
畺,-1,['キョウ'],"['かぎ（り）', 'かぎ（る）', 'さかい']",13
怯,1,"['キョウ', 'コウ']","['お（じる）', 'おび（える）', 'ひる（む）']",8
橿,1,['キョウ'],['かし'],17
蕎,1,['キョウ'],[],15
饗,1,['キョウ'],"['あえ', 'う（ける）', 'もてな（す）']",22
鄕,11,"['キョウ', 'ゴウ']",['さと'],13
馨,1,"['キョウ', 'ケイ']","['か', 'かお（り）', 'かお（る）', 'かぐわ（しい）', 'かんば（しい）']",20
殸,-1,,,-1
旭,1,['キョク'],['あさひ'],6
粁,1,[],['キロメートル'],9
檎,1,"['キン', 'ゴ']",[],17
禽,1,['キン'],"['とら（える）', 'とり']",13
欣,1,"['キン', 'ゴン']",['よろこ（ぶ）'],8
欽,1,['キン'],"['うやま（う）', 'つつし（む）']",12
芹,1,['キン'],['せり'],7
衿,1,['キン'],['えり'],9
倶,1,"['ク', 'グ']",['とも（に）'],10
垢,1,"['ク', 'コウ']","['あか', 'けが（れる）', 'はじ', 'よご（れる）']",9
狗,1,"['ク', 'コウ']",['いぬ'],8
矩,1,['ク'],"['さしがね', 'のり']",10
躯,1,['ク'],"['からだ', 'むくろ']",11
鉤,1,"['ク', 'コウ']","['かぎ', 'か（ける）', 'つりばり', 'はり', 'ま（がる）']",13
鈎,1,"['ク', 'コウ']","['かぎ', 'か（ける）', 'つりばり', 'はり', 'ま（がる）']",12
駈,1,['ク'],"['か（ける）', 'か（る）', 'お（う）']",15
寓,1,"['グ', 'グウ']","['かこつ（ける）', 'かりずまい', 'やど（る）', 'よ（せる）']",12
弘,1,"['グ', 'コウ']","['ひろ（い）', 'ひろ（める）']",5
腔,1,"['クウ', 'コウ']","['から', 'からだ']",12
喰,1,[],"['く（う）', 'く（らう）']",12
粂,1,[],['くめ'],9
馴,1,"['クン', 'シュン', 'ジュン']","['おし（え）', 'な（らす）', 'な（れる）', 'よ（い）']",13
袈,1,['ケ'],[],11
桂,1,['ケイ'],['かつら'],10
珪,1,['ケイ'],['たま'],10
畦,1,['ケイ'],"['あぜ', 'うね']",11
繋,1,['ケイ'],"['か（かる）', 'きずな', 'つな（がる）', 'つな（ぐ）', 'とら（える）']",17
罫,1,"['カイ', 'ケイ']",[],13
荊,1,['ケイ'],"['いばら', 'むち']",9
頸,1,['ケイ'],['くび'],16
巠,-1,,,-1
頚,1,['ケイ'],['くび'],14
戟,1,"['ケキ', 'ゲキ']",['ほこ'],12
蕨,1,['ケツ'],['わらび'],15
厥,1,"['クツ', 'ケツ']","['そ（の）', 'それ']",12
訣,1,['ケツ'],"['おくぎ', 'わか（れる）']",11
倦,1,"['ケン', 'ゲン']","['あ（きる）', 'あぐ（む）', 'う（む）', 'つか（れる）']",10
卷,11,"['カン', 'ケン']","['まき', 'ま（く）']",8
喧,1,['ケン'],"['かまびす（しい）', 'やかま（しい）']",12
捲,1,['ケン'],"['ま（く）', 'まく（る）', 'めく（る）']",11
牽,1,['ケン'],"['つら（なる）', 'ひ（く）']",11
硯,1,"['ケン', 'ゲン']",['すずり'],12
絢,1,['ケン'],['あや'],12
鰹,1,['ケン'],['かつお'],23
鹸,1,"['カン', 'ケン']","['あく', 'しおけ']",19
鹵,1,['ロ'],"['うば（う）', 'おろそ（か）', 'おろ（か）', 'しお', 'しおち', 'たて']",11
絃,1,['ゲン'],"['いと', 'つる']",11
諺,1,['ゲン'],['ことわざ'],16
彥,-1,,,-1
壺,1,['コ'],['つぼ'],12
壷,1,['コ'],['つぼ'],11
姑,1,['コ'],"['しばら（く）', 'しゅうと', 'しゅうとめ']",8
狐,1,['コ'],['きつね'],9
瑚,1,"['コ', 'ゴ']",[],13
糊,1,['コ'],['のり'],15
菰,1,['コ'],"['こも', 'まこも']",12
袴,1,['コ'],"['はかま', 'ももひき']",11
跨,1,['コ'],"['また', 'また（がる）', 'また（ぐ）']",13
醐,1,"['コ', 'ゴ']",[],16
鈷,1,['コ'],[],13
伍,1,['ゴ'],"['いつ（つ）', 'くみ']",6
冴,1,['ゴ'],"['こお（る）', 'さ（える）']",7
梧,1,['ゴ'],['あおぎり'],11
亙,1,['コウ'],['わた（る）'],6
佼,1,['コウ'],['うつく（しい）'],8
倖,1,['コウ'],"['さいわ（い）', 'へつら（う）']",10
宏,1,['コウ'],"['おお（きい）', 'ひろ（い）']",7
巳,1,['シ'],['み'],3
幌,1,['コウ'],['ほろ'],13
晃,1,['コウ'],"['あき（らか）', 'ひか（る）']",10
庚,1,['コウ'],"['かのえ', 'とし']",8
昂,1,"['コウ', 'ゴウ']","['あ（がる）', 'たか（い）', 'たかぶ（る）']",8
杭,1,['コウ'],"['くい', 'わた（る）']",8
浩,1,['コウ'],"['おお（い）', 'おお（きい）', 'おご（る）', 'ひろ（い）']",10
皐,1,['コウ'],"['さつき', 'さわ']",11
皋,1,['コウ'],"['さつき', 'さわ']",10
夲,1,['トウ'],[],5
砿,1,['コウ'],['あらがね'],10
糠,1,['コウ'],['ぬか'],17
紘,1,['コウ'],"['おおづな', 'ひろ（い）']",10
縞,1,['コウ'],"['しま', 'しろぎぬ']",16
肴,1,['コウ'],['さかな'],8
肱,1,['コウ'],['ひじ'],8
膏,1,['コウ'],"['あぶら', 'うるお（す）', 'こ（える）']",14
藁,1,['コウ'],['わら'],17
槀,-1,,,-1
蛤,1,['コウ'],['はまぐり'],12
袷,1,"['キョウ', 'コウ']",['あわせ'],11
釦,1,['コウ'],['ボタン'],11
閤,1,['コウ'],"['くぐりど', 'へや']",14
鮫,1,['コウ'],"['さめ', 'みずち']",17
鴻,1,['コウ'],"['おお（きい）', 'おおとり', 'ひしくい']",17
䲨,-1,,,-1
鵠,1,"['コウ', 'コク']","['くぐい', 'しろ（い）', 'まと']",18
吿,-1,,,-1
噛,1,"['ゲツ', 'ゴウ']","['かじ（る）', 'か（む）']",15
壕,1,"['コウ', 'ゴウ']",['ほり'],17
濠,1,['ゴウ'],['ほり'],17
轟,1,['ゴウ'],['とどろ（く）'],21
忽,1,['コツ'],"['たちま（ち）', 'ゆるが（せ）']",8
惚,1,['コツ'],"['とぼ（ける）', 'ほう（ける）', 'ぼ（ける）', 'ほ（れる）']",11
坤,1,['コン'],"['つち', 'ひつじさる']",8
梱,1,['コン'],"['こうり', 'こり', 'しきみ']",11
些,1,['サ'],"['いささ（か）', 'すこ（し）']",8
叉,1,"['サ', 'シャ']","['こまぬ（く）', 'こまね（く）', 'さ（す）', 'また']",3
嵯,1,['サ'],['けわ（しい）'],13
嵳,1,['サ'],['けわ（しい）'],13
瑳,1,['サ'],['みが（く）'],14
紗,1,"['サ', 'シャ']",['うすぎぬ'],10
蓑,1,"['サ', 'サイ']",['みの'],13
裟,1,['サ'],[],13
哉,1,['サイ'],"['か', 'かな', 'や']",9
晒,1,['サイ'],['さら（す）'],10
柴,1,['サイ'],"['しば', 'ふさ（ぐ）']",10
栖,1,"['サイ', 'セイ']","['す', 'すみか', 'す（む）']",10
犀,1,"['サイ', 'セイ']","['かた（い）', 'するど（い）']",12
砦,1,['サイ'],['とりで'],11
榊,1,[],['さかき'],14
神,11,"['シン', 'ジン']","['かみ', 'かん', 'こう', 'たましい']",10
笹,1,[],['ささ'],11
撒,1,"['サツ', 'サン']",['ま（く）'],15
薩,1,['サツ'],[],17
隡,-1,,,-1
撰,1,"['サン', 'セン']",['えら（ぶ）'],15
燦,1,['サン'],"['あき（らか）', 'あざ（やか）', 'きら（めく）']",17
粲,1,['サン'],"['あき（らか）', 'あざ（やか）', 'いい', 'しらげよね', 'わら（う）']",13
珊,1,['サン'],[],9
纂,1,['サン'],"['あつ（める）', 'くみひも', 'つ（ぐ）']",20
䋰,-1,,,-1
蒜,1,['サン'],"['にんにく', 'ひる']",13
祘,-1,['サン'],[],10
讃,1,['サン'],"['たす（ける）', 'たた（える）', 'ほ（める）']",22
讚,1,['サン'],"['たす（ける）', 'たた（える）', 'ほ（める）']",26
贊,11,['サン'],"['たす（ける）', 'たた（える）', 'ほ（める）']",19
餐,1,['サン'],"['く（う）', 'たべもの', 'の（む）']",16
歺,-1,,,-1
仔,1,['シ'],"['こ', 'こま（か）', 'た（える）']",5
偲,1,"['サイ', 'シ']",['しの（ぶ）'],11
匙,1,['シ'],['さじ'],11
只,1,['シ'],['ただ'],5
屍,1,['シ'],"['かばね', 'しかばね']",9
弛,1,"['シ', 'チ']","['たゆ（む）', 'たる（む）', 'ゆる（む）']",6
孜,1,['シ'],['つと（める）'],7
斯,1,['シ'],"['か（かる）', 'か（く）', 'こ（の）', 'これ']",12
梓,1,['シ'],"['あずさ', 'はんぎ']",11
獅,1,['シ'],['しし'],13
砥,1,['シ'],"['と', 'といし', 'と（ぐ）', 'みが（く）']",10
笥,1,"['シ', 'ス']","['け', 'はこ']",11
蒔,1,"['シ', 'ジ']","['う（える）', 'ま（く）']",13
覗,1,['シ'],"['うかが（う）', 'のぞ（く）']",12
錫,1,"['シ', 'シャク', 'セキ']","['すず', 'たま（う）', 'たまもの']",16
髭,1,['シ'],"['くちひげ', 'ひげ']",16
痔,1,['ジ'],['しもがさ'],11
馳,1,"['ジ', 'チ']",['は（せる）'],13
鴫,1,[],['しぎ'],16
宍,1,"['ニク', 'ジク']",['しし'],7
竺,1,"['ジク', 'トク']",['あつ（い）'],8
悉,1,['シツ'],"['ことごと（く）', 'つく（す）', 'つぶさ（に）']",11
櫛,1,['シツ'],"['くし', 'くしけず（る）']",19
蛭,1,"['シツ', 'テツ']",['ひる'],12
姐,1,"['シャ', 'ソ']","['あね', 'あねご', 'ねえ']",8
柘,1,['シャ'],"['つげ', 'やまぐわ']",9
這,1,['シャ'],"['こ（の）', 'これ', 'は（う）']",11
惹,1,"['ジャ', 'ジャク']","['ひ（く）', 'まね（く）']",12
杓,1,"['ヒョウ', 'シャク']","['しゃく（う）', 'ひしゃく']",7
灼,1,['シャク'],"['あき（らか）', 'あらたか', 'やいと', 'や（く）']",7
蹟,1,"['シャク', 'セキ']",['あと'],18
雀,1,['ジャク'],['すずめ'],11
撞,1,"['シュ', 'トウ', 'ドウ']",['つ（く）'],15
蛛,1,"['シュ', 'チュ', 'チュウ']",['くも'],12
諏,1,"['シュ', 'ス']","['と（う）', 'はか（る）']",15
趨,1,"['シュ', 'スウ', 'ソク']","['うなが（す）', 'おもむ（く）', 'はし（る）', 'はや（い）']",17
芻,1,"['シュ', 'ス', 'スウ']","['か（る）', 'くさか（り）', 'まぐさ', 'わら']",10
嬬,1,['ジュ'],"['つま', 'よわ（い）']",17
濡,1,['ジュ'],"['うるお（う）', 'とどこお（る）', 'ぬ（れる）']",17
竪,1,['ジュ'],"['こども', 'こもの', 'た（つ）', 'たて']",14
豎,1,['ジュ'],"['こども', 'こもの', 'た（つ）', 'たて']",16
綬,1,['ジュ'],"['くみひも', 'ひも']",14
鷲,1,"['ジュ', 'シュウ']",['わし'],23
嵩,1,"['シュウ', 'スウ']","['かさ', 'かさ（む）', 'たか（い）']",13
揖,1,"['シュウ', 'ユウ']","['あつ（まる）', 'ゆず（る）']",12
咠,-1,,,-1
柊,1,['シュウ'],['ひいらぎ'],9
楢,1,"['シュウ', 'ユウ']",['なら'],13
洲,1,['シュウ'],"['しま', 'す']",9
穐,1,['シュウ'],"['あき', 'とき']",16
龝,1,['シュウ'],"['あき', 'とき']",21
龜,11,"['キ', 'キュウ', 'キン']","['かめ', 'あかぎれ']",16
繍,1,['シュウ'],"['うつく（しい）', 'にしき', 'ぬいとり']",17
萩,1,['シュウ'],['はぎ'],12
葺,1,['シュウ'],"['つくろ（う）', 'ふ（く）']",12
蒐,1,['シュウ'],"['あつ（める）', 'か（り）']",13
輯,1,['シュウ'],"['あつ（める）', 'やわ（らぐ）']",16
鍬,1,"['シュウ', 'ショウ']","['くわ', 'すき']",17
鰍,1,['シュウ'],"['いなだ', 'かじか', 'どじょう']",20
什,1,['ジュウ'],['とお'],4
紐,1,"['ジュウ', 'チュウ']",['ひも'],10
夙,1,['シュク'],"['つと（に）', 'はや（い）', 'まだき']",6
峻,1,['シュン'],"['おお（きい）', 'きび（しい）', 'けわ（しい）', 'たか（い）']",10
竣,1,['シュン'],['お（わる）'],12
遁,1,"['シュン', 'ジュン', 'トン']","['しりご（みする）', 'のが（れる）']",13
醇,1,"['シュン', 'ジュン']","['あつ（い）', 'もっぱ（ら）']",15
隼,1,"['シュン', 'ジュン']",['はやぶさ'],10
駿,1,"['シュン', 'スン']",['すぐ（れる）'],17
惇,1,"['ジュン', 'トン']","['あつ（い）', 'まこと']",11
楯,1,['ジュン'],['たて'],13
淳,1,['ジュン'],"['あつ（い）', 'すなお']",11
恕,1,"['ショ', 'ジョ']","['おもいや（る）', 'ゆる（す）']",10
曙,1,['ショ'],['あけぼの'],17
杵,1,['ショ'],['きね'],8
渚,1,['ショ'],"['なぎさ', 'みぎわ']",11
疏,1,"['ショ', 'ソ']","['あら（い）', 'うと（い）', 'うと（む）', 'おろそ（か）', 'とお（す）', 'とお（る）', 'まば（ら）']",12
薯,1,"['ショ', 'ジョ']",['いも'],17
藷,1,['ショ'],"['いも', 'さとうきび']",19
鋤,1,"['ショ', 'ジョ']","['すき', 'す（く）']",15
黍,1,['ショ'],['きび'],12
鼠,1,"['ショ', 'ス', 'ソ']",['ねずみ'],13
汝,1,['ジョ'],['なんじ'],6
丞,1,"['ショウ', 'ジョウ']",['たす（ける）'],6
氶,-1,,,-1
哨,1,['ショウ'],['みはり'],10
嘗,1,"['ショウ', 'ジョウ']","['かつ（て）', 'こころ（みる）', 'な（める）']",14
娼,1,['ショウ'],['あそびめ'],11
廠,1,['ショウ'],"['うまや', 'しごとば']",15
敞,1,['ショウ'],"['たか（い）', 'ひろ（い）']",12
厰,1,['ショウ'],"['うまや', 'しごとば']",14
捷,1,['ショウ'],"['か（つ）', 'はや（い）']",11
疌,-1,['ショウ'],[],8
摺,1,"['ショウ', 'ロウ']","['くじ（く）', 'す（る）', 'たた（む）', 'ひだ']",14
梢,1,['ショウ'],"['かじ', 'こずえ']",11
樟,1,['ショウ'],"['くす', 'くすのき']",15
樵,1,['ショウ'],"['きこり', 'きこ（る）', 'こ（る）']",16
橡,1,"['ショウ', 'ゾウ']","['とち', 'くぬぎ', 'つるばみ']",16
湘,1,['ショウ'],[],12
甥,1,"['ショウ', 'セイ']",['おい'],12
秤,1,"['ショウ', 'ビン']",['はかり'],10
篠,1,['ショウ'],"['しの', 'しのだけ']",17
條,11,['ジョウ'],"['えだ', 'すじ']",11
菖,1,['ショウ'],['しょうぶ'],11
蒋,1,['ショウ'],['まこも'],13
蕉,1,['ショウ'],[],15
蛸,1,"['ショウ', 'ソウ']",['たこ'],13
裳,1,['ショウ'],"['も', 'もすそ']",14
醤,1,['ショウ'],"['ししびしお', 'ひしお']",17
鉦,1,"['ショウ', 'セイ']",['かね'],13
錆,1,"['ショウ', 'セイ']","['さび', 'さ（びる）']",16
靑,11,"['セイ', 'ショウ']","['あお', 'あお（い）']",8
鍾,1,['ショウ'],"['あつ（まる）', 'あつ（める）', 'さかずき']",17
鎗,1,"['ショウ', 'ソウ']",['やり'],18
鞘,1,"['ショウ', 'ソウ']",['さや'],16
鯖,1,"['ショウ', 'セイ']","['さば', 'よせなべ']",19
帖,1,"['ジョウ', 'チョウ']","['かきもの', 'た（れる）']",8
擾,1,['ジョウ'],"['さわ（ぐ）', 'な（らす）', 'みだ（れる）', 'わずら（わしい）']",18
杖,1,['ジョウ'],['つえ'],7
瀞,1,"['ジョウ', 'セイ']",['とろ'],19
靜,11,"['セイ', 'ジョウ']","['しず', 'しず（か）', 'しず（まる）', 'しず（める）']",16
牒,1,"['ジョウ', 'チョウ']",['ふだ'],13
穣,1,['ジョウ'],"['みの（る）', 'ゆた（か）']",18
茸,1,['ジョウ'],"['きのこ', 'しげ（る）', 'たけ', 'ふくろづの']",9
鄭,1,"['ジョウ', 'テイ']",['ねんご（ろ）'],15
奠,1,"['テン', 'デン']","['さだ（める）', 'そな（える）', 'まつ（る）']",12
埴,1,['ショク'],['はに'],11
燭,1,"['ショク', 'ソク']",['ともしび'],17
粟,1,"['ショク', 'ソク', 'ゾク']","['あわ', 'ふち', 'もみ']",12
蝕,1,['ショク'],['むしば（む）'],15
晋,1,['シン'],['すす（む）'],10
榛,1,['シン'],"['はしばみ', 'はり']",14
秦,1,['シン'],['はた'],10
槙,1,"['シン', 'テン']",['まき'],14
疹,1,"['シン', 'チン']",['はしか'],10
矧,1,['シン'],['は（ぐ）'],9
訊,1,"['シン', 'ジン']","['き（く）', 'たず（ねる）', 'たよ（り）', 'と（う）']",10
賑,1,['シン'],"['にぎ（やか）', 'にぎ（わう）']",14
儘,1,['ジン'],"['ことごと（く）', 'まま']",16
盡,11,['ジン'],"['つ（かす）', 'つ（きる）', 'つ（くす）', 'ことごと（く）', 'すが（れる）']",14
塵,1,['ジン'],['ちり'],14
稔,1,"['ジン', 'ニン', 'ネン']","['つ（む）', 'とし', 'みの（る）']",13
荏,1,"['ジン', 'ニン']","['え', 'やわ（らか）']",9
靱,1,['ジン'],"['うつぼ', 'しな（やか）', 'ゆぎ']",12
刄,-1,"['ジン', 'ニン']","['き（る）', 'は', 'やいば']",3
靭,1,['ジン'],"['うつぼ', 'しな（やか）', 'ゆぎ']",12
蘇,1,"['ス', 'ソ']",['よみがえ（る）'],19
穌,-1,['ソ'],[],16
雛,1,"['ス', 'スウ']","['ひな', 'ひよこ']",18
厨,1,"['ズ', 'チュウ']",['くりや'],12
廚,1,"['ズ', 'チュウ']",['くりや'],15
杜,1,"['ズ', 'ト']","['と（じる）', 'ふさ（ぐ）', 'もり', 'やまなし']",7
逗,1,"['ズ', 'トウ']",['とど（まる）'],11
翠,1,['スイ'],"['かわせみ', 'みどり']",14
翆,1,['スイ'],"['かわせみ', 'みどり']",10
錘,1,['スイ'],"['おもり', 'つむ']",16
錐,1,['スイ'],['きり'],16
瑞,1,"['スイ', 'ズイ']","['しるし', 'みず', 'めでた（い）']",13
蕊,1,['ズイ'],['しべ'],15
惢,-1,"['サ', 'ズイ']",[],12
蕋,1,['ズイ'],['しべ'],15
歮,-1,,,-1
蘂,1,['ズイ'],['しべ'],19
橤,-1,,,-1
椙,1,[],['すぎ'],12
吋,1,"['スン', 'トウ']",['インチ'],6
棲,1,['セイ'],"['す', 'すみか', 'す（む）']",12
靖,1,['セイ'],"['やす（い）', 'やす（らか）', 'やす（んじる）']",13
脆,1,"['セイ', 'ゼイ']","['かる（い）', 'もろ（い）', 'やわ（らかい）', 'よわ（い）']",10
貰,1,['セイ'],"['か（りる）', 'もら（う）', 'ゆる（す）']",12
汐,1,['セキ'],"['うしお', 'しお']",6
碩,1,['セキ'],['おお（きい）'],14
屑,1,['セツ'],"['いさぎよ（い）', 'くず']",10
鱈,1,['セツ'],['たら'],22
尖,1,['セン'],"['さき', 'するど（い）', 'とが（る）']",6
揃,1,['セン'],"['そろ（い）', 'そろ（う）', 'そろ（える）']",12
栴,1,['セン'],[],10
煽,1,['セン'],"['あお（り）', 'あお（る）', 'おこ（る）', 'おだ（てる）']",14
穿,1,['セン'],"['うが（つ）', 'つらぬ（く）', 'は（く）', 'ほじく（る）', 'ほじ（る）']",9
箭,1,['セン'],['や'],15
㐄,-1,,,-1
苫,1,['セン'],"['とま', 'むしろ']",8
茜,1,['セン'],['あかね'],9
蝉,1,"['セン', 'ゼン']","['うつく（しい）', 'せみ', 'つづ（く）']",15
賤,1,"['セン', 'ゼン']","['あや（しい）', 'いや（しい）', 'いや（しめる）', 'しず', 'やす（い）']",15
賎,1,"['セン', 'ゼン']","['あや（しい）', 'いや（しい）', 'いや（しめる）', 'しず', 'やす（い）']",13
釧,1,['セン'],"['うでわ', 'くしろ']",11
銑,1,['セン'],['ずく'],14
閃,1,['セン'],['ひらめ（く）'],10
苒,1,['ゼン'],"['しげ（る）', 'すす（む）', 'やわ（らか）']",8
糎,1,[],['センチメートル'],15
噌,1,"['ソ', 'ソウ']",['かまびす（しい）'],15
曾,11,"['ゾ', 'ソウ', 'ソ', 'ゾウ']","['かさ（なる）', 'かつ（て）', 'すなわ（ち）', 'ま（す）']",12
岨,1,"['ショ', 'ソ']","['そば', 'そばだ（つ）']",8
叢,1,['ソウ'],"['くさむら', 'むら（がる）']",18
丵,-1,['サク'],[],10
宋,1,['ソウ'],[],7
匝,1,['ソウ'],['めぐ（る）'],5
惣,1,['ソウ'],['すべ（て）'],12
掻,1,['ソウ'],['か（く）'],11
槍,1,['ソウ'],['やり'],14
湊,1,['ソウ'],"['あつ（まる）', 'みなと']",12
漕,1,['ソウ'],"['こ（ぐ）', 'はこ（ぶ）']",14
甑,1,['ソウ'],['こしき'],17
竈,1,['ソウ'],"['かまど', 'へっつい']",21
黽,1,"['ビン', 'ベン', 'ボウ']","['あおがえる', 'つと（める）']",13
竃,1,['ソウ'],"['かまど', 'へっつい']",17
糟,1,['ソウ'],['かす'],17
綜,1,['ソウ'],"['おさ', 'す（べる）', 'まじ（える）']",14
聡,1,['ソウ'],['さと（い）'],14
葱,1,['ソウ'],"['あお（い）', 'き', 'ねぎ']",12
怱,1,['ソウ'],"['あわ（てる）', 'いそ（ぐ）']",9
蒼,1,['ソウ'],"['あお', 'あお（い）', 'しげ（る）']",13
藪,1,['ソウ'],"['さわ', 'やぶ']",18
數,11,"['スウ', 'ス', 'サク', 'シュ', 'ソク']","['かず', 'かぞ（える）', 'しばしば']",15
薮,1,['ソウ'],"['さわ', 'やぶ']",16
蚤,1,['ソウ'],"['つめ', 'のみ', 'はや（い）']",10
㕚,-1,,,-1
鰺,1,['ソウ'],['あじ'],22
參,11,"['サン', 'シン']","['まい（る）', 'まじ（わる）']",11
鯵,1,['ソウ'],['あじ'],19
噂,1,['ソン'],['うわさ'],15
樽,1,['ソン'],['たる'],16
鱒,1,"['ソン', 'ゾン']",['ます'],23
柁,1,"['タ', 'ダ']",['かじ'],9
舵,1,"['タ', 'ダ']",['かじ'],11
詑,1,['タ'],['あざむ（く）'],12
詫,1,['タ'],"['ほこ（る）', 'わび', 'わ（びる）']",13
陀,1,"['タ', 'ダ']",[],8
騨,1,"['タ', 'ダ', 'タン']",[],19
楕,1,['ダ'],[],13
橢,1,['ダ'],[],16
隋,1,"['ズイ', 'タ', 'ダ']",[],12
雫,1,['ダ'],['しずく'],11
岱,1,['タイ'],[],8
梯,1,"['タイ', 'テイ']",['はしご'],11
殆,1,['タイ'],"['あや（うい）', 'ほとほと', 'ほとん（ど）']",9
碓,1,['タイ'],['うす'],13
腿,1,['タイ'],['もも'],14
苔,1,['タイ'],['こけ'],8
鎚,1,"['タイ', 'ツイ']","['かなづち', 'つち']",18
黛,1,['タイ'],"['かきまゆ', 'まゆ', 'まゆずみ']",16
悌,1,"['ダイ', 'テイ']",[],10
迺,1,"['ダイ', 'ナイ']","['すなわ（ち）', 'なんじ', 'の']",10
廼,1,"['ダイ', 'ナイ']","['すなわ（ち）', 'なんじ', 'の']",9
醍,1,"['ダイ', 'テイ']",[],16
啄,1,"['タク', 'トク']",['ついば（む）'],10
豖,-1,['チョク'],[],8
托,1,['タク'],"['お（く）', 'お（す）', 'たの（む）']",6
擢,1,"['タク', 'テキ']","['ぬき（んでる）', 'ぬ（く）']",17
琢,1,['タク'],['みが（く）'],11
鐸,1,['タク'],['すず'],21
睪,-1,['エキ'],[],13
凧,1,[],"['いかのぼり', 'たこ']",5
韃,1,"['タツ', 'ダツ']","['むち', 'むちう（つ）']",22
捺,1,"['ダツ', 'ナツ']",['お（す）'],11
坦,1,['タン'],['たい（ら）'],8
椴,1,"['タン', 'ダン']","['とど', 'とどまつ']",13
檀,1,"['タン', 'ダン']",['まゆみ'],17
歎,1,['タン'],"['たた（える）', 'なげ（く）']",15
湛,1,"['タン', 'チン']","['あつ（い）', 'しず（む）', 'たた（える）', 'ふか（い）', 'ふけ（る）']",12
灘,1,"['タン', 'ダン']","['なだ', 'はやせ']",22
難,11,"['ナン', 'ダ', 'ダン', 'ナ']","['むずか（しい）', 'かた（い）', 'にく（い）', 'むつか（しい）']",19
箪,1,['タン'],"['はこ', 'ひさご', 'わりご']",15
耽,1,['タン'],['ふけ（る）'],10
蛋,1,['タン'],"['あま', 'えびす', 'たまご']",11
智,1,['チ'],"['さと（い）', 'ちえ']",12
薙,1,"['チ', 'テイ']","['か（る）', 'そ（る）', 'な（ぐ）']",16
雉,1,"['ジ', 'チ']",['きじ'],13
蜘,1,['チ'],['くも'],14
紬,1,['チュウ'],"['つむぎ', 'つむ（ぐ）']",11
註,1,['チュウ'],['ときあか（す）'],12
儲,1,['チョ'],"['そえ', 'たくわ（える）', 'もう（け）', 'もう（ける）']",18
樗,1,['チョ'],['おうち'],15
雩,-1,['ウ'],[],11
瀦,1,['チョ'],"['た（まる）', 'みずたま（り）']",19
豬,-1,['チョ'],"['い', 'いのしし']",16
潴,1,['チョ'],"['た（まる）', 'みずたま（り）']",15
猪,1,['チョ'],"['い', 'いのしし']",11
苧,1,['チョ'],"['お', 'からむし']",8
凋,1,['チョウ'],['しぼ（む）'],10
喋,1,"['チョウ', 'トウ']","['しゃべ（る）', 'ふ（む）']",12
寵,1,['チョウ'],"['いつく（しむ）', 'めぐ（み）', 'めぐ（む）']",19
挺,1,"['チョウ', 'テイ']","['ぬき（んでる）', 'ぬ（く）']",10
暢,1,['チョウ'],"['の（びる）', 'の（べる）', 'とお（る）']",14
肇,1,['チョウ'],"['はじ（め）', 'はじ（める）']",14
脹,1,['チョウ'],"['は（れる）', 'ふく（よか）', 'ふく（れる）']",12
蔦,1,['チョウ'],['つた'],14
蝶,1,['チョウ'],[],15
諜,1,['チョウ'],"['うかが（う）', 'さぐ（る）', 'しめ（す）', 'ふだ']",16
釘,1,"['チョウ', 'テイ']",['くぎ'],10
銚,1,"['チョウ', 'ヨウ']","['すき', 'なべ']",14
鯛,1,['チョウ'],['たい'],19
椿,1,['チン'],['つばき'],13
砧,1,"['ガン', 'チン']",['きぬた'],10
槌,1,['ツイ'],"['う（つ）', 'つち']",14
栂,1,['バイ'],"['つが', 'とが']",9
辻,1,[],['つじ'],6
剃,1,['テイ'],['そ（る）'],9
汀,1,['テイ'],"['なぎさ', 'みぎわ']",5
碇,1,['テイ'],['いかり'],13
禎,1,['テイ'],['さいわ（い）'],13
綴,1,"['テイ', 'テツ']","['つづ（る）', 'と（じる）']",14
叕,-1,,,-1
蹄,1,['テイ'],"['ひづめ', 'わな']",16
鵜,1,['テイ'],['う'],18
鼎,1,['テイ'],"['かなえ', 'まさ（に）']",13
禰,1,"['デイ', 'ネ']","['かたしろ', 'みたまや']",19
祢,1,"['デイ', 'ネ']","['かたしろ', 'みたまや']",9
荻,1,['テキ'],['おぎ'],10
狄,1,['テキ'],['えびす'],7
鏑,1,['テキ'],"['かぶら', 'かぶらや', 'やじり']",19
姪,1,['テツ'],['めい'],9
畷,1,['テツ'],['なわて'],13
轍,1,['テツ'],['わだち'],19
佃,1,"['テン', 'デン']","['か（り）', 'たがや（す）', 'つくだ']",7
淀,1,"['テン', 'デン']","['よど', 'よど（む）']",11
澱,1,"['テン', 'デン']","['おり', 'よど', 'よど（む）']",16
甜,1,['テン'],"['あま（い）', 'うま（い）']",11
纏,1,['テン'],"['まつ（る）', 'まつ（わる）', 'まとい', 'まと（う）', 'まと（める）']",21
廛,1,['テン'],"['みせ', 'やしき']",15
纒,1,['テン'],"['まつ（る）', 'まつ（わる）', 'まとい', 'まと（う）', 'まと（める）']",22
㕓,-1,,,-1
辿,1,['テン'],['たど（る）'],7
顛,1,['テン'],"['いただき', 'くつがえ（る）', 'たお（れる）']",19
撚,1,"['デン', 'ネン']","['ひね（る）', 'よ（り）', 'よ（る）']",15
鮎,1,"['デン', 'ネン']","['あゆ', 'なまず']",16
兎,1,['ト'],['うさぎ'],7
兔,1,['ト'],['うさぎ'],8
兜,1,"['ト', 'トウ']",['かぶと'],11
堵,1,['ト'],['かき'],12
菟,1,['ト'],['うさぎ'],12
莵,1,['ト'],['うさぎ'],10
鍍,1,['ト'],['めっき'],17
塘,1,['トウ'],['つつみ'],13
套,1,['トウ'],"['おお（い）', 'かさ（ねる）']",10
镸,-1,"['チョウ', 'ジョウ']","['なが（い）', 'おさ', 'た（ける）']",7
宕,1,['トウ'],"['ほしいまま', 'ほらあな']",8
嶋,1,['トウ'],['しま'],14
桐,1,"['トウ', 'ドウ']",['きり'],10
桶,1,['トウ'],['おけ'],11
樋,1,['トウ'],"['とい', 'ひ']",15
檮,1,['トウ'],"['おろ（か）', 'きりかぶ']",18
壽,11,"['ジュ', 'ス']","['ことぶき', 'いのちなが（し）', 'ことほ（ぐ）', 'とし', 'ひさ（しい）']",14
梼,1,['トウ'],"['おろ（か）', 'きりかぶ']",11
淘,1,['トウ'],['よな（げる）'],11
濤,1,['トウ'],['なみ'],17
涛,1,['トウ'],['なみ'],10
祷,1,['トウ'],"['いの（る）', 'まつ（る）']",11
萄,1,"['トウ', 'ドウ']",[],11
蕩,1,['トウ'],"['あら（う）', 'うご（かす）', 'うご（く）', 'とろ（ける）', 'はら（う）', 'ほしいまま']",15
鐙,1,['トウ'],"['あぶみ', 'たかつき']",20
嚢,1,"['ドウ', 'ノウ']",['ふくろ'],18
膿,1,"['ドウ', 'ノウ']","['うみ', 'う（む）']",17
涜,1,"['トウ', 'トク']","['あなど（る）', 'けが（す）', 'みぞ']",10
禿,1,['トク'],"['かむろ', 'ち（びる）', 'はげ', 'は（げる）']",7
噸,1,[],['トン'],16
敦,1,['トン'],['あつ（い）'],12
沌,1,['トン'],['ふさ（がる）'],7
凪,1,[],"['なぎ', 'な（ぐ）']",6
楠,1,['ナン'],['くすのき'],13
播,1,"['ハ', 'バン']","['し（く）', 'ま（く）']",15
杷,1,['ハ'],['さらい'],8
琶,1,['ハ'],[],12
簸,1,['ハ'],"['あお（る）', 'ひ（る）']",19
芭,1,"['ハ', 'バ']",[],7
頗,1,['ハ'],"['かたよ（る）', 'すこぶ（る）']",14
吠,1,"['ハイ', 'バイ']",['ほ（える）'],7
牌,1,['ハイ'],['ふだ'],12
盃,1,['ハイ'],['さかずき'],9
稗,1,['ハイ'],"['こま（かい）', 'ひえ']",13
楳,1,['バイ'],['うめ'],13
煤,1,['バイ'],"['すす', 'すす（ける）']",13
狽,1,['バイ'],[],10
柏,1,"['ハク', 'ヒャク', 'ビャク']",['かしわ'],9
狛,1,['ハク'],"['こま', 'こまいぬ']",8
箔,1,['ハク'],"['すだれ', 'のべがね']",14
粕,1,['ハク'],['かす'],11
駁,1,"['ハク', 'バク']","['なじ（る）', 'ぶち', 'ま（じる）', 'まだら']",14
爻,-1,['コウ'],['まじ（わる）'],4
摸,1,"['バク', 'ボ', 'モ']","['うつ（す）', 'さぐ（る）']",13
曝,1,"['バク', 'ホク']","['さら（ける）', 'さら（す）', 'さらば（える）']",19
旲,-1,"['エイ', 'タイ', 'ダイ']",[],7
硲,1,[],['はざま'],12
畠,1,[],"['はた', 'はたけ']",10
捌,1,"['ハチ', 'ハツ', 'ベツ']","['さば（く）', 'さば（ける）', 'は（かす）', 'は（ける）']",10
溌,1,['ハツ'],"['そそ（ぐ）', 'は（ねる）']",12
筏,1,"['ハツ', 'バツ']",['いかだ'],12
醗,1,['ハツ'],['かも（す）'],16
噺,1,[],['はなし'],16
叛,1,"['ハン', 'ホン']","['そむ（く）', 'はな（れる）']",9
幡,1,"['ハン', 'ホン', 'マン']","['のぼり', 'はた', 'ひるがえ（る）']",15
扮,1,"['ハン', 'フン']","['かざ（る）', 'よそお（う）']",7
磐,1,"['ハン', 'バン']","['いわ', 'わだかま（る）']",15
蕃,1,"['ハン', 'バン']","['えびす', 'しげ（る）', 'ふ（える）', 'まがき']",15
挽,1,['バン'],['ひ（く）'],10
蔓,1,"['バン', 'マン']","['つる', 'はびこ（る）']",14
鰻,1,"['バン', 'マン']",['うなぎ'],22
匪,1,['ヒ'],"['あら（ず）', 'わるもの']",10
庇,1,['ヒ'],"['かば（う）', 'ひさし']",7
斐,1,['ヒ'],['あや'],12
枇,1,"['ヒ', 'ビ']","['くし', 'さじ']",8
毘,1,"['ヒ', 'ビ']",['たす（ける）'],9
緋,1,['ヒ'],"['あか', 'あけ']",14
誹,1,['ヒ'],['そし（る）'],15
轡,1,['ヒ'],"['くつわ', 'たづな']",22
梶,1,['ビ'],"['かじ', 'こずえ']",11
琵,1,['ビ'],[],12
弼,1,['ヒツ'],"['すけ', 'たす（け）', 'たす（ける）']",12
㢶,-1,,,-1
畢,1,['ヒツ'],"['お（わる）', 'ことごと（く）']",11
逼,1,"['ヒツ', 'ヒョク']",['せま（る）'],13
彪,1,"['ヒュウ', 'ヒョウ']","['あや', 'まだら']",11
謬,1,['ビュウ'],['あやま（る）'],18
翏,-1,"['リュウ', 'リョウ']",[],11
瓢,1,['ヒョウ'],"['ひさご', 'ふくべ']",17
豹,1,['ヒョウ'],[],10
廟,1,['ビョウ'],"['たまや', 'みたまや', 'やしろ']",15
鋲,1,['ビョウ'],[],15
錨,1,['ビョウ'],['いかり'],16
彬,1,['ヒン'],['あき（らか）'],11
斌,1,['ヒン'],['うるわ（しい）'],12
瀕,1,['ヒン'],"['せま（る）', 'そ（う）', 'みぎわ']",19
頻,-1,,,-1
牝,1,['ヒン'],"['め', 'めす']",6
埠,1,['フ'],"['つか', 'はとば']",11
撫,1,"['フ', 'ブ']",['な（でる）'],15
斧,1,['フ'],['おの'],8
芙,1,['フ'],['はす'],7
蒲,1,"['フ', 'ブ', 'ホ']","['がま', 'かわやなぎ', 'むしろ']",13
輔,1,"['フ', 'ホ']","['すけ', 'たす（ける）']",14
鮒,1,['フ'],['ふな'],16
葡,1,"['ブ', 'ホ']",[],12
匍,1,['ホ'],"['は（う）', 'はらば（う）']",9
蔀,1,"['ブ', 'ホウ']","['おお（い）', 'しとみ']",14
蕪,1,"['ブ', 'ム']","['あ（れる）', 'かぶ', 'かぶら', 'しげ（る）', 'みだ（れる）']",15
鵡,1,"['ブ', 'ム']",[],19
楓,1,['フウ'],['かえで'],13
鳳,1,"['ブウ', 'ホウ']",['おおとり'],14
吻,1,['フン'],"['くちさき', 'くちびる']",7
焚,1,['フン'],"['た（く）', 'や（く）']",12
糞,1,['フン'],"['くそ', 'けが（れ）', 'つちか（う）', 'はら（う）']",17
僻,1,"['ヘイ', 'ヘキ']","['かたよ（る）', 'ひが（む）', 'ひめがき']",15
篦,1,['ヘイ'],"['かんざし', 'すきぐし', 'の', 'へら']",16
囟,-1,['シン'],[],6
箆,1,['ヘイ'],"['かんざし', 'すきぐし', 'の', 'へら']",14
碧,1,['ヘキ'],"['あお', 'あお（い）', 'みどり']",14
珀,1,['ハク'],[],9
瞥,1,['ベツ'],['み（る）'],17
篇,1,['ヘン'],"['ふだ', 'ふみ', 'まき']",15
鞭,1,"['ヘン', 'ベン']","['むち', 'むちう（つ）']",18
娩,1,"['バン', 'ベン']",['う（む）'],10
緬,1,"['ベン', 'メン']","['とお（い）', 'はる（か）']",15
圃,1,['ホ'],['はたけ'],10
菩,1,"['ホ', 'ボ']",[],11
鋪,1,"['ホ', 'フ']","['し（く）', 'みせ']",15
姥,1,"['ボ', 'モ']","['うば', 'ばば']",9
牡,1,"['ボ', 'ボウ']","['お', 'おす']",7
峯,1,"['ホウ', 'フ']",['みね'],10
庖,1,['ホウ'],['くりや'],8
捧,1,['ホウ'],"['かか（える）', 'ささ（げる）']",11
烹,1,['ホウ'],['に（る）'],11
萌,1,"['ホウ', 'ボウ']","['きざ（す）', 'たみ', 'めぐ（む）', 'めば（え）', 'も（える）', 'も（やし）']",11
萠,1,"['ホウ', 'ボウ']","['きざ（す）', 'たみ', 'めぐ（む）', 'めば（え）', 'も（える）', 'も（やし）']",11
蓬,1,['ホウ'],['よもぎ'],14
鋒,1,['ホウ'],"['きっさき', 'ほこ', 'ほこさき']",15
鞄,1,['ホウ'],"['かばん', 'なめしがわ']",14
鴇,1,['ホウ'],"['とき', 'のがん']",15
鵬,1,['ホウ'],['おおとり'],19
牟,1,"['ボウ', 'ム']","['な（く）', 'むさぼ（る）']",6
茅,1,['ボウ'],"['かや', 'ち', 'ちがや']",8
蒙,1,"['ボウ', 'モウ']","['おお（う）', 'くら（い）', 'こうむ（る）']",13
冡,-1,,,-1
虻,1,"['ボウ', 'モウ']",['あぶ'],9
鉾,1,"['ボウ', 'ム']","['きっさき', 'ほこ']",14
穆,1,"['ボク', 'モク']",['やわ（らぐ）'],16
㣎,-1,,,-1
柾,1,[],"['まさ', 'まさき']",9
俣,1,[],['また'],9
吴,-1,,,-1
沫,1,['マツ'],"['あわ', 'しぶき']",8
麿,1,[],['まろ'],18
粍,1,[],['ミリメートル'],10
匁,1,[],"['め', 'もんめ']",4
棉,1,['メン'],['わた'],12
杢,1,[],['もく'],7
籾,1,[],['もみ'],9
椛,1,[],"['かば', 'もみじ']",11
悶,1,['モン'],['もだ（える）'],12
爺,1,['ヤ'],"['おやじ', 'じじ']",13
耶,1,['ヤ'],['か'],9
鑓,1,[],['やり'],22
柚,1,"['ユ', 'ユウ', 'ジク', 'チク']",['ゆず'],9
宥,1,['ユウ'],"['なだ（める）', 'ゆる（す）']",9
尢,-1,['オウ'],[],3
涌,1,"['ユウ', 'ヨウ']",['わ（く）'],10
猷,1,['ユウ'],"['はかりごと', 'はか（る）', 'みち']",13
祐,1,['ユウ'],"['たす（け）', 'たす（ける）']",9
輿,1,['ヨ'],"['おお（い）', 'くるま', 'こし', 'の（せる）']",17
傭,1,"['チョウ', 'ヨウ']","['やと（い）', 'やと（う）']",13
楊,1,['ヨウ'],['やなぎ'],13
熔,1,['ヨウ'],"['いがた', 'い（る）', 'と（かす）', 'と（ける）']",14
鎔,1,['ヨウ'],"['いがた', 'い（る）', 'と（かす）', 'と（ける）']",18
耀,1,['ヨウ'],['かがや（く）'],20
蓉,1,['ヨウ'],[],13
蠅,1,['ヨウ'],['はえ'],19
蝿,1,['ヨウ'],['はえ'],15
遥,1,['ヨウ'],"['さまよ（う）', 'とお（い）', 'なが（い）', 'はる（か）']",12
慾,1,['ヨク'],['ほっ（する）'],15
螺,1,['ラ'],"['つぶ', 'にし', 'にな', 'ほらがい']",17
莱,1,['ライ'],"['あかざ', 'あれち']",10
蘭,1,['ラン'],"['あららぎ', 'ふじばかま']",19
哩,1,['リ'],['マイル'],10
李,1,['リ'],['すもも'],7
浬,1,['リ'],"['かいり', 'ノット']",10
狸,1,['リ'],['たぬき'],10
裡,1,['リ'],"['うら', 'うち']",12
鯉,1,['リ'],"['こい', 'てがみ']",18
葎,1,['リツ'],['むぐら'],12
掠,1,"['リャク', 'リョウ']","['かす（める）', 'かす（る）', 'かす（れる）', 'さら（う）', 'むちう（つ）']",11
劉,1,['リュウ'],"['ころ（す）', 'つら（ねる）']",15
溜,1,['リュウ'],"['したた（る）', 'た（まる）', 'ため', 'た（める）']",13
琉,1,"['リュウ', 'ル']",[],11
笠,1,['リュウ'],['かさ'],11
亮,1,['リョウ'],"['あき（らか）', 'すけ']",9
凌,1,['リョウ'],['しの（ぐ）'],10
嶺,1,"['リョウ', 'レイ']",['みね'],17
梁,1,['リョウ'],"['うつばり', 'はし', 'はり', 'やな']",11
刅,-1,,,-1
椋,1,['リョウ'],['むく'],12
稜,1,"['リョウ', 'ロウ']",['かど'],13
綾,1,"['リョウ', 'リン']",['あや'],14
苓,1,"['リョウ', 'レイ']",['みみなぐさ'],8
菱,1,['リョウ'],['ひし'],11
諒,1,['リョウ'],"['さと（る）', 'まこと']",15
遼,1,['リョウ'],['はる（か）'],15
淋,1,['リン'],"['さび（しい）', 'したた（る）', 'そそ（ぐ）', 'りんびょう']",11
燐,1,['リン'],[],17
琳,1,['リン'],[],12
鱗,1,['リン'],['うろこ'],24
麟,1,['リン'],['きりん'],24
婁,1,"['ル', 'ロウ']","['つな（ぐ）', 'つな（がれる）']",11
屡,1,['ル'],['しばしば'],12
伶,1,"['リョウ', 'レイ']","['さか（しい）', 'わざおぎ']",7
怜,1,"['レイ', 'レン']","['あわ（れむ）', 'さと（い）']",8
玲,1,['レイ'],[],9
礪,1,['レイ'],"['あらと', 'と（ぐ）', 'みが（く）']",19
厲,-1,,,-1
砺,1,['レイ'],"['あらと', 'と（ぐ）', 'みが（く）']",10
蠣,1,['レイ'],['かき'],20
蛎,1,['レイ'],['かき'],11
憐,1,['レン'],"['あわ（れみ）', 'あわ（れむ）']",16
漣,1,['レン'],['さざなみ'],14
煉,1,['レン'],['ね（る）'],13
簾,1,['レン'],"['す', 'すだれ']",19
聯,1,['レン'],"['つら（なる）', 'つら（ねる）']",17
丱,1,"['カン', 'ケン']","['あげまき', 'おさな（い）']",5
聨,1,['レン'],"['つら（なる）', 'つら（ねる）']",15
蓮,1,['レン'],"['はす', 'はちす']",13
櫓,1,['ロ'],"['おおだて', 'やぐら']",19
魯,1,['ロ'],['おろ（か）'],15
蕗,1,['ロ'],['ふき'],16
鷺,1,['ロ'],['さぎ'],24
牢,1,['ロウ'],"['いけにえ', 'かた（い）', 'ひとや']",7
狼,1,['ロウ'],"['おおかみ', 'みだ（れる）']",10
聾,1,['ロウ'],[],22
蝋,1,['ロウ'],[],14
漉,1,['ロク'],"['こ（す）', 'したた（らせる）', 'す（く）']",14
禄,1,['ロク'],"['さいわ（い）', 'ふち']",12
歪,1,['ワイ'],"['いが（む）', 'いびつ', 'ひず（む）', 'ゆが（む）']",9
隈,1,['ワイ'],"['くま', 'すみ']",12
椀,1,['ワン'],['はち'],12
碗,1,['ワン'],[],13
咒,1,"['ジュ', 'シュ', 'シュウ']","['のろ（う）', 'まじな（い）', 'まじな（う）']",8
埜,1,"['ヤ', 'ショ']","['の', 'いなかや', 'いや（しい）']",11
崕,1,['ガイ'],"['がけ', 'かどだ（つ）']",11
欝,-1,['ウツ'],"['さか（ん）', 'しげ（る）', 'ふさ（ぐ）']",25
棥,-1,,,-1
溯,1,['ソ'],"['さかのぼ（る）', 'む（かう）']",13
篭,1,"['ロウ', 'ル']","['かご', 'こ（もる）', 'こ（める）']",16
葢,1,"['ガイ', 'コウ']","['ふた', 'おお（い）', 'おお（う）', 'かさ', 'けだ（し）']",12
盇,-1,['コウ'],"['あ（う）', 'おお（う）', 'なん（ぞ）']",9
麪,1,"['ベン', 'メン']",['むぎこ'],15
麥,11,['バク'],['むぎ'],11
丏,-1,"['ベン', 'メン']",[],4
卻,1,['キャク'],"['かえ（って）', 'しりぞ（く）', 'しりぞ（ける）']",9
圀,1,['コク'],['くに'],9
堽,1,['コウ'],['おか'],13
罡,-1,['コウ'],[],10
棊,1,"['キ', 'ゴ']",[],12
澂,1,['チョウ'],"['す（ます）', 'す（む）']",15
烟,1,['エン'],"['けむ（い）', 'けむり', 'けむ（る）', 'けぶ（る）', 'けむ']",10
璢,1,['ル'],[],16
畱,-1,"['リュウ', 'ル']","['と（まる）', 'と（める）', 'とど（まる）', 'とど（める）']",12
筍,1,"['シュン', 'ジュン']","['たけのこ', 'たけのかわ']",12
笋,1,"['シュン', 'ジュン']","['たけのこ', 'たけのかわ']",10
聟,1,['セイ'],['むこ'],14
謌,1,['カ'],"['うた', 'うた（う）']",17
鑒,1,['カン'],"['かんが（みる）', 'かがみ']",23
鑵,1,['カン'],['かま'],25
襍,1,"['ザツ', 'ゾウ']","['ま（じる）', 'ま（ぜる）']",17
雜,11,"['ザツ', 'ゾウ']","['ま（じる）', 'ま（ぜる）']",18
霸,1,"['ハ', 'ハク']",['はたがしら'],21
韵,1,['イン'],"['おもむき', 'ひびき']",13
飜,1,"['ホン', 'ハン']","['ひるがえ（す）', 'ひるがえ（る）']",21
黏,1,"['ネン', 'デン']",['ねば（る）'],17
弌,1,"['イチ', 'イツ']","['ひと', 'ひと（つ）', 'はじ（め）']",4
丐,1,['カイ'],"['こ（う）', 'こじき']",4
丕,1,['ヒ'],"['う（ける）', 'おお（きい）', 'もと']",5
乖,1,['カイ'],"['そむ（く）', 'もと（る）']",8
㐭,-1,,,-1
仍,1,"['ジョウ', 'ニョウ']","['かさ（なる）', 'しきり（に）', 'なお', 'よ（って）', 'よ（りて）', 'よ（る）']",4
仄,1,"['シキ', 'ショク', 'ソク']","['いや（しい）', 'かたむ（く）', 'かたわ（ら）', 'そばだ（つ）', 'ほの（か）', 'ほの（めかす）', 'ほの（めく）']",4
仆,1,"['フ', 'ホク']","['たお（れる）', 'ふ（す）']",4
仂,1,"['リキ', 'リョク', 'ロク']","['あま（り）', 'つと（める）']",4
仗,1,['ジョウ'],"['つわもの', 'ほこ', 'まも（り）', 'よ（る）']",5
仞,1,['ジン'],"['はか（る）', 'ひろ']",5
仭,1,['ジン'],"['はか（る）', 'ひろ']",5
仟,1,['セン'],['かしら'],5
价,1,['カイ'],['よ（い）'],6
伉,1,['コウ'],"['おご（る）', 'たぐい', 'つよ（い）', 'なら（ぶ）']",6
佚,1,"['イツ', 'テツ']","['うしな（う）', 'たが（いに）', 'たの（しむ）', 'のが（れる）', 'やす（んずる）']",7
估,1,['コ'],"['あきな（う）', 'あたい', 'う（る）']",7
佝,1,"['ク', 'コウ']","['おろ（か）', 'ま（がる）']",7
佗,1,"['イ', 'タ']","['にな（う）', 'ほか', 'わび', 'わび（しい）', 'わ（びる）']",7
佇,1,['チョ'],"['たたず（む）', 'たちど（まる）', 'ま（つ）']",7
佞,1,"['デイ', 'ネイ']","['おもね（る）', 'へつら（う）', 'よこしま']",7
佶,1,['キツ'],[],8
侈,1,['シ'],"['おお（きい）', 'おご（る）', 'ほしいまま']",8
侏,1,['シュ'],['みじか（い）'],8
侘,1,['タ'],"['ほこ（る）', 'わび', 'わび（しい）', 'わ（びる）']",8
佻,1,['チョウ'],"['かる（い）', 'かるがる（しい）']",8
佩,1,['ハイ'],"['おびだま', 'お（びる）', 'は（く）']",8
侑,1,"['ウ', 'ユウ']","['すす（める）', 'たす（ける）', 'むく（いる）', 'ゆる（す）']",8
佯,1,['ヨウ'],"['いつわ（る）', 'さまよ（う）']",8
俔,1,['ケン'],"['うかが（う）', 'たと（える）']",9
俟,1,['シ'],['ま（つ）'],9
俎,1,"['ショ', 'ソ']",['まないた'],9
俘,1,['フ'],"['とりこ', 'と（る）']",9
俛,1,"['フ', 'ベン', 'メン']",['ふ（せる）'],9
俑,1,"['トウ', 'ヨウ']","['いた（む）', 'ひとがた']",9
俚,1,['リ'],"['いや（しい）', 'ひな']",9
俐,1,['リ'],"['かしこ（い）', 'さか（しい）']",9
俤,1,[],['おもかげ'],9
俥,1,[],['くるま'],9
倚,1,"['イ', 'キ']","['たの（む）', 'よ（る）']",10
倨,1,"['キョ', 'コ']",['おご（る）'],10
倔,1,['クツ'],['つよ（い）'],10
倪,1,['ゲイ'],"['きわ', 'ながしめ']",10
兒,11,"['ジ', 'ニ']",['こ'],8
倥,1,['コウ'],"['いそが（しい）', 'おろ（か）', 'ぬか（る）']",10
倅,1,"['サイ', 'ソツ']","['せがれ', 'たす（け）', 'にわ（か）']",10
伜,1,"['サイ', 'ソツ']","['せがれ', 'たす（け）', 'にわ（か）']",6
俶,1,"['シュク', 'テキ']","['すぐ（れる）', 'はじ（める）', 'よ（い）']",10
倡,1,['ショウ'],"['あそびめ', 'とな（える）', 'わざおぎ']",10
倩,1,"['セイ', 'セン']","['うつく（しい）', 'つらつら', 'むこ', 'やと（う）']",10
倬,1,['タク'],"['あき（らか）', 'おお（きい）', 'たか（い）']",10
俾,1,"['ヒ', 'ヘイ']","['しもべ', 'にら（む）']",10
俯,1,['フ'],"['ふ（す）', 'ふ（せる）', 'うつぶ（す）', 'うつむ（く）']",10
們,1,['モン'],['ともがら'],10
倆,1,['リョウ'],['うでまえ'],10
兩,11,['リョウ'],['ふた（つ）'],8
偃,1,['エン'],"['おご（る）', 'ふ（す）', 'ふ（せる）', 'や（める）']",11
偕,1,['カイ'],['とも（に）'],11
偐,1,"['ガン', 'ゲン']","['にせ', 'にせもの']",11
偈,1,"['ゲ', 'ケイ', 'ケツ']","['いこ（う）', 'はや（い）']",11
偖,1,['シャ'],['さて'],11
偬,1,"['ソウ', 'ス']",[],11
偸,1,"['チュウ', 'トウ']","['うす（い）', 'かりそめ', 'ぬす（む）']",11
做,1,"['サ', 'サク']",['な（す）'],11
傀,1,['カイ'],"['おお（きい）', 'くぐつ']",12
傚,1,['コウ'],['なら（う）'],12
效,11,['コウ'],"['き（く）', 'いた（す）', 'かい', 'なら（う）']",10
傅,1,['フ'],"['かしず（く）', 'つ（く）', 'もり']",12
傴,1,['ウ'],"['かが（む）', 'つつし（む）']",13
區,11,"['ク', 'オウ']",[],11
僉,1,['セン'],['みな'],13
僊,1,['セン'],"['せんにん', 'やまびと']",14
僂,1,"['ル', 'ロウ']","['かが（める）', 'ま（げる）']",13
僖,1,['キ'],"['たの（しむ）', 'よろこ（ぶ）']",14
僥,1,['ギョウ'],"['ねが（う）', 'もと（める）']",14
堯,11,['ギョウ'],['たか（い）'],12
僭,1,"['シン', 'セン']","['おご（る）', 'なぞら（える）']",16
朁,-1,,,-1
僣,1,"['シン', 'セン']","['おご（る）', 'なぞら（える）']",14
僮,1,"['トウ', 'ドウ']","['おろ（か）', 'しもべ', 'わらべ']",14
僵,1,['キョウ'],['たお（れる）'],15
儁,1,['シュン'],['すぐ（れる）'],15
雋,1,"['シュン', 'セン']",['すぐ（れる）'],13
儂,1,"['ドウ', 'ノウ']","['わし', 'われ']",15
儕,1,"['サイ', 'セイ']",['ともがら'],16
齊,11,"['セイ', 'サイ', 'シ']","['ととの（える）', 'ひと（しい）', 'ものいみ']",14
儔,1,"['チュウ', 'ジュウ', 'ジュ']",['ともがら'],16
儚,1,"['ボウ', 'モウ']","['くら（い）', 'はかな（い）', 'はかな（む）']",15
儡,1,['ライ'],"['くぐつ', 'つか（れる）', 'でく']",17
畾,-1,"['ライ', 'ルイ']",[],15
儺,1,"['ダ', 'ナ']",['おにやらい'],21
儷,1,['レイ'],"['つれあい', 'なら（ぶ）']",21
儼,1,['ゲン'],"['いかめ（しい）', 'おごそ（か）']",22
嚴,11,"['ゲン', 'ゴン']","['きび（しい）', 'おごそ（か）', 'いか（つい）', 'いかめ（しい）']",20
儻,1,['トウ'],"['ある（いは）', 'すぐ（れる）', 'も（し）']",22
黨,11,['トウ'],"['なかま', 'むら']",20
兌,1,"['ダ', 'タイ', 'エイ', 'エツ']","['か（える）', 'するど（い）', 'よろこ（ぶ）']",7
兢,1,['キョウ'],"['おそ（れる）', 'つつし（む）']",14
巜,-1,,,-1
冀,1,['キ'],"['こいねが（う）', 'こいねが（わくは）']",16
冑,1,['チュウ'],"['かぶと', 'よろい']",9
冃,-1,,,-1
冕,1,['ベン'],['かんむり'],11
冤,1,['エン'],"['あだ', 'ぬれぎぬ']",10
冪,1,['ベキ'],['おお（う）'],15
冱,1,"['コ', 'ゴ']","['こお（る）', 'さ（える）', 'さむ（い）']",6
冽,1,['レツ'],"['さむ（い）', 'つめ（たい）']",8
凅,1,['コ'],['こお（る）'],10
凜,1,['リン'],"['さむ（い）', 'すさ（まじい）']",15
稟,1,"['ヒン', 'リン']","['う（ける）', 'こめぐら', 'ふち', 'もう（す）']",13
凛,1,['リン'],"['さむ（い）', 'すさ（まじい）']",15
禀,1,"['ヒン', 'リン']","['う（ける）', 'こめぐら', 'ふち', 'もう（す）']",13
凩,1,[],['こがらし'],6
凭,1,['ヒョウ'],"['もた（れる）', 'よ（る）']",8
刋,1,['セン'],"['き（る）', 'けず（る）']",5
刔,1,['ケツ'],['えぐ（る）'],6
刎,1,"['フン', 'ブン']","['くびは（ねる）', 'は（ねる）']",6
刪,1,['サン'],"['えら（ぶ）', 'けず（る）']",7
刮,1,['カツ'],"['けず（る）', 'こす（る）', 'こそ（げる）']",8
刳,1,['コ'],"['えぐ（る）', 'く（る）', 'さ（く）']",8
剏,1,"['ショウ', 'ソウ']",['はじ（める）'],9
剄,1,['ケイ'],['くびき（る）'],9
剋,1,['コク'],"['か（つ）', 'きざ（む）', 'きび（しい）', 'き（める）']",9
剌,1,['ラツ'],"['そむ（く）', 'もと（る）']",9
剞,1,['キ'],['きざ（む）'],10
剔,1,"['テイ', 'テキ']","['えぐ（る）', 'そ（る）']",10
剪,1,['セン'],"['き（る）', 'つ（む）', 'はさ（む）', 'ほろ（ぼす）']",11
剴,1,['ガイ'],['き（る）'],12
剳,1,"['サツ', 'トウ']","['かぎ', 'かま']",11
剿,1,"['ショウ', 'ソウ']","['かすめと（る）', 'た（つ）', 'ほろ（ぼす）']",13
巢,11,['ソウ'],['す'],11
剽,1,['ヒョウ'],"['おびや（かす）', 'すばや（い）']",13
劈,1,['ヘキ'],"['さ（く）', 'つんざ（く）']",15
劬,1,"['ク', 'グ']",['つか（れる）'],7
劭,1,['ショウ'],['つと（める）'],7
劼,1,['カツ'],"['つつし（む）', 'つと（める）']",8
勁,1,['ケイ'],['つよ（い）'],9
勍,1,['ケイ'],['つよ（い）'],10
勗,1,"['キョク', 'コク']","['つと（める）', 'はげ（ます）']",11
勣,1,['セキ'],['いさお'],13
勦,1,"['ショウ', 'ソウ']","['かすめと（る）', 'すばや（い）', 'た（つ）', 'ほろ（ぼす）']",13
飭,1,['チョク'],"['いまし（める）', 'ただ（す）', 'つつし（む）', 'ととの（える）']",13
勠,1,['リク'],['あわ（せる）'],13
匆,1,['ソウ'],['いそが（しい）'],5
甸,1,"['テン', 'デン']","['おさ（める）', 'か（り）', 'か（る）']",7
匐,1,['フク'],"['は（う）', 'はらば（う）']",11
匏,1,['ホウ'],"['ひさご', 'ふくべ']",11
匣,1,['コウ'],['はこ'],7
匯,1,"['カイ', 'ワイ']",['めぐ（る）'],13
匱,1,"['キ', 'ギ']","['とぼ（しい）', 'はこ', 'ひつ']",14
匳,1,['レン'],"['くしげ', 'こばこ']",15
卅,1,['ソウ'],"['さんじゅう', 'みそ']",4
卍,1,"['バン', 'マン']",['まんじ'],6
卮,1,['シ'],['さかずき'],5
厖,1,['ボウ'],"['あつ（い）', 'おお（きい）']",9
尨,1,['ボウ'],"['おお（きい）', 'ま（じる）', 'むくいぬ']",7
欮,-1,,,-1
簒,1,"['サン', 'セン']","['うば（う）', 'と（る）']",17
么,-1,,,-1
叟,1,['ソウ'],"['おきな', 'としよ（り）']",10
燮,1,['ショウ'],['やわら（げる）'],17
叮,1,['テイ'],['ねんご（ろ）'],5
叨,1,['トウ'],"['みだり（に）', 'むさぼ（る）']",5
叭,1,"['ハ', 'ハツ']",[],5
叺,1,[],['かます'],5
吁,1,"['ウ', 'キョ', 'ク']","['ああ', 'なげ（く）']",6
吽,1,"['ウン', 'ク', 'グ', 'コウ', 'ゴウ']",[],7
听,1,"['キン', 'ギン', 'チョウ', 'テイ']","['ポンド', 'わら（う）']",7
吭,1,['コウ'],['のど'],7
吼,1,"['ク', 'コウ']",['ほ（える）'],7
吮,1,"['シュン', 'セン']","['す（う）', 'な（める）']",7
吶,1,"['トツ', 'ドツ']",['ども（る）'],7
內,-1,,,-1
吩,1,['フン'],"['いいつ（ける）', 'ふ（く）']",7
吝,1,['リン'],"['お（しむ）', 'けち', 'しわ（い）', 'やぶさ（か）']",7
呎,1,[],['フィート'],7
咏,1,['エイ'],"['うた', 'うた（う）']",8
呵,1,['カ'],"['しか（る）', 'ふ（く）', 'わら（う）']",8
咎,1,"['キュウ', 'コウ']","['とが', 'とが（め）', 'とが（める）']",8
处,-1,,,-1
呟,1,['ゲン'],['つぶや（く）'],8
呱,1,['コ'],['な（く）'],9
呷,1,['コウ'],"['あお（る）', 'す（う）']",8
呰,1,['シ'],"['きず', 'そし（る）']",9
呻,1,['シン'],"['うな（る）', 'うめ（く）']",8
咀,1,"['ショ', 'ソ']","['あじ（わう）', 'か（む）']",8
呶,1,"['ド', 'ドウ']",['かまびす（しい）'],8
咄,1,['トツ'],"['しか（る）', 'したう（ち）', 'はなし']",8
咐,1,"['フ', 'ホ']","['いいつ（ける）', 'ふ（く）']",8
咆,1,['ホウ'],['ほ（える）'],8
哇,1,"['ア', 'アイ', 'ワ']",['は（く）'],9
亏,-1,"['ウ', 'ク']","['ああ', 'ここ（に）', 'ゆ（く）']",3
咥,1,"['キ', 'テツ']","['か（む）', 'くわ（える）', 'わら（う）']",9
咬,1,"['コウ', 'ゴウ', 'ヨウ']","['かじ（る）', 'か（む）']",9
哄,1,['コウ'],['どよ（めき）'],9
哈,1,"['コウ', 'ゴウ', 'ソウ', 'ハ']",['すす（る）'],9
咫,1,['シ'],"['あた', 'た', 'ちか（い）']",9
哂,1,['シン'],"['あざわら（う）', 'わら（う）']",9
咤,1,['タ'],"['しか（る）', 'したう（ち）']",9
哦,1,['ガ'],['うた（う）'],10
唏,1,['キ'],['なげ（く）'],10
唔,1,['ゴ'],[],10
哽,1,['コウ'],"['ふさ（がる）', 'むせ（ぶ）']",10
哮,1,['コウ'],"['たけ（る）', 'ほ（える）']",10
哭,1,['コク'],['な（く）'],10
哢,1,['ロウ'],['さえず（る）'],10
唹,1,"['オ', 'ヨ']",['わら（う）'],11
啀,1,['ガイ'],['いが（む）'],11
啣,1,"['カン', 'ガン']","['くつわ', 'くらい', 'くわ（える）', 'ふく（む）']",12
售,1,['シュウ'],['う（る）'],11
啜,1,"['テツ', 'セツ']","['すす（る）', 'すすりな（く）']",11
啅,1,"['タク', 'チョウ', 'トウ']","['かまびす（しい）', 'さえず（る）', 'ついば（む）']",11
啖,1,['タン'],"['く（う）', 'く（らう）', 'く（らわす）']",11
啗,1,['タン'],"['く（う）', 'く（らう）', 'く（らわす）']",11
臽,-1,['カン'],[],8
唸,1,['テン'],"['うな（り）', 'うな（る）']",11
唳,1,['レイ'],['な（く）'],10
喙,1,['カイ'],"['くちばし', 'ことば']",12
彖,-1,['タン'],[],9
喀,1,['カク'],['は（く）'],12
喊,1,['カン'],['さけ（ぶ）'],12
喟,1,['キ'],"['ためいき', 'なげ（く）']",12
啻,1,['シ'],"['ただ', 'ただ（に）']",12
啾,1,"['シュ', 'シュウ']",['な（く）'],12
喘,1,"['セン', 'ゼン']","['あえ（ぐ）', 'せき', 'せ（く）']",12
喞,1,"['ショク', 'ソク']","['かこ（つ）', 'そそ（ぐ）', 'な（く）']",12
啼,1,['テイ'],['な（く）'],12
喃,1,"['ダン', 'ナン']","['しゃべ（る）', 'のう']",12
喇,1,"['ラ', 'ラツ']",[],12
喨,1,['リョウ'],[],12
嗚,1,"['ウ', 'オ']","['ああ', 'なげ（く）']",13
嗇,1,['ショク'],"['お（しむ）', 'とりい（れ）', 'やぶさ（か）']",13
嗟,1,"['サ', 'シャ']","['ああ', 'なげ（く）']",13
嗄,1,['サ'],"['か（れる）', 'しゃが（れる）', 'しわが（れる）']",13
嗜,1,['シ'],"['たしな（み）', 'たしな（む）']",13
嗤,1,['シ'],"['あざわら（う）', 'わら（う）']",13
蚩,1,['シ'],"['あなど（る）', 'おろ（か）', 'みだ（れる）', 'みにく（い）']",10
嗔,1,"['シン', 'テン']","['いか（り）', 'いか（る）']",13
眞,11,['シン'],"['ま', 'まこと']",10
嘔,1,"['オウ', 'ク']","['うた（う）', 'は（く）']",14
嗷,1,['ゴウ'],['かまびす（しい）'],14
嘖,1,['サク'],"['かまびす（しい）', 'さいな（む）', 'さけ（ぶ）']",14
嗾,1,['ソウ'],"['けしか（ける）', 'そそのか（す）']",14
嗽,1,"['ソウ', 'シュウ', 'ソク']","['うがい', 'くちすす（ぐ）', 'す（う）', 'せき', 'せ（く）']",14
欶,-1,,,-1
嘛,1,['マ'],[],14
噎,1,"['イツ', 'エツ']","['ふさ（がる）', 'むせ（ぶ）', 'む（せる）']",15
壹,11,"['イチ', 'イツ']",['ひと（つ）'],12
嘴,1,['シ'],"['くちばし', 'はし']",16
觜,1,"['シ', 'スイ']","['くちばし', 'けづの', 'とろきぼし', 'はし']",13
嘶,1,['セイ'],['いなな（く）'],15
嘸,1,"['ブ', 'ム']",['さぞ'],15
噫,1,"['アイ', 'イ']","['ああ', 'おくび']",16
噤,1,['キン'],"['つぐ（む）', 'と（じる）']",16
嘯,1,"['シツ', 'ショウ']","['うそぶ（く）', 'しか（る）']",16
肅,11,['シュク'],['つつし（む）'],13
噬,1,"['セイ', 'ゼイ']","['か（む）', 'く（う）']",16
筮,1,"['セイ', 'ゼイ']","['うらな（い）', 'うらな（う）', 'めどぎ']",13
噪,1,['ソウ'],"['さわ（がしい）', 'さわ（ぐ）']",16
嚆,1,['コウ'],['さけ（ぶ）'],16
蒿,1,['コウ'],['よもぎ'],13
嚀,1,['ネイ'],['ねんご（ろ）'],17
嚊,1,['ヒ'],"['かか', 'かかあ', 'はないき']",17
嚠,1,['リュウ'],[],18
嚔,1,['テイ'],"['くさめ', 'くしゃみ', 'はなひ（る）']",18
嚏,1,['テイ'],"['くさめ', 'くしゃみ', 'はなひ（る）']",17
疐,-1,"['チ', 'テイ']",[],14
嚥,1,['エン'],"['のど', 'の（む）']",19
嚮,1,"['キョウ', 'コウ']","['さき（に）', 'ひび（く）', 'む（かう）', 'む（く）']",19
嚶,1,['オウ'],['な（く）'],20
囂,1,"['キョウ', 'ゴウ']","['かまびす（しい）', 'やかま（しい）', 'わずら（わしい）']",21
嚼,1,['シャク'],['か（む）'],21
囁,1,"['ショウ', 'ジョウ']",['ささや（く）'],21
聶,1,"['ショウ', 'ジョウ']",['ささや（く）'],18
囃,1,['ソウ'],"['はやし', 'はや（す）']",21
囀,1,['テン'],['さえず（る）'],21
轉,11,['テン'],"['ころ（がす）', 'ころ（がる）', 'ころ（げる）', 'ころ（ぶ）', 'うた（た）', 'うつ（る）', 'くるり', 'こ（ける）', 'まろ（ぶ）']",18
囈,1,['ゲイ'],"['うわごと', 'たわごと']",21
藝,11,['ゲイ'],"['う（える）', 'わざ']",18
囮,1,"['カ', 'ガ']",['おとり'],7
囹,1,['レイ'],['ひとや'],8
囿,1,['ユウ'],['その'],9
圄,1,"['ギョ', 'ゴ']","['とら（える）', 'ひとや']",10
圉,1,"['ギョ', 'ゴ']","['うまかい', 'か（う）', 'ひとや', 'ふせ（ぐ）', 'まきば']",11
圜,1,"['エン', 'カン']","['まる（い）', 'めぐ（らす）', 'めぐ（る）']",16
圦,1,[],['いり'],5
坎,1,['カン'],['あな'],7
圻,1,"['キ', 'ギン']","['きし', 'さかい']",7
址,1,['シ'],['あと'],7
坏,1,['ハイ'],"['おか', 'つき']",7
坩,1,['カン'],"['つぼ', 'るつぼ']",8
坡,1,"['ハ', 'ヒ']","['さか', 'つつみ']",8
坿,1,"['フ', 'ブ']",['ま（す）'],8
垓,1,"['カイ', 'ガイ']","['さかい', 'はて']",9
垠,1,['ギン'],"['かぎり', 'きし', 'さかい']",9
垤,1,['テツ'],"['ありづか', 'つか']",9
埃,1,['アイ'],"['ちり', 'ほこり']",10
埆,1,['カク'],"['そね', 'やせち']",10
埒,1,"['ラチ', 'ラツ']",['かこ（い）'],10
堊,1,"['ア', 'アク']","['いろつち', 'しろつち']",11
亞,11,['ア'],"['つ（ぐ）', 'はふり']",8
堋,1,"['ホウ', 'ボウ']","['あずち', 'ほうむ（る）']",11
堙,1,['イン'],"['うず（める）', 'うず（もれる）', 'ふさ（がる）', 'ふさ（ぐ）']",12
堝,1,['カ'],['るつぼ'],12
堡,1,"['ホ', 'ホウ']","['つつみ', 'とりで']",12
塋,1,['エイ'],"['つか', 'はか']",13
炏,-1,,,-1
塒,1,"['シ', 'ジ']","['とぐろ', 'とや', 'ねぐら']",13
塹,1,"['ザン', 'セン']","['あな', 'ほり', 'ほ（る）']",14
墅,1,"['ショ', 'ヤ']","['しもやしき', 'なや']",14
墟,1,['キョ'],"['あと', 'おか']",15
虛,11,"['キョ', 'コ']","['うつ（ける）', 'うつ（ろ）', 'うろ', 'むな（しい）']",12
壅,1,['ヨウ'],"['さえぎ（る）', 'ふさ（がる）', 'ふさ（ぐ）']",16
壑,1,"['カク', 'ガク']","['たに', 'みぞ']",17
㕡,-1,,,-1
壙,1,['コウ'],"['あな', 'のはら', 'むな（しい）']",18
廣,11,['コウ'],"['ひろ（い）', 'ひろ（がる）', 'ひろ（げる）', 'ひろ（まる）', 'ひろ（める）']",15
壜,1,"['タン', 'ドン']","['さけがめ', 'びん']",19
壟,1,"['リョウ', 'ロウ']","['うね', 'つか']",19
壼,1,['コン'],['しきみ'],13
夐,1,"['ケイ', 'ケン']","['とお（い）', 'なが（い）', 'はる（か）']",14
夥,1,['カ'],"['おお（い）', 'おびただ（しい）', 'なかま']",14
夾,1,"['キョウ', 'コウ']","['さしはさ（む）', 'はさ（む）']",7
奕,1,"['エキ', 'ヤク']","['いご', 'うつく（しい）', 'うれ（える）', 'おお（きい）', 'かさ（なる）', 'ばくち']",9
奎,1,"['キ', 'ケイ']","['とかきぼし', 'また']",9
奚,1,['ケイ'],"['しもべ', 'なに', 'なん（ぞ）']",10
奘,1,"['ジョウ', 'ソウ', 'ゾウ']",['さか（ん）'],10
壯,11,['ソウ'],['さか（ん）'],7
奢,1,['シャ'],['おご（る）'],12
奸,1,['カン'],"['おか（す）', 'よこしま']",6
妁,1,['シャク'],['なこうど'],6
妝,1,"['ショウ', 'ソウ']","['よそお（い）', 'よそお（う）']",7
妣,1,['ヒ'],['なきはは'],7
妲,1,['ダツ'],[],8
姆,1,"['ボ', 'モ']",['うば'],8
姨,1,['イ'],['おば'],9
姜,1,['キョウ'],[],9
妍,1,"['ケン', 'ゲン']",['うつく（しい）'],7
姙,1,"['ニン', 'ジン']","['はら（む）', 'みごも（る）']",9
嫦,1,['コウ'],[],14
姚,1,['ヨウ'],['うつく（しい）'],9
娥,1,['ガ'],['うつく（しい）'],10
娟,1,"['エン', 'ケン']","['うつく（しい）', 'しな（やか）']",10
娑,1,"['サ', 'シャ']",[],10
娜,1,"['ダ', 'ナ']",['しな（やか）'],10
娉,1,"['ヘイ', 'ホウ']","['と（う）', 'めと（る）']",10
甹,-1,['ヘイ'],[],7
婀,1,['ア'],['たお（やか）'],11
婬,1,['イン'],"['たわむ（れる）', 'みだ（ら）']",11
婉,1,['エン'],"['うつく（しい）', 'したが（う）', 'しと（やか）']",11
娵,1,"['シュ', 'ソウ']","['たおやめ', 'よめ']",11
娶,1,"['シュ', 'シュウ']",['めと（る）'],11
婢,1,['ヒ'],['はしため'],11
婪,1,['ラン'],['むさぼ（る）'],11
媚,1,['ビ'],"['うつく（しい）', 'こび', 'こ（びる）']",12
媼,1,['オウ'],"['うば', 'おうな']",13
媾,1,['コウ'],"['まじ（わる）', 'よしみ']",13
嫋,1,['ジョウ'],"['しな（やか）', 'そよ（ぐ）', 'たお（やか）']",13
嫂,1,['ソウ'],['あによめ'],12
媽,1,"['ボ', 'モ']",['はは'],13
嫣,1,['エン'],[],14
焉,1,['エン'],"['いずく（んぞ）', 'ここ（に）', 'これ']",11
嫗,1,"['ウ', 'オウ']","['あたた（める）', 'おうな']",14
嫩,1,"['ドン', 'ノン']",['わか（い）'],14
嫖,1,['ヒョウ'],"['かる（い）', 'みだ（ら）']",14
嫺,1,['カン'],"['なら（う）', 'みやび（やか）']",15
閒,-1,"['カン', 'ケン']","['あいだ', 'ま', 'あい', 'うかが（う）', 'しず（か）', 'はざま', 'ひそ（かに）']",12
嫻,1,['カン'],"['なら（う）', 'みやび（やか）']",15
嬌,1,['キョウ'],['なまめ（かしい）'],15
嬋,1,"['セン', 'ゼン']",['あで（やか）'],15
單,11,"['ゼン', 'タン']","['ひとえ', 'ひと（つ）']",12
嬖,1,['ヘイ'],['おきにい（り）'],16
嬲,1,['ジョウ'],['なぶ（る）'],17
嬪,1,['ヒン'],"['そ（う）', 'ひめ', 'よめ']",17
嬶,1,[],"['かか', 'かかあ']",17
嬾,1,['ラン'],"['おこた（る）', 'ものう（い）']",19
賴,11,['ライ'],"['たの（む）', 'たの（もしい）', 'たよ（る）', 'たよ（り）']",16
孅,1,['セン'],"['かよわ（い）', 'こま（かい）']",20
韱,-1,['セン'],[],17
孀,1,['ソウ'],['やもめ'],20
孑,1,"['ケツ', 'ゲツ']",['ひと（り）'],3
孕,1,['ヨウ'],"['はら（む）', 'みごも（る）']",5
孥,1,"['ド', 'ヌ']",['つまこ'],8
孩,1,"['カイ', 'ガイ']","['あかご', 'ちのみご']",9
孳,1,"['シ', 'ジ']","['う（む）', 'しげ（る）', 'つと（める）']",12
孵,1,['フ'],"['かえ（す）', 'かえ（る）']",14
孺,1,['ジュ'],"['おさな（い）', 'ちのみご']",17
宦,1,['カン'],"['つか（える）', 'つかさ']",10
宸,1,['シン'],['のき'],10
寇,1,['コウ'],"['あだ', 'あだ（する）', 'かたき']",11
攴,-1,"['ホク', 'ボク']",['う（つ）'],4
寔,1,['ショク'],['まこと（に）'],12
寐,1,['ビ'],['ね（る）'],12
寤,1,['ゴ'],"['さと（る）', 'さ（める）']",14
寞,1,"['バク', 'マク']","['さび（しい）', 'しず（か）']",13
寥,1,['リョウ'],"['さび（しい）', 'しず（か）']",14
寰,1,['カン'],[],16
尠,1,['セン'],['すく（ない）'],13
屁,1,['ヒ'],['へ'],7
屎,1,['シ'],['くそ'],9
屠,1,['ト'],"['さ（く）', 'ほふ（る）']",12
孱,1,"['サン', 'セン']","['おと（る）', 'よわ（い）']",12
孨,-1,,,-1
屓,1,['キ'],['ひいき'],10
屮,-1,['サ'],['ひだり'],3
屶,1,[],['なた'],5
屹,1,['キツ'],['そばだ（つ）'],6
岌,1,"['キュウ', 'ギュウ']",['たか（い）'],7
岑,1,"['ギン', 'シン']","['けわ（しい）', 'みね']",7
岔,1,"['サ', 'タ']",[],7
岫,1,['シュウ'],"['いわあな', 'くき', 'みね']",8
峙,1,"['ジ', 'チ']","['そな（える）', 'そばだ（つ）', 'たくわ（える）']",9
峭,1,['ショウ'],"['きび（しい）', 'けわ（しい）']",10
峪,1,['ヨク'],['たに'],10
崟,1,['ギン'],"['たか（い）', 'みね']",11
崛,1,['クツ'],['そばだ（つ）'],11
崑,1,['コン'],[],11
崢,1,['ソウ'],"['けわ（しい）', 'たか（い）']",11
爭,11,['ソウ'],"['あらそ（う）', 'いさ（める）']",8
崚,1,['リョウ'],"['けわ（しい）', 'たか（い）']",11
崙,1,['ロン'],[],11
崘,1,['ロン'],[],11
嵌,1,['カン'],"['あな', 'けわ（しい）', 'ちりば（める）', 'はめこ（む）', 'は（める）', 'ほらあな']",12
嵎,1,"['グ', 'グウ']","['くま', 'すみ']",12
嵋,1,['ビ'],[],12
嵬,1,"['カイ', 'ガイ', 'ギ']","['おお（きい）', 'たか（い）']",13
嶇,1,['ク'],['けわ（しい）'],14
嶄,1,"['サン', 'ザン']",['けわ（しい）'],14
嶂,1,['ショウ'],['みね'],14
嶢,1,['ギョウ'],"['けわ（しい）', 'たか（い）']",15
嶝,1,['トウ'],"['さか', 'さかみち']",15
嶬,1,['ギ'],['けわ（しい）'],16
嶮,1,['ケン'],['けわ（しい）'],16
嶷,1,"['ギ', 'ギョク']","['さと（い）', 'たか（い）']",17
嶼,1,['ショ'],['しま'],16
與,11,['ヨ'],"['あた（える）', 'あずか（る）', 'くみ（する）']",13
巉,1,"['サン', 'ザン']",['けわ（しい）'],20
毚,-1,,,-1
巍,1,['ギ'],['たか（い）'],21
魏,1,['ギ'],['たか（い）'],18
巓,1,['テン'],['いただき'],22
顚,1,['テン'],"['いただき', 'くつがえ（る）', 'たお（れる）']",19
巒,1,['ラン'],"['みね', 'やまなみ']",22
䜌,-1,['ラン'],[],19
巫,1,"['フ', 'ブ']","['かんなぎ', 'みこ']",7
已,1,['イ'],"['すで（に）', 'のみ', 'はなは（だ）', 'や（む）']",3
帙,1,['チツ'],"['ふまき', 'ふみづつ（み）']",8
帑,1,"['ド', 'トウ']","['かねぐら', 'つまこ']",8
帷,1,['イ'],"['かたびら', 'とばり']",11
幄,1,['アク'],['とばり'],12
幃,1,['イ'],['とばり'],13
幀,1,"['テイ', 'トウ']",[],12
幎,1,['ベキ'],"['おお（う）', 'とばり']",13
幗,1,['カク'],['かみかざ（り）'],14
國,11,['コク'],['くに'],11
幔,1,"['バン', 'マン']",['まく'],14
幟,1,['シ'],"['しるし', 'のぼり']",15
幢,1,"['トウ', 'ドウ']",['はた'],15
幇,1,['ホウ'],"['たす（ける）', 'なかま']",12
幵,1,['ケン'],['たい（ら）'],6
麼,1,"['バ', 'マ', 'モ']",[],14
庠,1,['ショウ'],['まなびや'],9
廁,1,"['シ', 'シキ', 'ショク']","['かわや', 'ま（じる）']",12
廂,1,"['ショウ', 'ソウ']",['ひさし'],12
廈,1,['カ'],['いえ'],13
廖,1,['リョウ'],['むな（しい）'],14
廝,1,['シ'],"['こもの', 'めしつかい']",15
廡,1,['ブ'],"['のき', 'ひさし']",15
廨,1,['カイ'],['やくしょ'],16
廩,1,['リン'],"['くら', 'ふち']",16
廬,1,"['リョ', 'ル', 'ロ']","['いえ', 'いおり']",19
盧,1,['ロ'],"['くろ（い）', 'めしびつ']",16
廱,1,['ヨウ'],['やわ（らぐ）'],21
雝,-1,"['ユ', 'ヨウ']","['いだ（く）', 'ふさ（ぐ）', 'やわ（らぐ）']",18
彝,1,['イ'],"['つね', 'のり']",18
彜,1,['イ'],"['つね', 'のり']",16
弑,1,"['シ', 'シイ']","['ころ（す）', 'しい（する）']",12
弖,1,[],['て'],4
弩,1,['ド'],"['いしゆみ', 'おおゆみ']",8
弭,1,"['ビ', 'ミ']","['や（める）', 'ゆはず']",9
弸,1,"['ビョウ', 'ホウ']",['み（ちる）'],11
彎,1,['ワン'],"['ひ（く）', 'ま（がる）']",22
彷,1,['ホウ'],"['さまよ（う）', 'にかよ（う）']",7
徂,1,['ソ'],"['し（ぬ）', 'ゆ（く）']",8
彿,1,['フツ'],"['にかよ（う）', 'ほの（か）']",8
徊,1,['カイ'],['さまよ（う）'],9
很,1,['コン'],"['はなは（だ）', 'もと（る）']",9
徇,1,"['シュン', 'ジュン']","['したが（う）', 'とな（える）', 'めぐ（る）']",9
徙,1,['シ'],"['うつ（す）', 'うつ（る）']",11
歨,-1,,,-1
徘,1,['ハイ'],['さまよ（う）'],11
徨,1,['コウ'],['さまよ（う）'],12
徭,1,['ヨウ'],['えだち'],13
䍃,-1,['ユウ'],[],10
徼,1,"['キョウ', 'ギョウ', 'ヨウ']","['さえぎ（る）', 'さかい', 'めぐ（る）', 'もと（める）']",16
忖,1,['ソン'],"['おしはか（る）', 'はか（る）']",6
忻,1,['キン'],['よろこ（ぶ）'],7
忤,1,['ゴ'],"['さから（う）', 'もと（る）']",7
忸,1,"['ジク', 'ジュウ']","['な（れる）', 'は（じる）']",7
忱,1,['シン'],['まこと'],7
忿,1,['フン'],['いか（る）'],8
怡,1,['イ'],"['やわ（らぐ）', 'よろこ（ぶ）']",8
怙,1,['コ'],['たの（む）'],8
怩,1,['ジ'],['は（じる）'],8
怎,1,"['シン', 'ソ', 'ソウ']",['いか（で）'],9
怛,1,"['タツ', 'ダツ', 'タン']","['いた（む）', 'おどろ（く）']",8
怕,1,"['ハ', 'ハク']",['おそ（れる）'],8
怫,1,"['ハイ', 'ヒ', 'フツ']","['いか（る）', 'ふさ（ぐ）', 'もと（る）']",8
怦,1,"['ヒョウ', 'ホウ']",[],8
怏,1,"['オウ', 'ヨウ']",['うら（む）'],8
怺,1,[],['こら（える）'],8
恚,1,['イ'],"['いか（る）', 'うら（む）']",10
恁,1,"['イン', 'ジン', 'ニン']","['か（かる）', 'このような']",10
恪,1,['カク'],['つつし（む）'],9
恟,1,['キョウ'],['おそ（れる）'],9
恊,1,['キョウ'],"['おびや（かす）', 'かな（う）']",9
恍,1,['コウ'],"['とぼ（ける）', 'ほの（か）']",9
恃,1,"['シ', 'ジ']",['たの（む）'],9
恤,1,"['シュツ', 'ジュツ']","['あわ（れむ）', 'うれ（える）', 'めぐ（む）']",9
恂,1,"['シュン', 'ジュン']","['おそ（れる）', 'まこと', 'またた（く）']",9
恬,1,['テン'],"['しず（か）', 'やす（い）', 'やす（らか）', 'やす（んずる）']",9
恫,1,"['トウ', 'ドウ']","['いた（む）', 'おど（かす）', 'おど（す）']",9
恙,1,['ヨウ'],"['うれ（い）', 'つつが']",10
悁,1,"['エン', 'ケン']","['あせ（る）', 'いか（る）']",10
悍,1,['カン'],"['あらあら（しい）', 'あら（い）', 'たけ（し）']",10
旱,1,['カン'],"['かわ（く）', 'ひでり']",7
悃,1,['コン'],"['まごころ', 'まこと']",10
悚,1,['ショウ'],['おそ（れる）'],10
悄,1,['ショウ'],['うれ（える）'],10
悛,1,['シュン'],"['あらた（める）', 'つつし（む）']",10
悖,1,"['ハイ', 'ボツ']","['みだ（れる）', 'もと（る）']",10
悒,1,['ユウ'],['うれ（える）'],10
悧,1,['リ'],['さか（しい）'],10
悋,1,['リン'],"['お（しむ）', 'ねた（む）', 'やぶさ（か）']",10
悸,1,['キ'],['おそ（れる）'],11
惓,1,['ケン'],['う（む）'],11
悴,1,['スイ'],"['かじか（む）', 'せがれ', 'やつ（れる）']",11
忰,1,['スイ'],"['かじか（む）', 'せがれ', 'やつ（れる）']",7
悽,1,['セイ'],"['いた（ましい）', 'いた（む）', 'かな（しむ）']",11
惆,1,['チュウ'],"['いた（む）', 'うら（む）']",11
悵,1,['チョウ'],"['いた（む）', 'うら（む）']",11
惘,1,"['ボウ', 'モウ']","['あき（れる）', 'ぼんやり（する）']",11
愕,1,['ガク'],['おどろ（く）'],12
愆,1,['ケン'],"['あやま（ち）', 'あやま（つ）', 'あやま（る）']",13
衍,1,['エン'],"['あふ（れる）', 'あま（り）', 'おお（きい）', 'し（く）', 'はびこ（る）', 'ひろ（い）', 'ひろ（がる）']",9
惶,1,['コウ'],['おそ（れる）'],12
惷,1,['シュン'],"['おろ（か）', 'みだ（れる）']",13
愀,1,"['シュウ', 'ショウ']",['さび（しい）'],12
惴,1,"['スイ', 'ズイ']",['おそ（れる）'],12
惺,1,['セイ'],"['さと（る）', 'しず（か）']",12
愃,1,"['ケン', 'セン']",['ゆた（か）'],12
惻,1,"['ショク', 'ソク']",['いた（む）'],12
愍,1,"['ビン', 'ミン']","['あわ（れむ）', 'うれ（える）']",13
敃,-1,['ビン'],[],9
愎,1,"['ヒョク', 'フク']",['もと（る）'],12
慍,1,"['ウン', 'オン']","['いか（る）', 'うら（む）']",13
慇,1,['イン'],"['いた（む）', 'ねんご（ろ）']",14
殷,1,"['アン', 'イン']","['あか（い）', 'おお（い）', 'さか（ん）', 'にぎ（やか）', 'ねんご（ろ）', 'ゆた（か）']",10
愾,1,"['カイ', 'ガイ', 'キ']","['いか（る）', 'なげ（く）']",13
氣,11,"['キ', 'ケ']",['いき'],10
愨,1,['カク'],"['つつし（む）', 'まこと']",14
愧,1,['キ'],"['はじ', 'は（じる）']",13
慊,1,"['キョウ', 'ケン']","['あきた（りない）', 'あきた（りる）']",13
愿,1,['ゲン'],"['すなお', 'つつし（む）']",14
愬,1,"['サク', 'ソ']","['うった（える）', 'おそ（れる）']",14
愴,1,['ソウ'],"['いた（む）', 'かな（しむ）']",13
慂,1,['ヨウ'],['すす（める）'],14
慳,1,"['カン', 'ケン']","['お（しむ）', 'しぶ（る）']",15
慷,1,['コウ'],['なげ（く）'],14
慙,1,['ザン'],"['はじ', 'は（じる）']",15
慚,1,['ザン'],"['はじ', 'は（じる）']",14
慫,1,['ショウ'],"['おどろ（く）', 'すす（める）']",15
從,11,"['ジュウ', 'ジュ', 'ショウ']","['したが（う）', 'したが（える）']",11
慴,1,"['シュウ', 'ショウ']",['おそ（れる）'],14
慥,1,"['ソウ', 'ゾウ']",['たし（か）'],14
慟,1,"['トウ', 'ドウ']",['なげ（く）'],14
慝,1,['トク'],"['よこしま', 'わざわ（い）', 'わる（い）']",14
慓,1,['ヒョウ'],['すばや（い）'],14
慵,1,"['ショウ', 'ヨウ']","['おこた（る）', 'ものう（い）']",14
憖,1,['ギン'],"['し（いて）', 'なまじ', 'なまじい（に）']",16
猌,-1,,,-1
憔,1,['ショウ'],['やつ（れる）'],15
憚,1,['タン'],"['はばか（り）', 'はばか（る）']",15
憊,1,"['ハイ', 'ヘイ']",['つか（れる）'],16
憑,1,['ヒョウ'],"['かか（る）', 'たの（む）', 'つ（く）', 'よ（る）']",16
馮,1,"['ヒョウ', 'フウ']","['いか（る）', 'かちわた（る）', 'たの（む）', 'つ（く）', 'よ（る）']",12
憫,1,"['ビン', 'ミン']","['あわ（れむ）', 'うれ（える）']",15
閔,1,"['ビン', 'ミン']","['あわ（れむ）', 'うれ（える）', 'つと（める）']",12
憮,1,"['ブ', 'ム']",['いつく（しむ）'],15
懌,1,['エキ'],"['たの（しむ）', 'よろこ（ぶ）']",16
懊,1,['オウ'],"['うら（む）', 'なや（む）']",16
懈,1,"['カイ', 'ケ']","['おこた（る）', 'だる（い）', 'なま（ける）']",16
懃,1,"['キン', 'ゴン']","['つと（める）', 'ねんご（ろ）']",17
懆,1,['ソウ'],['うれ（える）'],16
憺,1,['タン'],['やす（らか）'],16
詹,-1,['セン'],[],13
懋,1,"['ボウ', 'モ']","['さか（ん）', 'つと（める）']",17
楙,-1,['ボウ'],[],13
懍,1,['リン'],['おそ（れる）'],16
懦,1,"['ジュ', 'ダ']",['よわ（い）'],17
懣,1,"['マン', 'モン']",['もだ（える）'],18
滿,11,"['バン', 'マン']","['み（たす）', 'み（ちる）']",14
懶,1,['ラン'],"['おこた（る）', 'ものう（い）', 'ものぐさ（い）']",19
懺,1,"['サン', 'ザン']",['く（いる）'],20
懴,1,"['サン', 'ザン']",['く（いる）'],18
韯,-1,['セン'],[],15
懿,1,['イ'],"['うるわ（しい）', 'よ（い）']",22
懽,1,['カン'],['よろこ（ぶ）'],20
懾,1,['ショウ'],['おそ（れる）'],21
懼,1,"['ク', 'グ']","['おそ（れる）', 'おどろ（く）']",21
瞿,1,['ク'],"['おそ（れる）', 'み（る）']",18
戛,1,['カツ'],"['う（つ）', 'ほこ']",11
戞,1,['カツ'],"['う（つ）', 'ほこ']",12
戡,1,['カン'],"['か（つ）', 'ころ（す）']",13
截,1,"['セツ', 'ゼチ']","['き（る）', 'た（つ）']",14
戮,1,['リク'],"['あわ（せる）', 'ころ（す）', 'はずかし（める）']",15
戳,1,['タク'],['つ（く）'],18
戶,-1,['コ'],"['と', 'へ']",4
扈,1,['コ'],"['したが（う）', 'つきそ（う）', 'はびこ（る）', 'ひろ（い）']",11
扎,1,['サツ'],"['かま（える）', 'ぬ（く）']",4
扞,1,['カン'],"['おお（う）', 'ひ（く）', 'ふせ（ぐ）']",6
扛,1,['コウ'],"['あ（げる）', 'かつ（ぐ）']",6
扣,1,['コウ'],"['たた（く）', 'ひか（える）']",6
扠,1,['サ'],"['さ（す）', 'さて', 'はさみと（る）', 'やす']",6
扨,1,[],['さて'],6
扼,1,"['アク', 'ヤク']",['おさ（える）'],7
抉,1,['ケツ'],"['えぐ（る）', 'こ（じる）']",7
找,1,"['カ', 'ソウ']","['さおさ（す）', 'たず（ねる）']",7
抒,1,"['ショ', 'ジョ']","['く（む）', 'のぞ（く）', 'の（べる）']",7
抓,1,['ソウ'],"['か（く）', 'つね（る）', 'つま（む）', 'つ（む）']",7
抖,1,"['ト', 'トウ']","['あ（げる）', 'ふる（う）']",7
抃,1,"['ヘン', 'ベン']",['う（つ）'],7
卞,-1,"['ヘン', 'ベン']",[],4
抔,1,['ホウ'],"['すく（う）', 'など']",7
拗,1,"['オウ', 'ヨウ']","['こじ（れる）', 'す（ねる）', 'ねじ（ける）']",8
拑,1,"['カン', 'ケン']","['つぐ（む）', 'はさ（む）']",8
抻,1,"['シン', 'チン']",['の（ばす）'],8
拆,1,['タク'],"['さ（く）', 'ひら（く）']",8
拈,1,"['デン', 'ネン']","['つま（む）', 'ひね（る）']",8
拌,1,['ハン'],"['かきま（ぜる）', 'さ（ける）', 'す（てる）', 'わ（る）']",8
拊,1,['フ'],"['う（つ）', 'な（でる）']",8
拇,1,"['ボ', 'ボウ']",['おやゆび'],8
抛,1,['ホウ'],"['なげう（つ）', 'な（げる）', 'ほう（る）']",7
拿,1,"['ダ', 'ナ']","['つか（む）', 'と（らえる）', 'ひ（く）']",10
拏,1,"['ダ', 'ナ']","['つか（む）', 'と（らえる）', 'ひ（く）']",9
挌,1,['カク'],"['う（つ）', 'なぐ（る）']",9
拮,1,"['カツ', 'キツ', 'ケツ']","['せま（る）', 'はたら（く）']",9
拱,1,['キョウ'],"['こまぬ（く）', 'こまね（く）']",9
挈,1,"['ケイ', 'ケツ']",['ひっさ（げる）'],10
拯,1,"['ショウ', 'ジョウ']","['すく（う）', 'たす（ける）']",9
拵,1,['ソン'],"['こしら（える）', 'よ（る）']",9
捐,1,['エン'],"['あた（える）', 'か（う）', 'す（てる）']",10
捍,1,['カン'],"['ふせ（ぐ）', 'まも（る）']",10
捏,1,"['デツ', 'ネツ']","['こ（ねる）', 'つく（ねる）']",10
圼,-1,,,-1
掖,1,['エキ'],"['たす（ける）', 'わき', 'わきばさ（む）']",11
掎,1,['キ'],['ひ（く）'],11
掀,1,"['キン', 'ケン']","['あ（げる）', 'かか（げる）']",11
掫,1,"['シュ', 'シュウ', 'ソウ']",['よまわ（り）'],11
捶,1,['スイ'],"['う（つ）', 'むち', 'むちう（つ）']",11
掣,1,"['セイ', 'セツ']",['ひ（く）'],12
掏,1,['トウ'],"['えら（ぶ）', 'す（る）']",11
掉,1,"['チョウ', 'トウ']","['ふ（る）', 'ふる（う）']",11
掟,1,"['ジョウ', 'テイ']","['おきて', 'さだ（め）']",11
捫,1,"['ボン', 'モン']","['と（る）', 'な（でる）', 'ひね（る）']",11
捩,1,"['レイ', 'レツ']","['ねじ', 'ねじ（る）', 'ばち', 'もじ（る）', 'よじ（る）']",10
掾,1,['エン'],"['したやく', 'じょう', 'たす（ける）']",12
揩,1,['カイ'],"['こす（る）', 'す（る）', 'ぬぐ（う）']",12
揀,1,['カン'],"['えら（ぶ）', 'わ（ける）']",12
揆,1,['キ'],"['つかさ', 'はかりごと', 'はか（る）', 'みち']",12
揣,1,['シ'],"['おしはか（る）', 'はか（る）']",12
揉,1,['ジュウ'],"['た（める）', 'も（む）', 'も（める）']",12
揶,1,['ヤ'],['からか（う）'],12
揄,1,"['トウ', 'ユ']",[],12
搴,1,['ケン'],"['かか（げる）', 'と（る）']",14
搆,1,['コウ'],"['かま（える）', 'ひ（く）']",13
搦,1,"['ジャク', 'ダク']","['から（み）', 'から（める）', 'と（る）']",13
搶,1,"['ショウ', 'ソウ']","['あつ（まる）', 'つ（く）']",13
搓,1,['サ'],"['も（む）', 'よ（る）']",13
搗,1,['トウ'],"['う（つ）', 'か（つ）', 'か（てて）', 'たた（く）', 'つ（く）']",13
搏,1,['ハク'],"['う（つ）', 'と（る）', 'はばた（く）']",13
摶,1,"['セン', 'タン']","['まる（い）', 'まる（める）', 'もっぱ（ら）']",14
專,11,['セン'],"['もっぱ（ら）', 'ほしいまま']",11
搨,1,['トウ'],"['うつ（す）', 'す（る）']",13
摧,1,['サイ'],"['くじ（く）', 'くだ（く）']",14
摎,1,"['キュウ', 'コウ']",['まつ（わる）'],14
撓,1,"['コウ', 'トウ', 'ドウ']","['いた（める）', 'くじ（ける）', 'しおり', 'しな（う）', 'しわ（る）', 'た（める）', 'たわ（む）', 'たわ（める）', 'みだ（れる）']",15
撥,1,"['ハチ', 'バチ', 'ハツ']","['おさ（める）', 'かか（げる）', 'のぞ（く）', 'は（ねる）']",15
發,11,"['ハツ', 'ホツ']","['あば（く）', 'た（つ）', 'はな（つ）', 'ひら（く）']",12
撕,1,"['シ', 'サイ', 'セイ']","['いまし（める）', 'さ（く）']",15
撩,1,['リョウ'],"['いど（む）', 'おさ（める）', 'みだ（れる）']",15
撈,1,['ロウ'],['と（る）'],15
勞,11,['ロウ'],"['いたわ（る）', 'つか（れる）', 'ねぎら（う）', 'はたら（く）']",12
擒,1,['キン'],"['とら（える）', 'とりこ']",16
撼,1,['カン'],"['うご（かす）', 'ゆ（らぐ）', 'ゆ（るがす）']",16
擅,1,"['セン', 'ゼン']","['ほしいまま', 'ゆず（る）']",16
撻,1,['タツ'],['むちう（つ）'],16
擘,1,"['ハク', 'バク']","['おやゆび', 'さ（く）', 'つんざ（く）']",17
擂,1,['ライ'],"['う（つ）', 'す（る）', 'みが（く）']",16
擱,1,['カク'],['お（く）'],17
擠,1,"['サイ', 'セイ']","['お（す）', 'おとしい（れる）', 'くじ（く）']",17
擡,1,"['タイ', 'ダイ']","['もた（げる）', 'もちあ（げる）']",17
臺,11,"['タイ', 'ダイ']","['うてな', 'しもべ']",14
抬,1,"['タイ', 'ダイ']","['もた（げる）', 'もちあ（げる）']",8
擣,1,['トウ'],"['う（つ）', 'たた（く）', 'つ（く）']",17
擯,1,['ヒン'],"['しりぞ（ける）', 'みちび（く）']",17
擲,1,"['チャク', 'テキ']","['す（てる）', 'なぐ（る）', 'なげう（つ）', 'ふ（るう）']",18
擺,1,['ハイ'],"['ひら（く）', 'ふ（るう）']",18
擽,1,"['ラク', 'リャク', 'レキ']","['う（つ）', 'くすぐ（る）', 'はら（う）']",18
樂,11,"['ガク', 'ラク', 'ギョウ', 'ゴウ']","['たの（しい）', 'たの（しむ）', 'かな（でる）', 'この（む）']",15
攀,1,['ハン'],"['すが（る）', 'ひ（く）', 'よ（じる）']",19
樊,1,['ハン'],"['かご', 'とりかご', 'まがき', 'みだ（れる）']",15
攘,1,['ジョウ'],"['ぬす（む）', 'はら（う）', 'みだ（れる）', 'ゆず（る）']",20
襄,1,"['ショウ', 'ジョウ']","['たか（い）', 'のぼ（る）', 'はら（う）']",17
攅,1,['サン'],"['あつ（まる）', 'あつ（める）', 'むら（がる）']",18
攤,1,['タン'],"['ひら（く）', 'ゆる（やか）']",22
攣,1,['レン'],"['かが（まる）', 'か（かる）', 'つな（がる）', 'つ（る）', 'ひきつ（る）']",23
攫,1,['カク'],"['さら（う）', 'つか（む）']",23
矍,1,['カク'],"['あわ（てる）', 'いさ（む）', 'みまわ（す）']",20
攬,1,['ラン'],"['す（べる）', 'と（る）']",25
覽,11,['ラン'],['み（る）'],22
龠,1,['ヤク'],['ふえ'],17
龕,1,"['カン', 'ガン']","['か（つ）', 'ずし']",22
鼾,1,['カン'],['いびき'],17
鼕,1,['トウ'],[],18
黔,1,['ケン'],"['くろ（い）', 'くろ（む）']",16
黑,11,['コク'],"['くろ', 'くろ（い）']",12
黜,1,['チュツ'],"['おと（す）', 'しりぞ（ける）']",17
黝,1,['ユウ'],"['あおぐろ（い）', 'くろ', 'くろ（い）', 'くろ（む）']",17
黠,1,['カツ'],"['さか（しい）', 'さと（い）', 'わるがしこ（い）']",18
黥,1,"['ケイ', 'ゲイ']",['いれずみ'],20
黯,1,['アン'],"['いた（ましい）', 'くら（い）', 'くろ（い）']",21
黴,1,"['バイ', 'ビ', 'ミ']","['かび', 'か（びる）']",23
黶,1,['エン'],"['あざ', 'ほくろ']",26
黷,1,['トク'],"['けが（す）', 'けが（れる）']",27
賣,11,['バイ'],"['う（る）', 'う（れる）']",15
黎,1,"['リ', 'レイ', 'ライ']","['おお（い）', 'くろ（い）', 'もろもろ']",15
黐,1,"['チ', 'リ']","['とりもち', 'もち']",23
斛,1,['コク'],['ます'],11
斟,1,['シン'],"['おしはか（る）', 'く（む）']",13
齔,1,['シン'],"['はがわり', 'みそっぱ']",17
齒,11,['シ'],"['は', 'よわい']",15
齣,1,"['シュツ', 'セキ']","['くぎり', 'くさり', 'こま']",20
齟,1,"['ショ', 'ソ']","['か（む）', 'くいちが（う）']",20
齠,1,['チョウ'],['みそっぱ'],20
齦,1,"['ギン', 'コン']","['か（む）', 'はぐき']",21
齧,1,"['ケツ', 'ゲツ']","['か（ける）', 'かじ（る）', 'か（む）']",21
囓,1,"['ケツ', 'ゲツ']","['か（ける）', 'かじ（る）', 'か（む）']",24
齬,1,['ゴ'],['くいちが（う）'],22
齪,1,"['サク', 'シュク', 'セク']",['つつし（む）'],22
齷,1,['アク'],['こせつ（く）'],24
齲,1,"['ウ', 'ク']",['むしば'],24
齶,1,['ガク'],['はぐき'],24
麾,1,['キ'],"['さしずばた', 'さしまね（く）']",15
鼬,1,"['ユ', 'ユウ']",['いたち'],18
旃,1,['セン'],"['けおりもの', 'はた']",10
旆,1,['ハイ'],['はた'],10
旄,1,"['ボウ', 'モウ']","['からうし', 'としよ（り）', 'はた', 'はたかざ（り）']",10
旌,1,"['ショウ', 'セイ']","['あらわ（す）', 'はた']",11
旒,1,['リュウ'],"['なが（れ）', 'はたあし']",13
旛,1,"['ハン', 'バン']",['はた'],18
畋,1,"['テン', 'デン']","['か（り）', 'か（る）']",9
㡀,-1,,,-1
敲,1,['コウ'],"['たた（き）', 'たた（く）', 'むち']",14
斂,1,['レン'],"['あつ（める）', 'おさ（める）', 'ほぼ']",17
斃,1,['ヘイ'],"['し（ぬ）', 'たお（れる）']",18
黌,1,['コウ'],['まなびや'],25
黹,1,['チ'],"['ぬいとり', 'ぬ（う）']",12
黻,1,['フツ'],"['ぬいとり', 'ひざかけ']",17
黼,1,"['フ', 'ホ']","['あや', 'ぬいとり']",19
鳰,1,[],['にお'],13
鳧,1,['フ'],"['かも', 'けり']",13
鳬,1,['フ'],"['かも', 'けり']",9
鴉,1,['ア'],['からす'],15
鴃,1,"['ゲキ', 'ケツ']",['もず'],15
鴆,1,['チン'],[],15
鴟,1,['シ'],"['とび', 'ふくろう']",16
鵄,1,['シ'],['とび'],17
鴒,1,['レイ'],[],16
鴕,1,"['タ', 'ダ']",['だちょう'],16
鴣,1,['コ'],[],16
鴪,1,['イツ'],['はや（い）'],16
鴿,1,['コウ'],"['いえばと', 'どばと', 'はと']",17
鵁,1,['コウ'],[],17
鴾,1,"['ボウ', 'ム']","['つき', 'とき']",17
鵆,1,[],['ちどり'],17
鵝,1,['ガ'],['がちょう'],18
鵞,1,['ガ'],['がちょう'],18
鵑,1,['ケン'],['ほととぎす'],18
鵤,1,[],"['いかる', 'いかるが']",18
鵲,1,['ジャク'],['かささぎ'],19
鶉,1,['ジュン'],['うずら'],19
鵺,1,['ヤ'],['ぬえ'],19
鶇,1,['トウ'],['つぐみ'],19
鵯,1,"['ヒ', 'ヒツ']","['ひよ', 'ひよどり']",19
鵙,1,"['ケキ', 'ゲキ']",['もず'],18
鶚,1,['ガク'],['みさご'],20
鶤,1,['コン'],"['しゃも', 'とうまる']",20
鶫,1,[],['つぐみ'],20
鶩,1,"['ブ', 'ボク']",['あひる'],20
敄,-1,['ブ'],[],9
鶲,1,['オウ'],['ひたき'],21
鷁,1,['ゲキ'],[],21
鶻,1,['コツ'],"['くまたか', 'はやぶさ']",21
鶺,1,['セキ'],[],21
鷆,1,"['シン', 'テン', 'デン']",['よたか'],21
鶸,1,['ジャク'],['ひわ'],21
鷂,1,['ヨウ'],"['はいたか', 'はしたか']",21
鷙,1,['シ'],"['あら（い）', 'あらどり', 'う（つ）']",22
鷓,1,['シャ'],[],22
鷸,1,['イツ'],"['かわせみ', 'しぎ']",23
鷦,1,['ショウ'],['みそさざい'],23
鷯,1,['リョウ'],[],23
鷭,1,"['ハン', 'バン']",[],23
鷽,1,"['カク', 'ガク']",['うそ'],24
鸛,1,['カン'],['こうのとり'],28
鸞,1,['ラン'],['すず'],30
斫,1,['シャク'],['き（る）'],9
毟,1,[],['むし（る）'],8
毬,1,['キュウ'],"['いが', 'まり']",11
毫,1,['ゴウ'],"['すこ（し）', 'ふで', 'ほそげ', 'わず（か）']",11
毯,1,['タン'],"['けむしろ', 'もうせん']",12
毳,1,"['セイ', 'ゼイ']","['けば', 'そり', 'にこげ', 'むくげ', 'やわ（らかい）']",12
氈,1,['セン'],"['けむしろ', 'もうせん']",17
鼇,1,['ゴウ'],"['おおうみがめ', 'おおがめ', 'おおすっぽん']",24
鼈,1,"['ヘツ', 'ベツ']",['すっぽん'],25
魴,1,['ホウ'],"['おしきうお', 'かがみだい']",15
鮃,1,"['ヒョウ', 'ヘイ']",['ひらめ'],16
鮓,1,['サ'],['すし'],16
鮑,1,['ホウ'],['あわび'],16
鮗,1,[],['このしろ'],16
鮖,1,[],['かじか'],16
鮟,1,['アン'],[],17
鮨,1,"['キ', 'ゲイ', 'シ']",['すし'],17
鮠,1,['ガイ'],"['はえ', 'はや']",17
鮴,1,[],"['ごり', 'めばる']",17
鯀,1,['コン'],[],18
鯊,1,['サ'],['はぜ'],18
鯒,1,[],['こち'],18
鯑,1,[],['かずのこ'],18
鯏,1,[],"['あさり', 'うぐい']",18
鮹,1,"['ショウ', 'ソウ']",['たこ'],18
鯣,1,['エキ'],['するめ'],19
鯢,1,['ゲイ'],"['さんしょううお', 'めくじら']",19
鯤,1,['コン'],[],19
鯲,1,[],['どじょう'],19
鯡,1,['ヒ'],"['にしん', 'はらご', 'はららご']",19
鯔,1,['シ'],"['いな', 'ぼら']",19
甾,-1,"['サイ', 'シ']",[],8
鯱,1,[],"['しゃち', 'しゃちほこ']",19
鯰,1,['ネン'],['なまず'],19
鰓,1,"['サイ', 'シ']","['あぎと', 'えら']",20
鰉,1,['コウ'],['ひがい'],20
鰔,1,['カン'],['かれい'],20
鰕,1,['カ'],['えび'],20
鰌,1,['シュウ'],['どじょう'],20
鰈,1,['チョウ'],['かれい'],20
鰆,1,['シュン'],['さわら'],20
鰒,1,['フク'],"['あわび', 'ふぐ']",20
鰊,1,['レン'],['にしん'],20
鰄,1,['イ'],"['かいらぎ', 'さめ']",20
鰮,1,['オン'],['いわし'],21
鰛,1,['オン'],['いわし'],20
鰥,1,['カン'],"['や（む）', 'やもお', 'やもめ']",21
眔,-1,['トウ'],[],10
鰤,1,['シ'],['ぶり'],21
鰰,1,[],['はたはた'],21
鱆,1,['ショウ'],['たこ'],22
鱇,1,['コウ'],[],22
鰾,1,['ヒョウ'],"['うきぶくろ', 'ふえ']",22
鱚,1,[],['きす'],23
鱠,1,['カイ'],['なます'],24
鱧,1,['レイ'],['はも'],24
鱶,1,['ショウ'],['ふか'],26
鱸,1,['ロ'],['すずき'],27
朧,1,['ロウ'],['おぼろ'],20
朦,1,"['ボウ', 'モウ']",['おぼろ'],17
朞,1,['キ'],['ひとまわ（り）'],12
朏,1,['ヒ'],['みかづき'],9
杲,1,['コウ'],"['あき（らか）', 'たか（い）']",8
昊,1,['コウ'],['そら'],8
昃,1,"['ショク', 'ソク']","['かたむ（く）', 'ひるす（ぎ）']",8
晟,1,['セイ'],"['あき（らか）', 'さか（ん）']",10
晁,1,['チョウ'],['あさ'],10
晏,1,['アン'],"['おそ（い）', 'やす（らか）']",10
昴,1,['ボウ'],['すばる'],9
昶,1,['チョウ'],['の（びる）'],9
昵,1,['ジツ'],"['ちか（づく）', 'なじ（む）']",9
杳,1,['ヨウ'],"['くら（い）', 'はる（か）']",8
旻,1,"['ビン', 'ミン']","['あきぞら', 'そら']",8
晞,1,['キ'],"['かわ（く）', 'さら（す）', 'ほ（す）']",11
晤,1,['ゴ'],"['あ（う）', 'あき（らか）', 'うちと（ける）']",11
晧,1,['コウ'],"['あき（らか）', 'しろ（い）']",11
晨,1,['シン'],"['あした', 'とき', 'よあ（け）']",11
晢,1,"['セイ', 'セツ']","['あき（らか）', 'かしこ（い）']",11
晰,1,['セキ'],['あき（らか）'],12
暈,1,['ウン'],"['かさ', 'くま', 'くら（む）', 'ぼか（し）', 'ぼか（す）', 'ぼ（ける）', 'めまい']",13
暉,1,['キ'],"['かがや（く）', 'ひかり', 'ひか（る）']",13
曩,1,"['ドウ', 'ノウ']","['さき', 'さき（に）', 'ひさ（しい）']",21
曦,1,"['キ', 'ギ']","['ひ', 'ひかり']",20
羲,1,['ギ'],[],16
曠,1,['コウ'],"['あき（らか）', 'ひろ（い）', 'むな（しい）']",19
昿,1,['コウ'],"['あき（らか）', 'ひろ（い）', 'むな（しい）']",9
曚,1,"['ボウ', 'モウ']","['くら（い）', 'ほのぐら（い）']",17
曄,1,['ヨウ'],"['あき（らか）', 'かがや（く）', 'さか（ん）']",14
暾,1,['トン'],['あさひ'],16
暹,1,['セン'],[],16
曁,1,['キ'],"['いた（る）', 'およ（ぶ）']",16
暝,1,"['ミョウ', 'メイ']","['かす（か）', 'くら（い）', 'く（れる）']",14
暘,1,['ヨウ'],"['あき（らか）', 'ひので']",13
暄,1,['ケン'],['あたた（かい）'],13
耨,1,['ドウ'],"['くさぎ（る）', 'くわ', 'す（く）']",16
耡,1,"['ジョ', 'ソ']","['すき', 'す（く）', 'たがや（す）']",13
耜,1,['シ'],['すき'],11
耙,1,['ハ'],['まぐわ'],10
耘,1,['ウン'],"['くさぎ（る）', 'のぞ（く）']",10
閂,1,['サン'],['かんぬき'],9
閊,1,[],['つか（える）'],11
閨,1,['ケイ'],"['こもん', 'ねや']",14
閘,1,"['オウ', 'コウ']",['ひのくち'],13
麩,1,['フ'],['ふすま'],15
麸,1,['フ'],['ふすま'],11
麭,1,['ホウ'],['こなもち'],16
齎,1,"['サイ', 'シ', 'セイ']","['ああ', 'たから', 'もたら（す）', 'もちもの']",21
魃,1,"['ハツ', 'バツ']",['ひでり'],15
魘,1,['エン'],"['うな（される）', 'おそ（われる）']",24
魑,1,['チ'],"['すだま', 'もののけ']",21
魍,1,"['ボウ', 'モウ']","['すだま', 'もののけ']",18
魎,1,['リョウ'],"['すだま', 'もののけ']",18
魄,1,"['タク', 'ハク']",['たましい'],15
閧,1,['コウ'],['ちまた'],14
閭,1,"['リョ', 'ロ']",['さと'],15
閻,1,['エン'],[],16
閼,1,"['ア', 'アツ', 'エン']","['さえぎ（る）', 'ふさ（ぐ）']",16
閹,1,['エン'],['しもべ'],16
閾,1,"['イキ', 'ヨク']","['くぎ（る）', 'しきい']",16
闊,1,['カツ'],"['うと（い）', 'ひろ（い）']",17
濶,1,['カツ'],"['うと（い）', 'ひろ（い）']",17
䦚,-1,,,-1
闃,1,['ゲキ'],['しず（か）'],17
狊,-1,,,-1
闍,1,"['ジャ', 'ト']","['うてな', 'まち']",17
闢,1,"['ビャク', 'ヘキ']","['しりぞ（ける）', 'ひら（く）', 'ひら（ける）']",21
闥,1,"['タチ', 'タツ']",['もん'],21
闡,1,['セン'],"['あき（らか）', 'ひら（く）', 'ひろ（まる）']",20
闖,1,['チン'],['うかが（う）'],18
闔,1,['コウ'],"['すべ（て）', 'と（じる）', 'とびら']",18
闕,1,['ケツ'],"['か（く）', 'か（ける）', 'のぞ（く）', 'もん']",18
闌,1,['ラン'],"['たけなわ', 'た（ける）', 'てすり']",17
罎,1,"['タン', 'ドン']","['さけがめ', 'びん']",22
缸,1,['コウ'],"['かめ', 'もたい']",9
罅,1,['カ'],"['すきま', 'ひび']",17
虖,-1,['コ'],[],11
罌,1,['オウ'],"['かめ', 'もたい']",20
罍,1,['ライ'],"['さかだる', 'もたい']",21
雹,1,['ハク'],['ひょう'],13
霄,1,['ショウ'],"['そら', 'みぞれ']",15
霈,1,['ハイ'],['おおあめ'],15
沛,1,['ハイ'],"['さわ', 'たお（れる）']",7
霆,1,['テイ'],"['いかずち', 'いなずま']",15
霓,1,['ゲイ'],['にじ'],16
霎,1,"['ショウ', 'ソウ']","['こさめ', 'しば（し）']",16
霑,1,['テン'],"['うるお（う）', 'うるお（す）']",16
沾,1,"['セン', 'テン', 'チョウ']","['うるお（う）', 'うるお（す）']",8
霙,1,['エイ'],['みぞれ'],16
霏,1,['ヒ'],[],16
霖,1,['リン'],['ながあめ'],16
霪,1,['イン'],['ながあめ'],19
霤,1,['リュウ'],"['あまだれ', 'したた（り）', 'のき']",18
靉,1,['アイ'],[],25
靂,1,['レキ'],[],24
歷,11,"['レキ', 'リャク']",['へ（る）'],16
靆,1,['タイ'],[],24
霰,1,"['サン', 'セン']",['あられ'],20
霹,1,['ヘキ'],['かみなり'],21
霽,1,"['サイ', 'セイ']",['は（れる）'],22
霾,1,"['バイ', 'マイ']","['つちぐも（り）', 'つちふ（る）']",22
貍,-1,['リ'],['たぬき'],14
靄,1,['アイ'],['もや'],24
朸,1,"['リキ', 'リョク', 'ロク']","['おうご', 'もくめ']",6
朶,1,"['タ', 'ダ']","['うご（かす）', 'えだ', 'しだ（れる）']",6
杙,1,['ヨク'],['くい'],7
杣,1,[],['そま'],7
杠,1,['コウ'],"['ちぎ', 'ちきり', 'はたざお', 'ゆずりは']",7
杞,1,"['キ', 'コ']","['くこ', 'おうち', 'かわやなぎ']",7
杆,1,['カン'],"['たて', 'てこ']",7
桿,1,['カン'],"['たて', 'てこ']",11
枌,1,['フン'],"['そぎ', 'にれ']",8
枉,1,['オウ'],"['ま（がる）', 'ま（げて）', 'ま（げる）']",8
枋,1,"['ヘイ', 'ホウ']","['いかだ', 'え', 'まゆみ']",8
枡,1,[],['ます'],8
桝,1,[],['ます'],11
杪,1,['ビョウ'],"['お（わり）', 'こずえ', 'すえ', 'ちい（さい）']",8
杼,1,"['ショ', 'ジョ', 'チョ']","['とち', 'どんぐり', 'ひ']",8
枴,1,['カイ'],['つえ'],9
柯,1,['カ'],"['え', 'えだ', 'くき']",9
枷,1,['カ'],"['かせ', 'からさお', 'くびかせ']",9
柤,1,['サ'],['てすり'],9
柞,1,['サク'],['ははそ'],9
柩,1,['キュウ'],['ひつぎ'],9
匛,-1,,,-1
柮,1,['トツ'],[],9
枳,1,"['キ', 'シ']",['からたち'],9
柢,1,['テイ'],"['ね', 'ねもと']",9
柎,1,"['フ', 'ブ']","['いかだ', 'うてな', 'つ（ける）']",9
柝,1,['タク'],"['き', 'ひょうしぎ']",9
枹,1,"['フ', 'ホウ']","['なら', 'ばち']",9
枸,1,"['ク', 'コウ']","['からたち', 'くこ', 'ま（がる）']",9
栩,1,['ク'],['くぬぎ'],10
梳,1,"['ショ', 'ソ']","['くし', 'くしけず（る）', 'す（く）', 'と（く）']",11
枅,1,"['ケイ', 'ケン']","['とがた', 'ますがた']",8
栞,1,['カン'],['しおり'],10
桙,1,"['ウ', 'ボウ']",['ほこ'],10
框,1,['キョウ'],"['かまち', 'わく']",10
桎,1,['シツ'],['あしかせ'],10
蚓,1,['イン'],['みみず'],10
蚪,1,"['ト', 'トウ']",[],10
蚌,1,"['ホウ', 'ボウ']","['からすがい', 'どぶがい', 'はまぐり']",10
㞢,-1,['シ'],"['これ', 'こ（の）', 'の', 'ゆ（く）']",4
蚣,1,"['コウ', 'ショウ']",[],10
蛄,1,['コ'],[],11
蚰,1,['ユウ'],[],11
蛉,1,['レイ'],[],11
蚯,1,['キュウ'],[],11
蚶,1,['カン'],['あかがい'],11
蚫,1,['ホウ'],['あわび'],11
蛞,1,['カツ'],['おたまじゃくし'],12
蛬,1,['キョウ'],"['こおろぎ', 'きりぎりす']",12
蛩,1,['キョウ'],['こおろぎ'],12
蛯,1,[],['えび'],12
蛔,1,['カイ'],['はらのむし'],12
蛟,1,['コウ'],['みずち'],12
蜒,1,['エン'],[],13
蜉,1,['フ'],[],13
蛻,1,"['セイ', 'ゼイ']","['ぬけがら', 'もぬけ', 'もぬけ（る）']",13
蜊,1,['リ'],['あさり'],13
蜍,1,"['シ', 'ジョ']",[],13
蜈,1,['ゴ'],[],13
吳,-1,,,-1
蛆,1,"['ショ', 'ソ']",['うじ'],11
蛹,1,['ヨウ'],['さなぎ'],13
蜑,1,['タン'],"['あま', 'えびす']",13
蜆,1,['ケン'],"['しじみ', 'みのむし']",13
蜃,1,"['シン', 'ジン']","['おおはまぐり', 'みずち']",13
蜴,1,['エキ'],[],14
蜿,1,"['エン', 'ワン']",[],14
蜚,1,['ヒ'],"['あぶらむし', 'と（ぶ）']",14
蜥,1,['セキ'],[],14
蚋,1,['ゼイ'],"['ぶと', 'ぶゆ', 'ぶよ']",10
蜻,1,['セイ'],[],14
蜩,1,['チョウ'],"['せみ', 'ひぐらし']",14
蜷,1,['ケン'],['にな'],14
蝨,1,['シツ'],['しらみ'],15
䖵,-1,['コン'],[],12
虱,1,['シツ'],['しらみ'],8
⺄,-1,,,-1
蝠,1,['フク'],[],15
蝮,1,['フク'],['まむし'],15
蝌,1,['カ'],[],15
蝴,1,['コ'],[],15
蝙,1,['ヘン'],[],15
蝓,1,['ユ'],[],15
蝗,1,['コウ'],['いなご'],15
蝟,1,['イ'],"['はりねずみ', 'むらが（る）']",15
蝎,1,['カツ'],"['きくいむし', 'さそり', 'すくもむし']",15
蝣,1,['ユウ'],[],15
蝸,1,"['カ', 'ラ']","['かたつむり', 'にな']",15
蟇,1,"['バ', 'バク', 'マ']","['がま', 'ひきがえる']",16
蟆,1,"['バ', 'バク', 'マ']","['がま', 'ひきがえる']",16
螂,1,['ロウ'],[],16
郞,11,['ロウ'],['おとこ'],10
螟,1,"['ミョウ', 'メイ']",['ずいむし'],16
蟋,1,['シツ'],[],17
螽,1,['シュウ'],"['いなご', 'きりぎりす', 'はたおりむし']",17
螳,1,['トウ'],[],17
蟀,1,['シュツ'],[],17
螯,1,['ゴウ'],['はさみ'],17
螻,1,"['ル', 'ロウ']","['おけら', 'けら']",17
螫,1,['セキ'],"['さ（す）', 'どく']",17
蟄,1,"['チツ', 'チュウ']","['かく（れる）', 'とじこ（もる）']",17
蟠,1,"['ハン', 'バン']","['めぐ（る）', 'わだかま（る）']",18
蟒,1,"['ボウ', 'モウ']","['おろち', 'うわばみ']",15
莽,1,"['ボウ', 'モウ']","['あら（い）', 'おお（きい）', 'くさぶか（い）', 'くさむら']",9
蠎,1,"['ボウ', 'モウ']","['おろち', 'うわばみ']",17
莾,-1,"['ボウ', 'モウ']","['あら（い）', 'おお（きい）', 'くさぶか（い）', 'くさむら']",11
蟯,1,"['ギョウ', 'ジョウ']",[],18
蠍,1,"['カツ', 'ケツ']",['さそり'],19
蟾,1,['セン'],"['つき', 'ひきがえる']",19
蟶,1,['テイ'],"['まて', 'まてがい']",19
蟷,1,['トウ'],[],19
當,11,['トウ'],"['あ（たる）', 'あ（てる）', 'まさ（に）']",13
蠖,1,"['カク', 'ワク']",[],19
蠕,1,"['ジュ', 'ゼン']","['うご（く）', 'うごめ（く）']",20
蠑,1,['エイ'],[],20
榮,11,['エイ'],"['さか（える）', 'は（え）', 'は（える）', 'は（やす）']",14
蠢,1,['シュン'],"['うごめ（く）', 'おろ（か）']",21
蠡,1,"['ラ', 'リ', 'レイ']","['かい', 'にな', 'ひさご', 'ほらがい']",21
蠱,1,['コ'],"['そこ（なう）', 'まじな（い）', 'まどわ（す）']",23
蟲,11,['チュウ'],['むし'],18
蠹,1,['ト'],"['きくいむし', 'しみ', 'そこ（なう）', 'むしば（む）']",24
蠧,1,['ト'],"['きくいむし', 'しみ', 'そこ（なう）', 'むしば（む）']",22
栲,1,"['コウ', 'ゴウ']","['たえ', 'ぬるで']",10
栫,1,"['セン', 'ソン']",['ふさ（ぐ）'],10
桷,1,['カク'],"['ずみ', 'たるき']",11
梭,1,['サ'],['ひ'],11
梔,1,['シ'],['くちなし'],11
巵,1,['シ'],['さかずき'],7
梵,1,['ボン'],[],11
桴,1,['フ'],"['いかだ', 'ばち', 'むなぎ']",11
梟,1,['キョウ'],"['さら（す）', 'つよ（い）', 'ふくろう']",11
梠,1,"['リョ', 'ロ']","['のき', 'ひさし']",11
梺,1,[],['ふもと'],11
梏,1,"['カク', 'コク']","['しば（る）', 'てかせ', 'みだ（す）']",11
梛,1,"['ダ', 'ナ']",['なぎ'],11
梃,1,"['チョウ', 'テイ']","['つえ', 'てこ']",11
棘,1,['キョク'],"['いばら', 'おどろ', 'とげ', 'ほこ']",12
椏,1,['ア'],"['また', 'きのまた']",12
椁,1,['カク'],"['うわひつぎ', 'ひつぎ']",12
棗,1,['ソウ'],['なつめ'],12
棠,1,"['トウ', 'ドウ']","['からなし', 'やまなし']",12
椈,1,['キク'],['ぶな'],12
椄,1,"['ショウ', 'セツ']",['つ（ぐ）'],12
棕,1,"['シュ', 'ソウ']",[],12
椶,1,"['シュ', 'ソウ']",[],13
㚇,-1,,,-1
椒,1,['ショウ'],"['いただき', 'かぐわ（しい）', 'はじかみ', 'みね']",12
椚,1,[],['くぬぎ'],12
棍,1,['コン'],"['つえ', 'ぼう', 'わるもの']",12
棹,1,"['タク', 'トウ']","['さお', 'さおさ（す）']",12
棣,1,"['タイ', 'ダイ', 'テイ']","['にわうめ', 'にわざくら']",12
楹,1,['エイ'],['はしら'],13
椰,1,['ヤ'],['やし'],13
楸,1,['シュウ'],"['ごばん', 'ひさぎ']",13
楫,1,"['シュウ', 'ショウ']","['かい', 'かじ', 'こ（ぐ）']",13
楮,1,['チョ'],"['かみ', 'こうぞ', 'さつ']",13
椽,1,['テン'],['たるき'],13
楾,1,[],['はんぞう'],13
榁,1,[],['むろ'],13
楔,1,"['ケツ', 'セツ']","['くさび', 'ほうだて']",13
楡,1,['ユ'],['にれ'],13
楝,1,['レン'],['おうち'],13
椹,1,"['シン', 'ジン', 'チン']","['あてぎ', 'くわのみ', 'さわら']",13
楞,1,"['リョウ', 'ロウ']","['かど', 'かどば（る）']",13
槓,1,['コウ'],['てこ'],14
槁,1,['コウ'],"['か（らす）', 'かれき', 'か（れる）', 'かわ（かす）', 'かわ（く）']",14
槎,1,['サ'],"['いかだ', 'き（る）']",14
榻,1,['トウ'],"['こしかけ', 'しじ', 'ねだい', 'ゆか']",14
寨,1,['サイ'],"['とりで', 'まがき']",14
槐,1,['カイ'],['えんじゅ'],14
榧,1,['ヒ'],['かや'],14
榾,1,['コツ'],"['ほた', 'ほだ']",14
榴,1,['リュウ'],['ざくろ'],14
榑,1,['フ'],['くれ'],14
榜,1,"['ホウ', 'ボウ']","['かか（げる）', 'かじ', 'こ（ぐ）', 'たてふだ', 'ふだ', 'むちう（つ）', 'ゆだめ']",14
槊,1,['サク'],"['すごろく', 'ほこ']",14
榕,1,['ヨウ'],['あこう'],14
榔,1,['ロウ'],[],14
槃,1,"['ハン', 'バン']","['たの（しむ）', 'たらい', 'めぐ（る）']",14
槹,1,['コウ'],['はねつるべ'],15
槲,1,['コク'],['かしわ'],15
槭,1,"['サク', 'シュク', 'セキ']",['かえで'],15
橄,1,['カン'],[],16
槧,1,"['サン', 'ザン', 'セン']","['はんぎ', 'ふだ']",15
榱,1,['スイ'],['たるき'],14
槿,1,['キン'],"['むくげ', 'もくげ']",15
樅,1,['ショウ'],"['つ（く）', 'もみ']",15
樛,1,['キュウ'],"['つが', 'とが', 'ま（がる）', 'まつ（わる）', 'めぐ（る）']",15
樔,1,"['ショウ', 'ソウ']","['す', 'すくいあみ', 'すく（う）']",15
樒,1,"['ビツ', 'ミツ']","['しきみ', 'じんこう']",15
櫁,1,"['ビツ', 'ミツ']","['しきみ', 'じんこう']",18
槨,1,['カク'],"['うわひつぎ', 'ひつぎ']",15
橙,1,['トウ'],['だいだい'],16
樸,1,"['ハク', 'ホク', 'ボク']","['あらき', 'きじ', 'すなお']",16
橇,1,"['キョウ', 'セイ', 'ゼイ']","['かんじき', 'そり']",16
橦,1,"['トウ', 'ショウ']","['つ（く）', 'はたざお']",16
橈,1,"['ジョウ', 'ドウ', 'ニョウ']","['かい', 'かじ', 'くじ（く）', 'たわ（む）', 'ま（げる）']",16
檣,1,['ショウ'],['ほばしら'],17
檐,1,"['エン', 'タン']","['のき', 'ひさし']",17
檄,1,"['ケキ', 'ゲキ']",['ふれぶみ'],17
檗,1,['ハク'],"['きはだ', 'きわだ']",17
蘗,1,['ハク'],"['きはだ', 'きわだ']",20
檠,1,['ケイ'],"['た（める）', 'ともしび', 'ともしびたて', 'ゆだめ']",16
檸,1,"['ドウ', 'ネイ']",[],18
櫃,1,['キ'],"['はこ', 'ひつ']",18
櫂,1,['トウ'],"['かい', 'かじ']",18
檳,1,"['ヒン', 'ビン']",[],18
檬,1,"['ボウ', 'モウ']",[],17
櫟,1,"['レキ', 'ロウ', 'ヤク']","['いちい', 'くぬぎ', 'こす（る）']",19
檪,1,"['レキ', 'ロウ', 'ヤク']","['いちい', 'くぬぎ', 'こす（る）']",17
檻,1,['カン'],"['いたがこ（い）', 'おり', 'てすり']",19
櫚,1,"['リョ', 'ロ']",['かりん'],19
欖,1,['ラン'],[],26
欒,1,['ラン'],"['おうち', 'まど（か）', 'まる（い）']",23
櫨,1,['ロ'],"['とがた', 'はぜ', 'はぜのき', 'ますがた']",20
櫪,1,['レキ'],"['うまや', 'かいばおけ', 'くぬぎ']",20
蘖,1,['ゲツ'],['ひこばえ'],20
薛,1,['セツ'],"['かわらよもぎ', 'はますげ']",16
欅,1,['キョ'],['けやき'],21
擧,11,['キョ'],"['あ（がる）', 'あ（げる）', 'こぞ（って）', 'こぞ（る）']",17
櫺,1,"['リョウ', 'レイ']","['てすり', 'のき', 'れんじ']",21
霝,-1,['レイ'],[],17
肛,1,['コウ'],"['しりのあな', 'は（れる）']",7
肚,1,['ト'],"['いぶくろ', 'はら']",7
肓,1,['コウ'],['むなもと'],7
肭,1,['ドツ'],[],8
肬,1,['ユウ'],"['いぼ', 'は（れる）']",8
胙,1,['ソ'],['ひもろぎ'],9
胝,1,['チ'],"['あかぎれ', 'たこ', 'まめ']",9
胛,1,['コウ'],['かいがらぼね'],9
胚,1,['ハイ'],"['はじ（め）', 'はら（む）']",9
胄,1,['チュウ'],"['ちすじ', 'よつぎ']",9
胖,1,['ハン'],['ゆた（か）'],9
胱,1,['コウ'],[],10
胯,1,['コ'],"['また', 'また（がる）', 'また（ぐ）']",10
脣,1,['シン'],['くちびる'],11
脯,1,"['フ', 'ホ']",['ほじし'],11
脛,1,['ケイ'],"['すね', 'はぎ']",11
脩,1,"['シュウ', 'ユウ']","['おさ（める）', 'なが（い）', 'ほじし']",11
腋,1,['エキ'],"['わき', 'わきのした']",12
脾,1,['ヒ'],"['ひぞう', 'もも']",12
腓,1,['ヒ'],"['こむら', 'ふくらはぎ']",12
腆,1,['テン'],"['あつ（い）', 'てあつ（い）']",12
腑,1,['フ'],"['こころ', 'はらわた']",12
胼,1,"['ヘン', 'ベン']","['あかぎれ', 'たこ']",10
腮,1,['サイ'],"['あぎと', 'あご', 'えら']",13
腴,1,['ユ'],"['あぶら', 'こ（える）', 'ゆた（か）']",13
臾,1,"['ユ', 'ヨウ']","['しばら（く）', 'ひきと（める）', 'わず（か）']",9
腱,1,['ケン'],['すじ'],13
腥,1,"['ショウ', 'セイ']","['けが（らわしい）', 'なまぐさ（い）']",13
膃,1,['オツ'],[],14
膈,1,['カク'],[],14
膀,1,"['ホウ', 'ボウ']",['ゆばりぶくろ'],14
膂,1,"['リョ', 'ロ']","['せぼね', 'ちから']",14
膊,1,['ハク'],"['うで', 'ほじし']",14
膣,1,['チツ'],[],15
腟,1,['チツ'],[],13
膠,1,['コウ'],"['かた（い）', 'つ（く）', 'にかわ', 'にかわ（する）']",15
膩,1,"['ジ', 'ニ']","['あか', 'あぶら', 'あぶらあか', 'なめ（らか）']",16
貳,11,"['ニ', 'ジ']","['ふた', 'ふた（つ）']",12
曰,1,['エツ'],"['い（う）', 'いわ（く）', 'のたま（わく）']",4
匃,-1,,,-1
跂,1,"['キ', 'ギ']","['つまだ（てる）', 'は（う）']",11
趺,1,['フ'],"['あぐら', 'あし', 'うてな']",11
趾,1,['シ'],"['あし', 'あと', 'ねもと']",11
跏,1,['カ'],['あぐら'],12
跖,1,['セキ'],"['あしのうら', 'ふ（む）']",12
跌,1,['テツ'],"['あやま（つ）', 'つまず（く）']",12
跚,1,['サン'],[],12
跛,1,"['ハ', 'ヒ']",['かたよ（る）'],12
跋,1,"['ハツ', 'バツ']","['おくがき', 'こ（える）', 'つまず（く）', 'ふ（む）']",12
跟,1,['コン'],"['かかと', 'くびす', 'したが（う）', 'つ（ける）']",13
跣,1,['セン'],"['すあし', 'はだし']",13
跪,1,['キ'],['ひざまず（く）'],13
跫,1,['キョウ'],['あしおと'],13
跼,1,['キョク'],"['かが（む）', 'せぐくま（る）']",14
跿,1,['ト'],"['すあし', 'はだし']",14
踉,1,"['リョウ', 'ロウ']",['おど（る）'],14
踝,1,['カ'],"['かかと', 'くびす', 'くるぶし']",15
踟,1,['チ'],"['たちもとお（る）', 'ためら（う）']",15
踞,1,"['キョ', 'コ']","['うずくま（る）', 'おご（る）']",15
蹂,1,['ジュウ'],"['ふみにじ（る）', 'ふ（む）']",16
踵,1,['ショウ'],"['いた（る）', 'かかと', 'きびす', 'くびす', 'つ（ぐ）', 'ふ（む）']",16
踰,1,['ユ'],"['こ（える）', 'こ（す）']",16
踴,1,['ヨウ'],"['おど（り）', 'おど（る）']",16
蹊,1,['ケイ'],"['こみち', 'みち']",17
蹉,1,['サ'],['つまず（く）'],17
蹌,1,"['ショウ', 'ソウ']","['うご（く）', 'はし（る）', 'よろめ（く）']",17
蹇,1,['ケン'],"['あしなえ', 'おご（る）', 'と（まる）', 'なえ（ぐ）', 'なや（む）']",17
蹐,1,"['シャク', 'セキ']","['さしあし', 'ぬきあし']",17
蹈,1,"['トウ', 'ドウ']",['ふ（む）'],17
舀,-1,['ヨウ'],[],10
蹙,1,"['シュク', 'セキ']","['きわ（まる）', 'け（る）', 'しか（める）', 'せま（る）', 'つつし（む）']",18
蹠,1,"['ショ', 'セキ']","['あしうら', 'あしのうら', 'あなうら', 'ふ（む）']",18
蹣,1,"['ハン', 'バン', 'マン']",['よろめ（く）'],18
㒼,-1,,,-1
蹤,1,['ショウ'],"['あしあと', 'あと', 'したが（う）']",18
蹕,1,['ヒツ'],['さきばらい'],18
蹶,1,"['ケイ', 'ケツ']","['たお（れる）', 'た（つ）', 'すみ（やか）', 'つまず（く）']",19
蹲,1,"['シュン', 'ソン']","['うずくま（る）', 'つくば（い）', 'つくば（う）']",19
蹼,1,"['ホク', 'ボク']",['みずかき'],19
躅,1,['チョク'],['ふ（む）'],20
躄,1,['ヘキ'],['いざ（る）'],20
躁,1,['ソウ'],"['あわただ（しい）', 'うご（く）', 'さわ（がしい）', 'さわ（ぐ）']",20
躇,1,"['チャク', 'チョ']","['たちもとお（る）', 'ためら（う）', 'ふ（む）', 'わた（る）']",19
躋,1,"['サイ', 'セイ']","['のぼ（らせる）', 'のぼ（る）']",21
躊,1,['チュウ'],"['たちもとお（る）', 'ためら（う）']",21
躓,1,['チ'],['つまず（く）'],22
躑,1,['テキ'],['たちもとお（る）'],22
躪,1,['リン'],"['にじ（る）', 'ふみにじ（る）']",26
藺,1,['リン'],"['い', 'いぐさ']",19
躙,1,['リン'],"['にじ（る）', 'ふみにじ（る）']",23
閵,-1,,,-1
躡,1,['ジョウ'],"['お（う）', 'のぼ（る）', 'は（く）', 'ふ（む）']",25
躔,1,['テン'],"['ふ（む）', 'まつ（わる）', 'めぐ（る）']",22
鹹,1,['カン'],"['から（い）', 'しおから（い）', 'しおけ']",20
膰,1,['ハン'],['ひもろぎ'],16
臀,1,['デン'],"['しり', 'そこ']",17
臂,1,['ヒ'],"['うで', 'ひじ']",17
膺,1,"['オウ', 'ヨウ']","['う（ける）', 'う（つ）', 'むね']",17
膾,1,['カイ'],"['なます', 'なます（にする）']",17
膵,1,['スイ'],[],15
萃,1,['スイ'],"['あつ（まる）', 'あつ（める）', 'やつ（れる）']",11
臉,1,"['ケン', 'セン']","['かお', 'ほお']",17
臑,1,"['ジ', 'ジュ', 'ドウ']","['すね', 'に（る）', 'やわ（らか）']",18
臍,1,"['サイ', 'セイ']","['へそ', 'ほぞ']",18
臙,1,['エン'],"['のど', 'べに']",20
臘,1,['ロウ'],['く（れ）'],19
巤,-1,,,-1
臚,1,"['リョ', 'ロ']","['つた（える）', 'なら（べる）', 'はだ']",20
臠,1,['レン'],"['きりにく', 'きりみ', 'みそなわ（す）']",25
汞,1,['コウ'],['みずがね'],7
漿,1,['ショウ'],"['おもゆ', 'しる', 'のみもの']",15
將,11,['ショウ'],"['はた', 'ひき（いる）', 'まさ（に）']",11
汕,1,['サン'],"['あみ', 'すく（う）']",6
汪,1,['オウ'],"['いけ', 'おお（きい）', 'ひろ（い）', 'ふか（い）']",7
沍,1,"['コ', 'ゴ']","['か（れる）', 'こお（る）']",7
沚,1,['シ'],"['なかす', 'なぎさ', 'みぎわ']",7
沁,1,['シン'],"['し（みる）', 'ひた（す）']",7
汨,1,"['コツ', 'ベキ']",['しず（む）'],7
沂,1,"['キ', 'ギ', 'ギン']","['ふち', 'ほとり']",7
沐,1,"['ボク', 'モク']","['あら（う）', 'うるお（う）']",7
泛,1,"['ハン', 'ホウ']","['あまね（く）', 'う（かぶ）', 'う（かべる）', 'くつがえ（す）', 'ひろ（い）']",7
泓,1,['オウ'],"['きよ（い）', 'ふか（い）', 'ふち']",8
泗,1,['シ'],"['なみだ', 'はなじる']",8
沽,1,['コ'],"['う（る）', 'か（う）']",8
沮,1,"['ショ', 'ソ']","['はば（む）', 'ふせ（ぐ）', 'も（れる）']",8
泝,1,['ソ'],['さかのぼ（る）'],8
泄,1,"['エイ', 'セツ']","['な（れる）', 'も（らす）', 'も（れる）']",8
泅,1,['シュウ'],['およ（ぐ）'],8
沱,1,"['タ', 'ダ']",[],8
泪,1,['ルイ'],['なみだ'],8
泯,1,"['ビン', 'ベン', 'ミン', 'メン']","['つ（きる）', 'ほろ（びる）']",8
洸,1,['コウ'],['ほの（か）'],9
洽,1,['コウ'],"['あまね（し）', 'うるお（う）', 'うるお（す）']",9
洌,1,['レツ'],"['きよ（い）', 'さむ（い）']",9
洟,1,"['イ', 'テイ']","['なみだ', 'はな', 'はなじる']",9
洶,1,['キョウ'],['わ（く）'],9
洵,1,"['シュン', 'ジュン']","['まこと', 'まこと（に）']",9
洒,1,"['サイ', 'シャ', 'セイ', 'セン', 'ソン']","['あら（う）', 'すす（ぐ）', 'そそ（ぐ）']",9
洫,1,"['キョク', 'ケキ']","['みぞ', 'ほり']",9
牀,1,"['ショウ', 'ソウ']","['こしかけ', 'だい', 'とこ', 'ねだい', 'ゆか']",8
牆,1,['ショウ'],"['かき', 'へい']",17
韶,1,['ショウ'],"['あき（らか）', 'うつく（しい）']",14
韜,1,['トウ'],"['かく（す）', 'つつ（む）', 'ゆごて', 'ゆみぶくろ']",20
爬,1,['ハ'],"['か（く）', 'は（う）']",8
靤,1,['ホウ'],['にきび'],14
靦,1,['テン'],"['あつ（かましい）', 'は（じる）']",16
靨,1,['ヨウ'],['えくぼ'],23
馗,1,['キ'],['みち'],11
馘,1,['カク'],"['くびき（る）', 'みみき（る）']",17
颪,1,[],['おろし'],12
颯,1,"['サツ', 'ソウ']",['はやて'],14
飆,1,['ヒョウ'],"['かぜ', 'つむじかぜ', 'みだ（れる）']",21
猋,-1,,,-1
颶,1,['グ'],['つむじかぜ'],17
颱,1,['タイ'],['たいふう'],14
飄,1,['ヒョウ'],"['ただよ（う）', 'つむじかぜ', 'はや（い）', 'ひるがえ（る）']",20
浣,1,['カン'],"['あら（う）', 'すす（ぐ）']",10
浙,1,['セツ'],[],10
涕,1,['テイ'],"['な（く）', 'なみだ']",10
涓,1,['ケン'],"['しずく', 'わず（か）']",10
浹,1,['ショウ'],"['あまね（し）', 'うるお（う）', 'うるお（す）', 'とお（る）', 'めぐ（る）']",10
浚,1,['シュン'],"['さら（う）', 'ふか（い）']",10
涅,1,"['デツ', 'ネ', 'ネツ']","['くろ', 'くろつち', 'くろ（める）', 'そ（める）']",10
涎,1,"['エン', 'セン', 'ゼン']",['よだれ'],10
淹,1,['エン'],"['い（れる）', 'つ（ける）', 'とど（まる）', 'ひさ（しい）', 'ひた（す）', 'ひろ（い）']",11
淬,1,['サイ'],['にら（ぐ）'],11
淒,1,['セイ'],"['さむ（い）', 'すご（い）', 'すさま（じい）']",11
涵,1,['カン'],"['い（れる）', 'うるお（す）', 'ひた（す）']",11
涸,1,['コ'],"['から（びる）', 'か（れる）', 'つ（きる）']",11
淅,1,['セキ'],"['かしよね', 'よな（げる）']",11
淙,1,['ソウ'],['そそ（ぐ）'],11
淆,1,['コウ'],"['にご（る）', 'ま（じる）', 'みだ（す）']",11
淪,1,"['リン', 'ロン']","['しず（む）', 'ほろ（ぶ）']",11
淌,1,"['ショウ', 'トウ']",['おおなみ'],11
淤,1,"['オ', 'ヨ']","['おり', 'どろ', 'ふさ（がる）']",11
渙,1,['カン'],"['あき（らか）', 'ち（る）', 'と（ける）']",12
渣,1,['サ'],"['おり', 'かす']",12
湲,1,"['エン', 'カン']",[],12
渭,1,['イ'],[],12
湮,1,"['イン', 'エン']","['しず（む）', 'ふさ（ぐ）', 'ほろ（びる）']",12
湫,1,"['シュウ', 'ショウ']","['くて', 'せま（い）', 'とどこお（る）', 'ひく（い）']",12
渾,1,['コン'],"['すべ（て）', 'にご（る）', 'ま（じる）']",12
湍,1,['タン'],"['はや（い）', 'はやせ']",12
渺,1,['ビョウ'],"['かす（か）', 'はる（か）']",12
眇,1,"['ビョウ', 'ミョウ']","['おくぶか（い）', 'かす（か）', 'すがめ', 'すが（める）', 'ちい（さい）', 'はる（か）']",9
渫,1,"['セツ', 'チョウ']","['けが（す）', 'さら（う）', 'も（らす）']",12
游,1,"['ユウ', 'リュウ']","['あそ（ぶ）', 'およ（ぐ）']",12
溂,1,['ラツ'],[],12
渟,1,['テイ'],"['た（まる）', 'とど（まる）', 'と（める）']",12
湎,1,"['ベン', 'メン']","['おぼ（れる）', 'しず（む）']",12
渝,1,['ユ'],"['あふ（れる）', 'か（える）', 'か（わる）']",12
湃,1,['ハイ'],[],12
拜,11,['ハイ'],['おが（む）'],9
滉,1,['コウ'],['ひろ（い）'],13
溽,1,['ジョク'],['むしあつ（い）'],13
滄,1,['ソウ'],"['あお（い）', 'さむ（い）']",13
溏,1,['トウ'],['いけ'],13
溷,1,['コン'],"['かわや', 'にご（る）', 'みだ（れる）']",13
圂,-1,,,-1
滔,1,['トウ'],"['あつ（まる）', 'うご（く）', 'はびこ（る）']",13
滂,1,"['ホウ', 'ボウ']",[],13
溘,1,['コウ'],"['たちま（ち）', 'にわ（か）']",13
溟,1,['メイ'],"['うみ', 'おおうなばら', 'くら（い）']",13
溲,1,"['シュ', 'シュウ', 'ソウ']","['いばり', 'そそ（ぐ）', 'ひた（す）', 'ゆばり']",13
滾,1,['コン'],['たぎ（る）'],14
袞,1,['コン'],[],11
漲,1,['チョウ'],['みなぎ（る）'],14
滬,1,['コ'],['えり'],14
滸,1,['コ'],"['ほとり', 'みぎわ']",14
漱,1,['ソウ'],"['うがい', 'くちすす（ぐ）', 'すす（ぐ）']",14
漾,1,['ヨウ'],['ただよ（う）'],14
羕,-1,"['ヨウ', 'ショウ']",[],11
滲,1,['シン'],"['し（みる）', 'にじ（む）']",14
漓,1,['リ'],"['うす（い）', 'したた（る）', 'なが（れる）']",14
滷,1,['ロ'],"['しおから（い）', 'にがり']",14
滌,1,"['ジョウ', 'デキ']","['あら（う）', 'すす（ぐ）']",14
潸,1,['サン'],[],15
澎,1,['ホウ'],[],15
潺,1,"['サン', 'セン']",[],15
潭,1,"['シン', 'タン']","['ふか（い）', 'ふち', 'みぎわ']",15
覃,1,"['エン', 'タン']","['およ（ぶ）', 'の（びる）', 'ひ（く）', 'ふか（い）']",12
澆,1,['ギョウ'],"['うす（い）', 'そそ（ぐ）']",15
潯,1,['ジン'],"['ふち', 'ほとり', 'みぎわ']",15
潦,1,['ロウ'],"['あまみず', 'ながあめ', 'にわたずみ']",15
澪,1,['レイ'],['みお'],16
澣,1,['カン'],"['あら（う）', 'すす（ぐ）']",16
澹,1,"['セン', 'タン']","['あわ（い）', 'うす（い）', 'しず（か）']",16
澳,1,"['イク', 'オウ']","['おき', 'くま', 'ふか（い）']",16
濆,1,['フン'],"['ふ（く）', 'ほとり', 'みぎわ', 'わ（く）']",15
濬,1,['シュン'],"['さら（う）', 'ふか（い）']",17
濘,1,['ネイ'],"['どろ', 'ぬか（る）', 'ぬかるみ']",17
濔,1,"['デイ', 'ビ', 'ミ']",['み（ちる）'],17
瀋,1,['シン'],['しる'],18
濺,1,['セン'],['そそ（ぐ）'],18
濛,1,"['ボウ', 'モウ']","['うすぐら（い）', 'くら（い）', 'こさめ']",16
瀁,1,['ヨウ'],[],18
瀏,1,['リュウ'],"['あき（らか）', 'きよ（い）']",18
瀉,1,['シャ'],"['くだ（す）', 'しおつち', 'そそ（ぐ）', 'は（く）']",18
寫,11,['シャ'],"['うつ（す）', 'うつ（る）']",15
瀑,1,"['バク', 'ボウ']","['しぶき', 'たき', 'にわかあめ']",18
濾,1,"['リョ', 'ロ']",['こ（す）'],18
瀚,1,['カン'],['ひろ（い）'],19
瀛,1,['エイ'],['うみ'],19
嬴,-1,,,-1
瀝,1,['レキ'],"['しずく', 'したた（る）', 'そそ（ぐ）']",19
瀟,1,['ショウ'],['きよ（い）'],19
蕭,1,['ショウ'],"['しず（か）', 'よもぎ']",16
瀾,1,['ラン'],"['なみ', 'なみだ（つ）']",20
瀲,1,['レン'],"['う（かぶ）', 'みぎわ']",20
瀰,1,['ビ'],"['はびこ（る）', 'ひろ（い）']",20
彌,11,"['ビ', 'ミ']","['や', 'あまね（し）', 'いや', 'いよいよ', 'つくろ（う）', 'ひさ（しい）', 'わた（る）']",17
灑,1,"['サイ', 'シャ', 'シ']","['あら（う）', 'そそ（ぐ）', 'ち（らす）']",22
軋,1,['アツ'],"['きし（む）', 'きし（る）', 'くわ（しい）', 'こま（かい）']",8
軛,1,"['アク', 'ヤク']",['くびき'],11
軻,1,['カ'],[],12
軫,1,['シン'],['いた（む）'],12
軼,1,['イツ'],"['う（せる）', 'す（ぎる）']",12
軾,1,['ショク'],['しきみ'],13
輅,1,['ロ'],"['くるま', 'みくるま']",13
輊,1,['チ'],['おも（い）'],13
輒,1,['チョウ'],['すなわ（ち）'],14
耴,-1,['ギツ'],[],7
輙,1,['チョウ'],['すなわ（ち）'],15
輓,1,['バン'],"['おそ（い）', 'ひ（く）']",14
輟,1,['テツ'],"['つづ（る）', 'とど（める）', 'や（める）']",15
輜,1,['シ'],"['にぐるま', 'ほろぐるま']",15
輦,1,['レン'],"['こし', 'てぐるま']",15
輛,1,['リョウ'],['くるま'],15
輌,1,['リョウ'],['くるま'],13
輻,1,['フク'],['や'],16
輹,1,['フク'],['とこしばり'],16
輳,1,['ソウ'],['あつ（まる）'],16
轅,1,['エン'],['ながえ'],17
轂,1,['コク'],"['くるま', 'こしき']",17
輾,1,"['テン', 'デン', 'ネン']","['ころ（がる）', 'ひきうす', 'めぐ（る）']",17
轆,1,['ロク'],[],18
轌,1,[],['そり'],18
轎,1,['キョウ'],"['かご', 'くるま', 'やまかご']",19
轗,1,['カン'],[],20
轜,1,['ジ'],['ひつぎぐるま'],21
轢,1,['レキ'],"['きし（る）', 'ひ（く）', 'ふみにじ（る）']",22
轤,1,['ロ'],[],23
馭,1,['ギョ'],"['あやつ（る）', 'おさ（める）', 'す（べる）', 'の（る）']",12
駟,1,['シ'],[],15
駛,1,['シ'],"['は（せる）', 'はや（い）']",15
駑,1,"['ド', 'ヌ']","['おろ（か）', 'にぶ（い）', 'のろ（い）']",15
駘,1,"['タイ', 'ダイ']","['にぶ（い）', 'ふ（む）']",15
駝,1,"['タ', 'ダ']",['らくだ'],15
駮,1,"['ハク', 'バク']","['なじ（る）', 'ぶち', 'まだら', 'まゆみ']",16
駱,1,['ラク'],"['かわらげ', 'らくだ']",16
駭,1,"['カイ', 'ガイ']","['おどろ（かす）', 'おどろ（く）', 'みだ（れる）']",16
駻,1,['カン'],['あらうま'],17
騁,1,['テイ'],['は（せる）'],17
駸,1,['シン'],['はし（る）'],17
騅,1,['スイ'],['あしげ'],18
騏,1,['キ'],[],18
駢,1,"['ヘン', 'ベン']","['なら（ぶ）', 'なら（べる）']",16
騙,1,['ヘン'],"['かた（る）', 'だま（す）']",19
騫,1,['ケン'],"['あやま（る）', 'かか（げる）', 'か（ける）', 'と（ぶ）']",20
驂,1,['サン'],"['そえうま', 'そえの（り）']",21
驃,1,['ヒョウ'],"['しらかげ', 'つよ（い）']",21
騾,1,['ラ'],['らば'],21
驀,1,['バク'],"['たちま（ち）', 'のりこ（える）', 'の（る）', 'まっしぐら']",20
驕,1,['キョウ'],"['おご（る）', 'さか（ん）', 'つよ（い）', 'ほしいまま']",22
驍,1,"['キョウ', 'ギョウ']","['たけ（し）', 'つよ（い）']",22
驟,1,['シュウ'],"['しばしば', 'にわ（か）', 'はし（る）', 'はや（い）']",24
聚,1,"['ジュ', 'シュウ']","['あつ（まる）', 'あつ（める）']",14
驪,1,"['リ', 'レイ']","['くろ（い）', 'くろうま', 'なら（べる）']",29
驤,1,['ジョウ'],"['あ（がる）', 'あ（げる）', 'はし（る）', 'はや（い）']",27
驩,1,['カン'],"['よろこ（び）', 'よろこ（ぶ）']",27
驥,1,['キ'],[],26
驢,1,"['リョ', 'ロ']","['うさぎうま', 'ろば']",26
笏,1,"['コツ', 'ブン']",['しゃく'],10
笆,1,['ハ'],"['いばらだけ', 'たけがき']",10
笊,1,['ソウ'],"['ざる', 'す']",10
笘,1,"['セン', 'チョウ']","['ふだ', 'むち']",11
笞,1,['チ'],"['しもと', 'むち', 'むちう（つ）']",11
笵,1,['ハン'],['のり'],11
笳,1,['カ'],['あしぶえ'],11
笨,1,['ホン'],"['あら（い）', 'おろ（かな）']",11
笙,1,['ショウ'],"['しょうのふえ', 'ふえ']",11
笄,1,['ケイ'],"['こうがい', 'かんざし']",10
筌,1,['セン'],['うえ'],12
筅,1,['セン'],['ささら'],12
筐,1,['キョウ'],"['かご', 'かたみ', 'ねだい', 'はこ']",12
筺,1,['キョウ'],"['かご', 'かたみ', 'ねだい', 'はこ']",13
匤,-1,,,-1
筥,1,['キョ'],"['いねたば', 'はこ']",13
筵,1,['エン'],"['せき', 'むしろ']",13
筧,1,['ケン'],"['かけい', 'かけひ']",13
筰,1,['サク'],['たけなわ'],13
筬,1,['セイ'],['おさ'],13
筱,1,['ショウ'],"['しの', 'しのだけ']",13
筴,1,"['キョウ', 'サク']","['はかりごと', 'はさ（む）', 'はし', 'めどぎ']",13
箘,1,['キン'],"['しのだけ', 'やだけ']",14
箜,1,"['ク', 'コウ']",[],14
箍,1,['コ'],['たが'],14
㧜,-1,,,-1
箝,1,"['カン', 'ケン']","['くびかせ', 'つぐ（む）', 'はさ（む）']",14
箒,1,"['シュウ', 'ソウ']","['は（く）', 'はら（う）', 'ほうき']",14
箏,1,"['ショウ', 'ソウ']","['こと', 'そうのこと']",14
筝,1,"['ショウ', 'ソウ']","['こと', 'そうのこと']",12
箚,1,"['サツ', 'トウ']","['さ（す）', 'しる（す）', 'もうしぶみ']",14
㓣,-1,,,-1
箙,1,['フク'],"['えびら', 'やなぐい']",14
篁,1,['コウ'],"['たかむら', 'たけ', 'たけやぶ']",15
篌,1,"['ゴ', 'コウ']",[],15
篆,1,['テン'],[],15
篋,1,['キョウ'],['はこ'],15
匧,-1,['キョウ'],['はこ'],9
赧,1,"['タン', 'ダン']","['あから（める）', 'は（じる）']",12
㞋,-1,,,-1
赭,1,['シャ'],"['あか', 'あか（い）', 'あかつち']",16
麈,1,"['シュ', 'ス']",['おおじか'],16
麋,1,"['ビ', 'ミ']","['おおじか', 'くだ（ける）', 'なれしか', 'まゆ']",17
麁,1,['ソ'],"['あら（い）', 'おお（きい）', 'くろごめ', 'ほぼ']",13
麌,1,"['グ', 'ゴ']",['おじか'],18
麕,1,"['キン', 'クン']","['くじか', 'のろ', 'むら（がる）']",19
麑,1,"['ゲイ', 'ベイ']",['かのこ'],19
麝,1,"['シャ', 'ジャ']",['じゃこうじか'],21
欸,1,['アイ'],['ああ'],11
欷,1,['キ'],"['すすりな（く）', 'なげ（く）']",11
欹,1,"['イ', 'キ']","['ああ', 'かたむ（ける）', 'そばだ（てる）']",12
歇,1,"['カツ', 'ケツ']","['か（れる）', 'つ（きる）', 'やす（む）', 'や（む）', 'や（める）']",13
歃,1,['ソウ'],['すす（る）'],13
臿,-1,['ソウ'],[],9
歉,1,['ケン'],"['あきた（りない）', 'すく（ない）']",14
歟,1,['ヨ'],"['か', 'や']",17
歛,1,['カン'],"['あた（える）', 'ねが（う）', 'のぞ（む）']",17
歔,1,['キョ'],['すすりな（く）'],16
歙,1,"['キュウ', 'キョウ', 'ショウ']","['あわ（せる）', 'おそ（れる）', 'すぼ（める）']",16
翕,1,['キュウ'],"['あつ（まる）', 'あつ（める）', 'お（こる）', 'さか（ん）', 'と（じる）']",12
肄,1,['イ'],"['なら（う）', 'ひこばえ']",13
肆,1,['シ'],"['つら（ねる）', 'なら（べる）', 'ほしいまま', 'みせ']",13
雎,1,['ショ'],['みさご'],13
霍,1,['カク'],"['にわ（か）', 'はや（い）']",16
雕,1,['チョウ'],"['え（る）', 'きざ（む）', 'ほ（る）', 'わし']",16
雖,1,['スイ'],['いえど（も）'],17
虽,-1,,,-1
箴,1,['シン'],"['いしばり', 'いまし（め）', 'いまし（める）', 'はり']",15
篝,1,['コウ'],"['かがり', 'かご', 'ふせご']",16
篩,1,['シ'],"['ふるい', 'ふる（う）']",16
篥,1,"['リキ', 'リツ']",[],16
簑,1,"['サ', 'サイ']",['みの'],16
簔,1,"['サ', 'サイ']",['みの'],17
篷,1,['ホウ'],"['とま', 'ふね']",17
簍,1,"['ル', 'ロウ']",['たけかご'],17
簓,1,['セン'],['ささら'],17
簇,1,"['ソウ', 'ソク', 'ゾク']","['あつ（まる）', 'むら（がる）']",17
簀,1,['サク'],"['す', 'すのこ']",17
簗,1,[],['やな'],17
篳,1,"['ヒチ', 'ヒツ']","['いばら', 'しば', 'まがき']",17
簣,1,['キ'],"['あじか', 'もっこ']",18
簧,1,['コウ'],"['した', 'ふえ']",18
簟,1,['テン'],"['たかむしろ', 'すのこ']",18
簪,1,"['サン', 'シン']","['かざ（す）', 'かんざし', 'はや（い）']",20
簷,1,['エン'],"['のき', 'ひさし']",19
簽,1,['セン'],['ふだ'],19
簫,1,['ショウ'],"['しょうのふえ', 'ふえ']",19
籃,1,['ラン'],['かご'],21
籌,1,['チュウ'],"['かずとり', 'はかりごと', 'はか（る）']",20
籔,1,"['ス', 'ソウ']",['こめあげざる'],21
籐,1,['トウ'],[],21
籀,1,['チュウ'],['よ（む）'],19
籟,1,['ライ'],"['ひび（き）', 'ふえ']",22
籥,1,['ヤク'],['ふえ'],23
籤,1,['セン'],"['くし', 'くじ', 'ひご']",23
籖,1,['セン'],"['くし', 'くじ', 'ひご']",21
籬,1,['リ'],"['まがき', 'ませがき']",25
珈,1,['カ'],['かみかざ（り）'],9
玻,1,['ハ'],[],9
珮,1,['ハイ'],['おびだま'],10
珥,1,['ジ'],"['さしはさ（む）', 'みみだま']",10
珞,1,"['ラク', 'リャク', 'レキ']",[],10
琅,1,['ロウ'],[],11
瑯,1,['ロウ'],[],14
琥,1,"['ク', 'コ']",[],12
琲,1,"['ハイ', 'ヒ']",[],12
琺,1,['ホウ'],[],12
玳,1,['タイ'],[],9
瑟,1,['シツ'],['おおごと'],13
瑙,1,"['ドウ', 'ノウ']",[],13
瑁,1,['マイ'],[],13
瑕,1,['カ'],"['あやま（ち）', 'きず']",13
瑜,1,['ユ'],[],13
瑶,1,['ヨウ'],['たま'],13
瑩,1,['エイ'],"['あき（らか）', 'みが（く）']",15
瑣,1,['サ'],"['くさり', 'ちい（さい）', 'つら（なる）']",14
瑪,1,"['バ', 'メ']",[],14
瑰,1,['カイ'],"['おお（きい）', 'すぐ（れる）', 'めずら（しい）']",14
璋,1,['ショウ'],"['たま', 'ひしゃく']",15
瑾,1,['キン'],[],15
璞,1,['ハク'],['あらたま'],16
瓊,1,['ケイ'],"['たま', 'に']",18
瓔,1,"['エイ', 'ヨウ']",['くびかざ（り）'],21
瓏,1,['ロウ'],[],20
髢,1,['テイ'],['かもじ'],13
髦,1,"['ボウ', 'モウ']","['さげがみ', 'すぐ（れる）', 'たてがみ', 'たれがみ']",14
髣,1,['ホウ'],"['かす（か）', 'に（る）', 'ほの（か）']",14
髫,1,['チョウ'],"['うない', 'たれがみ']",15
髯,1,['ゼン'],"['ひげ', 'ほおひげ']",15
髴,1,"['ヒ', 'フツ']","['に（る）', 'ほの（か）']",15
髱,1,['ホウ'],"['たぼ', 'つと']",15
髻,1,"['キツ', 'ケイ', 'ケツ']","['たぶさ', 'みずら', 'もとどり']",16
髷,1,['キョク'],"['まげ', 'まるまげ', 'わげ']",16
鬆,1,"['ショウ', 'ソウ']","['あら（い）', 'す', 'ゆる（い）']",18
鬘,1,"['バン', 'マン']","['かずら', 'かつら']",21
鬚,1,"['シュ', 'ス']","['あごひげ', 'ひげ']",22
鬟,1,['カン'],"['みずら', 'わげ']",23
鬣,1,['リョウ'],['たてがみ'],25
鬢,1,"['ヒン', 'ビン']",[],24
矼,1,['コウ'],"['いしばし', 'かた（い）', 'とびいし']",8
砒,1,['ヒ'],[],9
砌,1,"['サイ', 'セイ']",['みぎり'],9
砠,1,"['ショ', 'ソ']","['いしやま', 'つちやま']",10
硅,1,"['カク', 'ケイ']",['やぶ（る）'],11
碚,1,['ハイ'],[],13
硼,1,['ホウ'],[],13
碌,1,['ロク'],[],13
彔,-1,,,-1
碪,1,"['ガン', 'チン']",['きぬた'],14
碣,1,['ケツ'],['いしぶみ'],14
磑,1,['ガイ'],"['いしうす', 'うす', 'ひきうす']",15
磋,1,['サ'],['みが（く）'],15
碾,1,"['テン', 'デン']","['うす', 'ひ（く）']",15
磅,1,['ホウ'],['ポンド'],15
碼,1,"['バ', 'マ', 'メ']",['ヤード'],15
磊,1,['ライ'],[],15
砳,-1,,,-1
磔,1,['タク'],"['さ（く）', 'はりつけ']",16
磬,1,"['キン', 'ケイ']",[],16
磧,1,['セキ'],"['かわら', 'さばく']",16
磚,1,['セン'],['かわら'],16
磽,1,"['キョウ', 'コウ']",[],17
磴,1,['トウ'],"['いしざか', 'いしだん', 'いしばし']",17
礒,1,['ギ'],['いそ'],18
礑,1,['トウ'],"['そこ', 'はた（と）', 'はった（と）']",18
礙,1,"['ガイ', 'ゲ']","['ささ（える）', 'さまた（げる）']",19
礫,1,['レキ'],"['いしころ', 'こいし', 'つぶて']",20
礬,1,"['ハン', 'バン']",[],20
釵,1,"['サ', 'サイ']",['かんざし'],11
釿,1,"['キン', 'ギン']","['おの', 'き（る）', 'た（つ）', 'ておの']",12
鈞,1,['キン'],"['はか（る）', 'ひと（しい）', 'ろくろ']",12
鈕,1,"['ジュウ', 'チュウ']","['つまみ', 'とって', 'ボタン']",12
鈑,1,"['ハン', 'バン']",['いたがね'],12
鈔,1,"['ショウ', 'ソウ']","['うつ（し）', 'うつ（す）', 'かす（める）', 'さつ']",12
鉗,1,"['カン', 'ケン']","['かなばさみ', 'くびかせ', 'と（じる）', 'はさ（む）']",13
鉉,1,"['ケン', 'ゲン']",['つる'],13
鉞,1,['エツ'],['まさかり'],13
鉅,1,['キョ'],"['いず（くんぞ）', 'おお（い）', 'おお（きい）', 'なん（ぞ）']",13
鉋,1,['ホウ'],['かんな'],13
鉈,1,"['シ', 'シャ', 'タ']","['なた', 'ほこ']",13
鈿,1,"['テン', 'デン']",['かんざし'],13
銜,1,"['カン', 'ガン']","['くつわ', 'くらい', 'くわ（える）', 'ふく（む）']",14
銖,1,"['シュ', 'ジュ']","['にぶ（い）', 'わず（か）']",14
銕,1,['テツ'],"['かね', 'くろがね']",14
銓,1,['セン'],"['えら（ぶ）', 'はかり', 'はか（る）']",14
銛,1,['セン'],"['すき', 'するど（い）', 'もり']",14
鋩,1,"['ボウ', 'モウ']",['きっさき'],14
芒,1,['ボウ'],"['くら（い）', 'けさき', 'すすき', 'つか（れる）', 'のぎ']",6
鋏,1,['キョウ'],"['つか', 'つるぎ', 'はさみ', 'はさ（む）']",15
銹,1,['シュウ'],"['さび', 'さ（びる）']",15
銷,1,['ショウ'],"['き（える）', 'け（す）', 'そこ（なう）', 'ち（る）', 'つ（きる）', 'つ（くす）', 'と（かす）', 'と（ける）']",15
錏,1,['ア'],['しころ'],16
錙,1,['シ'],['わず（か）'],16
錣,1,['テツ'],['しころ'],16
錻,1,['ブ'],['ブリキ'],16
鋺,1,"['エン', 'ワン']","['かなまり', 'まり']",16
錚,1,['ソウ'],"['かね', 'どら']",16
錵,1,[],['にえ'],15
錺,1,[],['かざり'],15
鍼,1,['シン'],"['さ（す）', 'はり']",17
鍮,1,"['チュウ', 'トウ']",[],17
鍠,1,['コウ'],"['おの', 'まさかり']",17
鎰,1,['イツ'],['かぎ'],18
鎹,1,[],['かすがい'],18
鎬,1,['コウ'],"['しのぎ', 'なべ']",18
鏖,1,['オウ'],['みなごろし'],19
鏘,1,"['ショウ', 'ソウ']",[],19
鏈,1,['レン'],['くさり'],19
鏤,1,"['ル', 'ロウ']","['え（る）', 'かざ（る）', 'きざ（む）', 'ちりば（める）']",19
鏨,1,"['サン', 'ザン']","['え（る）', 'たがね', 'ほ（る）']",19
鏃,1,"['ソク', 'ゾク']","['するど（い）', 'やじり']",19
鏝,1,"['バン', 'マン']",['こて'],19
鏐,1,"['リュウ', 'リョウ']","['こがね', 'しろがね']",19
鐚,1,['ア'],"['しころ', 'びた']",20
惡,11,"['アク', 'オ']","['わる（い）', 'あ（し）', 'いずく（んぞ）', 'にく（む）']",12
鏗,1,['コウ'],"['う（つ）', 'つ（く）']",20
鐔,1,"['シン', 'タン']",['つば'],20
鐃,1,"['ドウ', 'ニョウ']",['どら'],20
鐐,1,['リョウ'],"['あしかせ', 'しろがね', 'ひらがね']",20
鐓,1,['タイ'],"['いしづき', 'つち']",20
鐫,1,['セン'],"['うが（つ）', 'え（る）', 'しりぞ（ける）', 'ほ（る）']",21
鐶,1,['カン'],"['かなわ', 'たまき', 'わ']",21
鐺,1,"['ソウ', 'トウ']","['あしがなえ', 'くさり', 'こじり', 'こて']",21
鑠,1,['シャク'],"['うつく（しい）', 'と（かす）', 'と（ける）']",23
鑢,1,"['リョ', 'ロ']","['す（る）', 'やすり']",23
鑞,1,['ロウ'],['すず'],23
鑪,1,"['ル', 'ロ']","['いろり', 'たたら', 'ふいご']",24
鑰,1,['ヤク'],"['かぎ', 'と（じる）']",25
鑷,1,"['ジョウ', 'セツ']","['けぬき', 'ぬ（く）']",26
鑼,1,['ラ'],['どら'],27
鑾,1,['ラン'],['すず'],27
鑽,1,['サン'],"['うが（つ）', 'きり', 'き（る）', 'たがね', 'のみ']",27
鑚,1,['サン'],"['うが（つ）', 'きり', 'き（る）', 'たがね', 'のみ']",23
钁,1,['カク'],['くわ'],28
鑿,1,['サク'],"['うが（つ）', 'のみ']",28
糺,1,['キュウ'],"['あざな（う）', 'ただ（す）']",7
紆,1,['ウ'],"['ま（がる）', 'ま（げる）', 'まつ（わる）', 'まと（う）', 'むす（ぼれる）', 'めぐ（る）']",9
紂,1,['チュウ'],['しりがい'],9
紊,1,"['ビン', 'ブン']","['みだ（す）', 'みだ（れる）']",10
紕,1,['ヒ'],"['あやま（り）', 'かざ（り）', 'かざ（る）']",10
紜,1,['ウン'],['みだ（れる）'],10
絅,1,['ケイ'],['うすぎぬ'],11
紿,1,['タイ'],['あざむ（く）'],11
絆,1,"['ハン', 'バン']","['きずな', 'つな（ぐ）', 'ほだ（す）']",11
紵,1,['チョ'],"['あさぬの', 'いちび']",11
紮,1,['サツ'],"['から（げる）', 'とど（まる）']",11
紲,1,['セツ'],"['きずな', 'しば（る）', 'つな（ぐ）']",11
絳,1,['コウ'],"['あか', 'あか（い）']",13
絖,1,['コウ'],"['ぬめ', 'わた']",12
絎,1,['コウ'],"['く（ける）', 'ぬ（う）', 'へり']",12
絣,1,['ホウ'],['かすり'],12
絨,1,['ジュウ'],[],12
絏,1,['セツ'],"['きずな', 'しば（る）', 'つな（ぐ）']",12
絮,1,"['ショ', 'ジョ']","['くど（い）', 'わた', 'わたいれ']",12
綏,1,"['スイ', 'タ']","['たれひも', 'やす（い）', 'やす（らか）', 'やす（んずる）']",13
絽,1,"['リョ', 'ロ']",[],13
綉,1,['シュウ'],"['うつく（しい）', 'にしき', 'ぬいとり']",13
絛,1,"['ジョウ', 'トウ']","['うちひも', 'さなだ']",13
綛,1,[],"['かすり', 'かせ']",13
綺,1,['キ'],"['あや', 'いろ（う）', 'うつく（しい）']",14
綵,1,['サイ'],"['あや', 'あやぎぬ']",14
緇,1,['シ'],"['くろ', 'くろ（い）', 'くろぎぬ', 'くろ（む）']",14
綽,1,['シャク'],"['たお（やか）', 'ゆる（やか）']",14
綢,1,['チュウ'],"['こま（かい）', 'まつ（わる）', 'まと（う）']",14
綣,1,['ケン'],"['ねんご（ろ）', 'へそ']",14
綸,1,"['カン', 'リン']","['いと', 'おさ（める）']",14
綯,1,['トウ'],"['な（う）', 'なわ']",14
綮,1,['ケイ'],['はたじるし'],14
綰,1,['ワン'],"['たが（ねる）', 'たく（る）', 'たぐ（る）', 'つな（ぐ）', 'す（べる）', 'むす（ぶ）', 'わが（ねる）']",14
綫,1,['セン'],"['いと', 'すじ']",14
綟,1,"['ライ', 'レイ']","['もじ', 'もじり']",13
緤,1,['セツ'],"['きずな', 'つな（ぐ）']",15
緞,1,"['タン', 'ダン', 'ドン']",[],15
緘,1,['カン'],"['てがみ', 'とじなわ', 'と（じる）']",15
緲,1,['ビョウ'],['かす（か）'],15
縅,1,[],"['おどし', 'おど（す）']",15
緝,1,['シュウ'],"['あつ（める）', 'つむ（ぐ）', 'とら（える）', 'やわ（らげる）']",15
緡,1,"['ビン', 'ミン']","['いと', 'さし']",15
昬,-1,['コン'],"['くら（い）', 'くら（む）', 'く（れ）']",9
縡,1,['サイ'],"['いき', 'こと']",16
縟,1,['ジョク'],"['かざ（り）', 'くど（い）', 'わずら（わしい）']",16
縊,1,['イ'],"['くく（る）', 'くび（る）', 'くび（れる）']",16
縉,1,['シン'],['さしはさ（む）'],16
晉,11,['シン'],['すす（む）'],10
縋,1,['ツイ'],['すが（る）'],16
縢,1,['トウ'],"['かが（る）', 'から（げる）', 'と（じる）', 'むかばき']",16
絭,-1,['ケン'],[],12
縒,1,"['サク', 'シ']","['ふぞろ（い）', 'よ（り）', 'よ（る）']",16
縻,1,['ビ'],"['きずな', 'しば（る）', 'つな（ぐ）']",17
繆,1,"['キュウ', 'ビュウ', 'ボク', 'リョウ']","['あやま（る）', 'いつわ（る）', 'たが（う）', 'まつ（わる）', 'もと（る）']",17
縹,1,['ヒョウ'],"['はなだ', 'はなだいろ']",17
縵,1,"['バン', 'マン']",['ゆる（やか）'],17
縺,1,['レン'],"['もつ（れ）', 'もつ（れる）']",17
繃,1,['ホウ'],"['たば（ねる）', 'ま（く）']",17
縲,1,['ルイ'],"['しば（る）', 'つな（ぐ）', 'なわ']",17
縷,1,"['ル', 'ロウ']","['いと', 'いとすじ', 'くわ（しい）', 'こま（かい）', 'ぼろ']",17
繧,1,['ウン'],[],18
繚,1,['リョウ'],"['まつ（わる）', 'まと（う）', 'めぐ（らす）', 'めぐ（る）']",18
繖,1,['サン'],"['あまがさ', 'きぬがさ']",18
繝,1,"['ケン', 'ゲン']",[],18
繦,1,['キョウ'],"['せおいおび', 'むつき']",18
强,-1,,,-1
繙,1,"['ハン', 'ホン']",['ひもと（く）'],18
繞,1,"['ジョウ', 'ニョウ']","['まつ（わる）', 'まと（う）', 'めぐ（らす）', 'めぐ（る）']",18
繹,1,['エキ'],"['たず（ねる）', 'つら（なる）', 'つら（ねる）']",19
繽,1,['ヒン'],[],20
纃,1,[],['かすり'],20
辮,1,"['ヘン', 'ベン']","['あ（む）', 'く（む）']",20
繻,1,"['シュ', 'ジュ']",['うすぎぬ'],20
纈,1,"['ケチ', 'ケツ']","['しぼ（り）', 'しぼりぞ（め）']",21
頡,1,"['カツ', 'キツ', 'ケツ']",[],15
纐,1,['コウ'],['しぼ（り）'],21
頝,-1,,,-1
纔,1,"['サイ', 'サン']","['わず（か）', 'わず（かに）']",23
纓,1,"['エイ', 'ヨウ']","['ひも', 'まと（う）', 'むながい']",23
纛,1,"['トウ', 'トク']",['はたぼこ'],24
纉,1,['サン'],"['あつ（める）', 'つ（ぐ）']",21
纜,1,['ラン'],['ともづな'],28
骭,1,['カン'],"['あばら', 'すね', 'はぎ']",13
骼,1,['カク'],['ほね'],16
骰,1,['トウ'],"['さい', 'さいころ']",14
髀,1,['ヒ'],['もも'],18
髏,1,"['ロ', 'ロウ']","['されこうべ', 'しゃれこうべ']",21
髑,1,"['トク', 'ドク']","['されこうべ', 'しゃれこうべ']",23
牴,1,['テイ'],"['あ（たる）', 'おひつじ', 'さわ（る）', 'ふ（れる）']",9
牾,1,['ゴ'],['さか（らう）'],11
犂,1,"['リ', 'リュウ', 'レイ']","['くろ（い）', 'しみ', 'すき', 'す（く）', 'まだらうし']",12
犁,1,"['リ', 'リュウ', 'レイ']","['くろ（い）', 'しみ', 'すき', 'す（く）', 'まだらうし']",11
犇,1,['ホン'],"['はし（る）', 'ひしめ（く）']",12
牪,-1,,,-1
犒,1,['コウ'],"['ねぎら（い）', 'ねぎら（う）']",14
犖,1,['ラク'],"['あき（らか）', 'すぐ（れる）', 'まだらうし']",14
犢,1,['トク'],['こうし'],19
酊,1,['テイ'],['よ（う）'],9
酖,1,"['タン', 'チン']",['ふけ（る）'],11
酣,1,['カン'],"['たけなわ', 'たの（しむ）']",12
酥,1,['ソ'],[],12
酩,1,['メイ'],['よ（う）'],13
酲,1,['テイ'],"['あ（きる）', 'よ（う）', 'わるよ（い）']",14
酳,1,['イン'],"['あま（り）', 'すす（ぐ）', 'すす（める）', 'すす（る）']",14
醋,1,"['サク', 'ソ']",['す'],15
醂,1,['リン'],"['あわ（す）', 'さわ（す）']",15
醢,1,['カイ'],"['しおから', 'ししびしお', 'ひしお']",17
醪,1,['ロウ'],"['どぶろく', 'にごりざけ', 'もろみ']",18
醯,1,['ケイ'],['す'],19
醵,1,['キョ'],[],20
醴,1,"['ライ', 'レイ']","['あま（い）', 'あまざけ']",20
醺,1,['クン'],['よ（う）'],21
熏,1,['クン'],"['いぶ（す）', 'くす（ぶる）', 'くす（べる）', 'くゆ（らす）', 'ふす（べる）', 'や（く）']",14
釁,1,['キン'],"['きざ（し）', 'きず', 'すきま', 'ちぬ（る）', 'ぬ（る）']",25
馥,1,['フク'],"['かお（り）', 'かお（る）', 'かんば（しい）']",18
耿,1,['コウ'],"['あき（らか）', 'ひかり', 'ひか（る）']",10
聆,1,"['リョウ', 'レイ']","['き（く）', 'さと（る）']",11
聊,1,['リョウ'],"['いささ（か）', 'たよ（る）', 'たの（しむ）']",11
聒,1,['カツ'],"['おろ（か）', 'かまびす（しい）']",12
聘,1,['ヘイ'],"['と（う）', 'まね（く）', 'め（す）', 'めと（る）']",13
聢,1,[],['しか（と）'],14
聳,1,['ショウ'],"['おそ（れる）', 'すす（める）', 'そばだ（つ）', 'そび（える）', 'そび（やかす）', 'つつし（む）']",17
聑,-1,,,-1
瓧,1,[],['デカグラム'],7
瓩,1,[],['キログラム'],8
瓰,1,[],['デシグラム'],9
瓲,1,[],['トン'],9
瓮,1,['オウ'],"['かめ', 'もたい']",9
瓱,1,[],['ミリグラム'],9
瓷,1,"['シ', 'ジ']","['いしやき', 'かめ']",11
瓸,1,[],['ヘクトグラム'],11
甄,1,['ケン'],"['すえ', 'つく（る）', 'みわ（ける）']",14
甅,1,[],['センチグラム'],14
甃,1,['シュウ'],"['いしだたみ', 'しきがわら']",14
甌,1,['オウ'],"['かめ', 'はち', 'ほとぎ']",16
甎,1,['セン'],"['かわら', 'しきがわら']",16
甕,1,['オウ'],"['かめ', 'みか', 'もたい']",18
甓,1,['ヘキ'],"['かわら', 'しきがわら']",18
甍,1,"['ボウ', 'モウ']",['いらか'],15
釐,1,"['キ', 'リ']","['あらた（める）', 'おさ（める）', 'たま（う）', 'やもめ']",18
牋,1,['セン'],"['かきつけ', 'てがみ', 'ふだ']",12
牘,1,['トク'],"['かきもの', 'てがみ', 'ふだ']",19
舫,1,['ホウ'],"['ふね', 'もやいぶね', 'もや（う）']",10
舸,1,['カ'],"['おおぶね', 'ふね']",11
舳,1,"['ジク', 'チク']","['かじ', 'とも', 'へさき']",11
艀,1,"['フ', 'ブ', 'フウ']","['こぶね', 'はしけ']",13
艘,1,['ソウ'],['ふね'],16
艙,1,['ソウ'],['ふなぐら'],16
艚,1,"['ソウ', 'ゾウ']",['こぶね'],17
艝,1,[],['そり'],17
艟,1,"['トウ', 'ドウ']",['いくさぶね'],18
艤,1,['ギ'],['ふなよそお（い）'],19
艢,1,['ショウ'],['ほばしら'],19
艨,1,"['ボウ', 'モウ']",['いくさぶね'],19
艪,1,['ロ'],['かい'],21
艫,1,['ロ'],"['とも', 'へさき']",22
氛,1,['フン'],"['き', 'わざわ（い）']",8
炙,1,"['シャ', 'セキ']","['あぶ（る）', 'や（く）']",8
炒,1,"['ショウ', 'ソウ']","['いた（める）', 'い（る）']",8
炸,1,"['サ', 'サク']","['さ（く）', 'さ（ける）', 'はじ（ける）']",9
炮,1,['ホウ'],"['あぶ（る）', 'や（く）']",9
炬,1,"['キョ', 'コ']","['かがりび', 'たいまつ', 'ともしび', 'や（く）']",9
炳,1,['ヘイ'],"['あき（らか）', 'いちじる（しい）']",9
炯,1,['ケイ'],"['あき（らか）', 'ひか（る）']",9
烱,1,['ケイ'],"['あき（らか）', 'ひか（る）']",11
烋,1,"['キュウ', 'コウ']",['さいわ（い）'],10
烙,1,"['ラク', 'ロク']",['や（く）'],10
烽,1,['ホウ'],['のろし'],11
焜,1,['コン'],"['あき（らか）', 'かがや（く）']",12
焙,1,"['ハイ', 'ホイ', 'ホウ']","['あぶ（る）', 'ほう（じる）']",12
煥,1,['カン'],"['あき（らか）', 'かがや（く）']",13
煢,1,['ケイ'],"['うれ（える）', 'ひとりもの']",13
煌,1,['コウ'],"['あき（らか）', 'かがや（く）', 'きら（めく）']",13
煬,1,['ヨウ'],"['あぶ（る）', 'と（かす）', 'や（く）']",13
煖,1,"['ダン', 'ナン']","['あたた（かい）', 'あたた（める）']",13
熕,1,['コウ'],['おおづつ'],14
煦,1,['ク'],"['あたた（かい）', 'あたた（める）', 'めぐ（む）']",13
昫,-1,['ク'],[],9
熄,1,['ソク'],"['うずみび', 'き（える）', 'や（む）']",14
熨,1,"['イ', 'ウツ']","['おさ（える）', 'のし', 'の（す）', 'ひのし']",15
熙,1,['キ'],"['ああ', 'たの（しむ）', 'ひか（る）', 'ひろ（い）', 'やわ（らぐ）', 'よろこ（ぶ）']",15
巸,-1,,,-1
煕,1,['キ'],"['ああ', 'たの（しむ）', 'ひか（る）', 'ひろ（い）', 'やわ（らぐ）', 'よろこ（ぶ）']",14
熈,1,['キ'],"['ああ', 'たの（しむ）', 'ひか（る）', 'ひろ（い）', 'やわ（らぐ）', 'よろこ（ぶ）']",15
熬,1,['ゴウ'],['い（る）'],15
熹,1,['キ'],"['あぶ（る）', 'さか（ん）', 'よろこ（ぶ）']",16
熾,1,['シ'],"['おき', 'おこ（す）', 'さか（ん）']",16
燉,1,['トン'],[],16
燔,1,"['ハン', 'ボン']","['あぶ（る）', 'ひもろぎ', 'や（く）']",16
燗,1,['ラン'],"['かん', 'に（る）']",16
燎,1,['リョウ'],"['かがりび', 'や（く）']",16
燵,1,['タツ'],[],17
燧,1,['スイ'],"['のろし', 'ひうち']",17
燠,1,"['イク', 'ウ', 'オウ']","['あたた（かい）', 'あつ（い）', 'おき']",17
燬,1,['キ'],"['ひ', 'や（く）', 'や（ける）']",17
燹,1,['セン'],"['のび', 'へいか']",18
豩,-1,"['カン', 'ヒン']",[],14
燿,1,['ヨウ'],"['かがや（き）', 'かがや（く）', 'かがよ（う）']",18
燼,1,['ジン'],"['のこ（り）', 'もえさ（し）', 'もえのこ（り）']",18
燻,1,['クン'],"['いぶ（す）', 'くす（ぶる）', 'くす（べる）', 'くゆ（らす）', 'ふす（べる）', 'や（く）']",18
爍,1,['シャク'],"['と（かす）', 'ひか（る）']",19
爛,1,['ラン'],"['あざ（やか）', 'ただ（れ）', 'ただ（れる）', 'に（る）']",21
爨,1,['サン'],"['かし（ぐ）', 'かまど']",29
訖,1,['キツ'],"['いた（る）', 'お（わる）', 'つい（に）', 'や（む）']",10
訌,1,['コウ'],"['うちわも（め）', 'みだ（れる）']",10
訐,1,['ケツ'],['あば（く）'],10
訛,1,['カ'],"['あやま（る）', 'いつわ（る）', 'なまり', 'なま（る）']",11
訝,1,"['ガ', 'ゲン']","['いぶか（しい）', 'いぶか（る）', 'むか（える）']",11
訥,1,['トツ'],['ども（る）'],11
詛,1,"['ショ', 'ソ']","['そし（る）', 'ちか（い）', 'ちか（う）', 'のろ（い）', 'のろ（う）']",12
詈,1,['リ'],['ののし（る）'],12
訶,1,['カ'],"['しか（る）', 'せ（める）']",12
詁,1,['コ'],"['と（く）', 'よ（み）', 'よ（む）', 'わけ']",12
詆,1,['テイ'],"['あば（く）', 'し（いる）', 'しか（る）', 'そし（る）', 'はずかし（める）']",12
詒,1,"['イ', 'タイ']","['あざむ（く）', 'おく（る）', 'のこ（す）']",12
詭,1,['キ'],"['あざむ（く）', 'あや（しい）', 'いつわ（る）', 'そむ（く）']",13
詢,1,"['シュン', 'ジュン']","['と（う）', 'はか（る）', 'まこと']",13
誄,1,['ルイ'],"['いのりごと', 'しのびごと']",13
詬,1,"['ク', 'コウ']","['そし（る）', 'ののし（る）', 'はじ', 'はずかし（める）']",13
誅,1,"['チュ', 'チュウ']","['う（つ）', 'ころ（す）', 'せ（める）', 'ほろ（ぼす）']",13
誂,1,['チョウ'],"['あつら（え）', 'あつら（える）']",13
詼,1,['カイ'],"['おど（ける）', 'たわむ（れる）']",13
誨,1,['カイ'],"['おし（え）', 'おし（える）']",14
誡,1,['カイ'],"['いまし（め）', 'いまし（める）']",14
誣,1,"['フ', 'ブ']","['あざむ（く）', 'し（いる）', 'そし（る）']",14
誦,1,"['ジュ', 'ショウ']","['そら（んずる）', 'とな（える）', 'よ（む）']",14
誚,1,['ショウ'],"['しか（る）', 'せ（める）', 'そし（る）']",14
誑,1,['キョウ'],"['あざむ（く）', 'たぶらか（す）', 'たぶら（かす）', 'たら（す）']",14
誥,1,['コウ'],"['つ（げる）', 'ふ（れ）', 'みことのり']",14
諄,1,"['シュン', 'ジュン']","['あつ（い）', 'くど（い）', 'ねんご（ろ）', 'まこと']",15
諚,1,['ジョウ'],"['おお（せ）', 'おきて']",15
瓠,1,"['カク', 'コ']","['ひさご', 'ふくべ']",12
瓣,1,['ベン'],['はなびら'],20
矮,1,"['アイ', 'ワイ']","['ひく（い）', 'みじか（い）']",13
諍,1,"['ショウ', 'ソウ']","['あらそ（う）', 'いさか（い）', 'いさ（める）', 'うった（える）']",15
諂,1,['テン'],"['おもね（る）', 'こ（びる）', 'へつら（う）']",15
諤,1,['ガク'],[],16
諠,1,['ケン'],"['かまびす（しい）', 'やかま（しい）']",16
諢,1,"['コン', 'ゴン']","['おど（け）', 'たわむ（れ）']",16
謔,1,['ギャク'],['たわむ（れる）'],16
諞,1,['ヘン'],['へつら（う）'],16
諳,1,['アン'],"['さと（る）', 'そら（んじる）', 'な（れる）']",16
諷,1,['フウ'],"['あてこす（る）', 'そら（んじる）', 'ほの（めかす）']",16
諛,1,['ユ'],['へつら（う）'],15
諡,1,['シ'],"['おくりな', 'よびな']",16
㿽,-1,,,-1
謚,1,['シ'],"['おくりな', 'よびな']",17
諱,1,['キ'],"['いみな', 'い（む）']",17
謇,1,['ケン'],"['ただ（しい）', 'ども（る）']",17
謐,1,"['ヒツ', 'ビツ']","['しず（か）', 'やす（らか）']",17
謗,1,"['ホウ', 'ボウ']","['そし（り）', 'そし（る）']",17
謖,1,"['シュク', 'ショク']","['おきあ（がる）', 'た（つ）']",17
畟,-1,['ショク'],[],10
謦,1,['ケイ'],"['しわぶき', 'せきばら（い）']",18
謾,1,"['バン', 'マン']","['あざむ（く）', 'あなど（る）', 'おこた（る）']",18
鞫,1,['キク'],"['きわ（まる）', 'きわ（める）', 'しら（べる）', 'ただ（す）']",18
訇,-1,['コウ'],[],9
謳,1,['オウ'],"['うた', 'うた（う）']",18
謫,1,"['タク', 'チャク']","['せ（める）', 'つみ（する）', 'とが', 'なが（す）']",18
謨,1,"['ボ', 'モ']","['はかりごと', 'はか（る）']",17
譁,1,['カ'],['かまびす（しい）'],17
譌,1,['カ'],"['あやま（る）', 'いつわ（る）', 'なまり', 'なま（る）']",19
爲,11,['イ'],"['す（る）', 'ため', 'つく（る）', 'な（す）', 'な（る）']",12
譚,1,"['タン', 'ダン']",['はなし'],19
譏,1,['キ'],"['せ（める）', 'そし（る）']",19
譎,1,"['キツ', 'ケツ']","['あや（しい）', 'いつわ（り）', 'いつわ（る）']",19
譖,1,"['シン', 'セン']","['いつわ（る）', 'うった（える）', 'そし（る）']",21
譛,1,"['シン', 'セン']","['いつわ（る）', 'うった（える）', 'そし（る）']",19
譫,1,['セン'],"['うわごと', 'たわごと']",20
譬,1,['ヒ'],"['さと（す）', 'たと（え）', 'たと（える）']",20
譟,1,['ソウ'],"['さわ（がしい）', 'さわ（ぐ）']",20
譴,1,['ケン'],"['せ（める）', 'とが（め）', 'とが（める）']",21
讌,1,['エン'],['さかも（り）'],23
讐,1,['シュウ'],"['あだ', 'むく（いる）']",23
雔,-1,['シュウ'],[],16
讎,1,['シュウ'],"['あだ', 'むく（いる）']",23
讙,1,['カン'],"['かまびす（しい）', 'よろこ（ぶ）']",24
讖,1,['シン'],['しるし'],24
讒,1,"['サン', 'ザン']","['そし（る）', 'よこしま']",24
鬨,1,['コウ'],"['さわ（がしい）', 'さわ（ぐ）', 'たたか（う）', 'とき']",16
鬥,-1,['トウ'],['たたか（う）'],10
鬩,1,"['ケキ', 'ゲキ']",['せめ（ぐ）'],18
鬮,1,['キュウ'],"['くじ', 'たたかいと（る）']",26
鬧,1,"['トウ', 'ドウ']","['さわ（がしい）', 'さわ（ぐ）']",15
閙,1,"['トウ', 'ドウ']","['さわ（がしい）', 'さわ（ぐ）']",13
衫,1,['サン'],"['ころも', 'はだぎ', 'ひとえ']",8
衵,1,['ジツ'],"['あこめ', 'ふだんぎ']",9
袂,1,['ベイ'],['たもと'],9
衲,1,"['ドウ', 'ノウ']","['ころも', 'つくろ（う）']",9
衾,1,['キン'],"['ふすま', 'よぎ']",10
袗,1,['シン'],['ひとえ'],10
袙,1,"['ハ', 'バツ']",['あこめ'],10
袢,1,"['ハン', 'バン']",['はだぎ'],10
袒,1,['タン'],"['かたぬ（ぐ）', 'はだぬ（ぐ）']",10
袍,1,"['ホウ', 'ボウ']","['うわぎ', 'ぬのこ', 'わたいれ']",10
袤,1,['ボウ'],"['なが（さ）', 'ひろが（り）']",11
袰,1,[],['ほろ'],11
袿,1,['ケイ'],"['うちかけ', 'うちぎ']",11
裃,1,[],['かみしも'],11
裄,1,[],['ゆき'],11
袱,1,"['フク', 'ホク']","['ふくさ', 'ふろしき']",11
袵,1,"['ジン', 'ニン']","['えり', 'おくみ', 'しとね']",11
衽,1,"['ジン', 'ニン']","['えり', 'おくみ', 'しとね']",9
裙,1,['クン'],"['すそ', 'はだぎ', 'も', 'もすそ']",12
裔,1,['エイ'],"['あとつぎ', 'すえ', 'すそ']",13
裘,1,['キュウ'],['かわごろも'],13
褂,1,['カイ'],"['うちかけ', 'はだぎ']",13
裼,1,"['セキ', 'テイ']","['かたぬ（ぐ）', 'はだぬ（ぐ）']",13
裲,1,['リョウ'],['うちかけ'],13
裨,1,['ヒ'],"['おぎな（う）', 'たす（け）', 'たす（ける）']",13
褄,1,[],['つま'],13
裹,1,['カ'],"['たから', 'つつ（み）', 'つつ（む）', 'まと（う）']",14
裴,1,['ハイ'],['たちもとお（る）'],14
褌,1,['コン'],"['したばかま', 'ふんどし', 'みつ']",14
褊,1,['ヘン'],"['きみじか', 'せま（い）']",14
褓,1,"['ホ', 'ホウ']","['かいまき', 'むつき']",14
褞,1,"['ウン', 'オン']","['うわぎ', 'どてら']",15
褥,1,['ジョク'],['しとね'],15
褫,1,['チ'],"['うば（う）', 'は（ぐ）']",15
虒,1,['シ'],[],10
褪,1,"['タイ', 'トン']","['あ（せる）', 'さ（める）']",15
襁,1,['キョウ'],"['お（う）', 'せおいおび', 'むつき']",16
褸,1,"['ル', 'ロウ']","['つづれ', 'ぼろ']",16
褶,1,"['シュウ', 'チョウ']","['あわせ', 'かさ（ねる）', 'ひだ']",16
褻,1,['セツ'],"['あなど（る）', 'け', 'けが（らわしい）', 'けが（れる）', 'な（れる）', 'はだぎ', 'ふだんぎ']",17
襌,1,['タン'],['ひとえ'],17
褝,1,['タン'],['ひとえ'],14
襠,1,['トウ'],"['うちかけ', 'まち']",18
襞,1,"['ヒャク', 'ヘキ']","['しわ', 'ひだ']",19
襦,1,['ジュ'],"['どうぎ', 'はだぎ']",19
襭,1,['ケツ'],['つまばさ（む）'],20
襤,1,['ラン'],"['つづれ', 'ぼろ']",20
襯,1,['シン'],['はだぎ'],21
襴,1,['ラン'],['ひとえ'],22
襷,1,[],['たすき'],22
襪,1,"['バツ', 'ベツ']","['くつした', 'たび']",19
躱,1,['タ'],"['かわ（す）', 'さ（ける）']",13
躾,1,[],['しつけ'],16
軈,1,[],['やが（て）'],24
應,11,['オウ'],"['こた（える）', 'まさ（に）']",17
覈,1,"['カク', 'ケツ']","['あき（らかにする）', 'かんが（える）', 'きび（しい）', 'しら（べる）']",19
勒,1,['ロク'],"['おさ（える）', 'おさ（める）', 'きざ（む）', 'くつわ', 'ほ（る）']",11
靫,1,"['サ', 'サイ']","['うつぼ', 'ゆぎ']",12
靼,1,"['タツ', 'タン']",['なめしがわ'],14
鞁,1,['ヒ'],"['くらお（く）', 'むながい']",14
靺,1,"['バツ', 'マツ']",['かわたび'],14
鞅,1,['オウ'],"['うら（む）', 'きずな', 'にな（う）', 'はらおび', 'むながい']",14
鞆,1,[],['とも'],14
鞐,1,[],['こはぜ'],15
鞋,1,"['アイ', 'カイ']",['くつ'],15
鞏,1,['キョウ'],"['かた（い）', 'かた（める）', 'つか（ねる）']",15
鞜,1,['トウ'],"['かわぐつ', 'くつ']",17
鞦,1,['シュウ'],['しりがい'],18
鞳,1,['トウ'],[],18
鞨,1,['カツ'],"['かわぐつ', 'くつ']",18
鞣,1,['ジュウ'],"['なめしがわ', 'なめ（す）']",18
鞴,1,"['ヒ', 'ビ', 'ブ', 'フク', 'ホ']","['ふいご', 'ふいごう']",19
韆,1,['セン'],[],24
韈,1,['ベツ'],"['くつした', 'たび']",23
犲,1,['サイ'],['やまいぬ'],6
狆,1,['チュウ'],['ちん'],7
狃,1,['ジュウ'],"['なら（う）', 'な（れる）']",7
狎,1,['コウ'],"['あなど（る）', 'な（らす）', 'な（れる）']",8
狒,1,['ヒ'],['ひひ'],8
狢,1,"['カク', 'バク']",['むじな'],9
狡,1,['コウ'],"['くる（う）', 'こす（い）', 'ずる（い）', 'わるがしこ（い）']",9
狠,1,"['ギン', 'コン']","['か（む）', 'もと（る）']",9
狷,1,['ケン'],['かたいじ'],10
猊,1,['ゲイ'],['しし'],11
倏,1,['シュク'],"['すみ（やか）', 'たちま（ち）']",10
猜,1,['サイ'],"['うたが（う）', 'そね（む）', 'ねた（む）']",11
猖,1,['ショウ'],"['くる（う）', 'たけりくる（う）']",11
猗,1,"['ア', 'イ']","['ああ', 'うつく（しい）', 'たお（やか）', 'なよ（やか）']",11
猝,1,['ソツ'],"['にわ（か）', 'はや（い）']",11
猴,1,['コウ'],"['さる', 'ましら']",12
猩,1,"['ショウ', 'セイ']",['あかいろ'],12
猯,1,['タン'],"['たぬき', 'まみ']",12
猥,1,['ワイ'],"['みだ（ら）', 'みだ（りに）']",12
獏,1,['バク'],[],13
猾,1,['カツ'],"['みだ（す）', 'みだ（れる）', 'わるがしこ（い）']",13
獗,1,['ケツ'],"['くる（う）', 'たけ（る）']",15
獪,1,['カイ'],['わるがしこ（い）'],16
獰,1,['ドウ'],"['にくにく（しい）', 'わる（い）']",17
獺,1,"['タツ', 'ダツ']","['おそ', 'かわうそ']",19
羌,1,['キョウ'],['えびす'],8
羝,1,['テイ'],['おひつじ'],11
羚,1,"['リョウ', 'レイ']",['かもしか'],11
羯,1,['カツ'],['えびす'],15
羹,1,"['カン', 'コウ']",['あつもの'],19
羶,1,['セン'],['なまぐさ（い）'],19
羸,1,['ルイ'],"['つか（れる）', 'や（せる）', 'よわ（い）', 'よわ（る）']",19
吂,-1,,,-1
頏,1,['コウ'],"['くび', 'のど']",13
頌,1,"['ジュ', 'ショウ', 'ヨウ']","['かたち', 'たた（える）', 'ほ（める）', 'ゆる（やか）']",13
頤,1,['イ'],"['あご', 'おとがい', 'やしな（う）']",16
頷,1,"['カン', 'ガン']","['あご', 'うなず（く）', 'おとがい']",16
頽,1,['タイ'],"['くずお（れる）', 'くず（れる）']",16
秃,-1,,,-1
顆,1,['カ'],['つぶ'],17
顋,1,['サイ'],"['あぎと', 'あご', 'えら']",18
顫,1,['セン'],"['おどろ（く）', 'ふる（える）']",22
顰,1,"['ヒン', 'ビン']","['しか（める）', 'ひそ（み）', 'ひそ（める）']",24
顱,1,['ロ'],"['かしら', 'こうべ', 'どくろ']",25
顴,1,"['カン', 'ケン']",['ほおぼね'],26
顳,1,"['ショウ', 'ジョウ']",[],27
盻,1,['ケイ'],"['かえり（みる）', 'にら（む）']",9
兮,-1,"['ケイ', 'ゲイ']",[],4
眈,1,['タン'],['にら（む）'],9
眄,1,"['ベン', 'メン']","['かえり（みる）', 'ながしめ', 'なが（める）', 'み（る）']",9
眛,1,"['バイ', 'マイ']",['くら（い）'],10
眩,1,['ゲン'],"['くら（ます）', 'くら（む）', 'くるめ（く）', 'く（れる）', 'ま（う）', 'まど（う）', 'まばゆ（い）', 'まぶ（しい）', 'めまい']",10
眷,1,['ケン'],"['かえり（みる）', 'なさ（け）', 'みうち', 'めぐ（み）']",11
眥,1,"['サイ', 'シ', 'セイ']","['にら（む）', 'まなじり']",11
眦,1,"['サイ', 'シ', 'セイ']","['にら（む）', 'まなじり']",11
眸,1,"['ボウ', 'ム']",['ひとみ'],11
睇,1,"['ダイ', 'テイ']","['ながしめ', 'ぬすみみ（る）', 'よこめ']",12
睫,1,['ショウ'],['まつげ'],13
睨,1,['ゲイ'],"['かたむ（く）', 'にら（む）']",13
睛,1,['セイ'],['ひとみ'],13
睚,1,['ガイ'],"['にら（む）', 'まなじり']",13
睥,1,['ヘイ'],"['ながしめ', 'にら（む）']",13
睾,1,['コウ'],"['きんたま', 'さわ', 'たか（い）']",14
睹,1,['ト'],['み（る）'],14
瞎,1,['カツ'],['くら（い）'],15
瞑,1,"['ミョウ', 'メイ', 'メン']","['くら（い）', 'つぶ（る）']",15
瞋,1,['シン'],"['いか（らす）', 'いか（る）']",15
瞠,1,"['トウ', 'ドウ']","['みつ（める）', 'みは（る）']",16
瞞,1,"['バン', 'マン', 'モン']","['あざむ（く）', 'だま（す）', 'は（じる）']",16
瞰,1,['カン'],"['のぞ（む）', 'みお（ろす）', 'み（る）']",17
瞼,1,['ケン'],['まぶた'],18
䀠,-1,['ク'],[],10
矇,1,"['ボウ', 'モウ']","['おろ（か）', 'くら（い）']",18
瞻,1,['セン'],['み（る）'],18
瞽,1,"['コ', 'ク']",['めくら'],18
矚,1,"['ショク', 'ソク']",['み（る）'],26
屬,11,"['ゾク', 'ショク']","['つ（く）', 'やから']",21
阡,1,['セン'],"['あぜみち', 'しげ（る）', 'はかみち', 'みち']",6
阮,1,['ゲン'],[],7
阯,1,['シ'],"['あと', 'ふもと', 'もとい']",7
阨,1,"['アイ', 'ヤク']","['くる（しむ）', 'せま（い）', 'ふさ（がる）']",7
陂,1,"['ハ', 'ヒ']","['かたむ（く）', 'さか', 'つつみ']",8
陋,1,['ロウ'],"['いや（しい）', 'せま（い）']",9
陌,1,"['ハク', 'バク']","['あぜみち', 'まち', 'みち']",9
陜,1,['キョウ'],"['せま（い）', 'やまあい', 'やまかい']",10
陝,1,['セン'],[],10
㚒,-1,,,-1
陟,1,['チョク'],"['すす（む）', 'のぼ（らせる）', 'のぼ（る）']",10
步,11,"['ホ', 'ブ', 'フ']","['あゆ（む）', 'ある（く）']",7
陞,1,['ショウ'],"['のぼ（らせる）', 'のぼ（る）']",10
陬,1,"['シュ', 'スウ']","['くま', 'すみ']",11
陲,1,['スイ'],"['あや（うい）', 'さかい', 'ほとり']",11
隍,1,['コウ'],"['からぼり', 'ほり', 'むな（しい）']",12
隗,1,['カイ'],['けわ（しい）'],13
隕,1,['イン'],"['うしな（う）', 'お（ちる）', 'お（とす）', 'し（ぬ）']",13
隘,1,"['アイ', 'ヤク']","['いや（しい）', 'けわ（しい）', 'せま（い）', 'ふさ（がる）']",13
隧,1,"['スイ', 'ズイ']",['みち'],16
隰,1,"['シツ', 'シュウ']",['さわ'],17
㬎,-1,,,-1
隴,1,"['リョウ', 'ロウ']","['うね', 'おか']",19
邨,1,['ソン'],['むら'],7
邯,1,['カン'],[],8
邵,1,['ショウ'],[],8
邱,1,['キュウ'],['おか'],8
郛,1,['フ'],['くるわ'],10
郢,1,['エイ'],[],10
郤,1,"['ケキ', 'ゲキ']","['すき', 'すきま', 'ひま']",10
鄂,1,['ガク'],[],12
鄒,1,"['シュ', 'スウ']",[],13
鄙,1,['ヒ'],"['いや（しい）', 'いや（しむ）', 'ひな', 'ひな（びる）']",14
啚,-1,,,-1
鄲,1,['タン'],[],15
疔,1,['チョウ'],"['かさ', 'できもの']",7
疚,1,['キュウ'],"['ながわずら（い）', 'なや（む）', 'やま（しい）', 'や（む）']",8
疝,1,"['サン', 'セン']",['せんき'],8
疣,1,['ユウ'],"['いぼ', 'は（れる）']",9
疥,1,['カイ'],"['おこり', 'はたけ', 'ひぜん']",9
疳,1,['カン'],[],10
痃,1,"['ケン', 'ゲン']",[],10
痂,1,"['カ', 'ケ']","['かさぶた', 'ひぜん']",10
疸,1,['タン'],['おうだん'],10
疽,1,"['ショ', 'ソ']","['かさ', 'はれもの']",10
疼,1,['トウ'],"['いた（む）', 'うず（き）', 'うず（く）']",10
疱,1,['ホウ'],"['とびひ', 'もがさ']",10
痍,1,['イ'],"['きず', 'きず（つく）', 'きず（つける）']",11
疵,1,['シ'],"['きず', 'そし（る）', 'やまい']",11
痊,1,['セン'],"['い（える）', 'い（やす）']",11
痒,1,['ヨウ'],"['かさ', 'かゆ（い）', 'やまい', 'や（む）']",11
痙,1,['ケイ'],['ひきつ（る）'],12
痞,1,['ヒ'],"['つか（え）', 'つか（える）']",12
痣,1,['シ'],"['あざ', 'ほくろ']",12
痿,1,['イ'],"['しび（れる）', 'な（える）']",13
痾,1,['ア'],['やまい'],13
痰,1,['タン'],[],13
痺,1,['ヒ'],['しび（れる）'],13
痼,1,['コ'],"['しこ（り）', 'ながわずら（い）']",13
痳,1,['リン'],"['せんき', 'りんびょう']",13
痲,1,"['バ', 'マ']","['しび（れ）', 'しび（れる）']",13
瘁,1,['スイ'],"['つか（れる）', 'やつ（れる）']",13
瘧,1,['ギャク'],['おこり'],14
瘋,1,['フウ'],['ずつう'],14
瘟,1,['オン'],['えやみ'],15
瘠,1,['セキ'],['や（せる）'],15
瘤,1,['リュウ'],"['こぶ', 'はれもの']",15
瘢,1,['ハン'],"['きず', 'きずあと', 'そばかす']",15
瘡,1,"['ショウ', 'ソウ']","['かさ', 'きず', 'くさ']",15
瘉,1,['ユ'],"['い（える）', 'い（やす）']",14
瘰,1,['ルイ'],[],16
瘴,1,['ショウ'],[],16
瘻,1,"['ル', 'ロウ']","['こぶ', 'はれもの']",16
癇,1,['カン'],['ひきつ（け）'],17
癆,1,['ロウ'],"['いた（む）', 'おとろえや（せる）', 'かぶ（れ）']",17
癈,1,['ハイ'],[],17
癘,1,"['ライ', 'レイ']",['えやみ'],17
萬,11,"['バン', 'マン']",['よろず'],12
癜,1,"['テン', 'デン']",['なまず'],18
癢,1,['ヨウ'],['かゆ（い）'],20
癧,1,['レキ'],[],21
癪,1,['シャク'],[],21
癨,1,['カク'],[],21
癩,1,['ライ'],[],21
癬,1,['セン'],"['たむし', 'ひぜん']",22
癰,1,['ヨウ'],['はれもの'],23
癲,1,['テン'],['くる（う）'],24
籵,1,[],['デカメートル'],8
粢,1,['シ'],"['きび', 'しとぎ', 'もち']",12
粤,1,"['エツ', 'オチ']","['ああ', 'ここ（に）']",12
粨,1,[],['ヘクトメートル'],12
粱,1,['リョウ'],['あわ'],13
粳,1,['コウ'],"['うるち', 'ぬか']",13
糀,1,[],['こうじ'],13
粽,1,['ソウ'],['ちまき'],14
糅,1,['ジュウ'],"['か（てる）', 'まじ（える）', 'ま（じる）']",15
糂,1,"['サン', 'ジン']","['こながき', 'ま（じる）']",15
糒,1,"['ヒ', 'ビ']","['かれいい', 'ほしいい']",16
糜,1,['ビ'],"['かゆ', 'ただ（れる）', 'つい（やす）', 'ほろ（びる）']",17
糯,1,"['ダ', 'ナ']",['もちごめ'],20
糲,1,"['ライ', 'ラツ', 'レイ']","['あら（い）', 'くろごめ']",20
糴,1,['テキ'],"['いりよね', 'かいよね', 'か（う）']",22
籴,-1,['テキ'],"['いりよね', 'かいよね', 'か（う）']",8
糶,1,['チョウ'],"['うりよね', 'う（る）', 'せり']",25
粜,-1,['チョウ'],"['うりよね', 'う（る）', 'せり']",11
飩,1,"['トン', 'ドン']",[],13
飫,1,"['オ', 'ヨ']","['あ（きる）', 'さかも（り）']",13
餉,1,['ショウ'],"['おく（る）', 'かて', 'かれい', 'かれいい']",15
餃,1,"['ギョウ', 'コウ']",['あめ'],15
餔,1,"['フ', 'ホ']","['く（う）', 'やしな（う）', 'ゆうぐ（れ）', 'ゆうめし']",16
餒,1,['ダイ'],"['う（える）', 'くさ（る）']",16
餡,1,"['アン', 'カン']",[],17
餤,1,['タン'],"['く（う）', 'く（わせる）', 'すす（む）', 'すす（める）']",17
餞,1,['セン'],"['おく（る）', 'はなむけ']",17
餮,1,['テツ'],['むさぼ（る）'],18
殄,1,['テン'],"['ことごと（く）', 'た（つ）', 'つ（きる）', 'つ（くす）']",9
餬,1,['コ'],"['かゆ', 'のり']",18
饂,1,['ウン'],[],19
餽,1,['キ'],"['おく（る）', 'まつ（る）']",19
餾,1,['リュウ'],['む（す）'],19
饉,1,['キン'],['う（える）'],20
饅,1,"['バン', 'マン']",['ぬた'],20
饐,1,"['イ', 'エツ']","['す（える）', 'むせ（ぶ）']",21
饌,1,"['サン', 'セン']","['そなえもの', 'そな（える）']",21
饑,1,['キ'],"['う（える）', 'ひだる（い）']",21
饋,1,['キ'],"['おくりもの', 'おく（る）', 'すす（める）']",21
饒,1,"['ジョウ', 'ニョウ']","['あま（る）', 'おお（い）', 'ゆた（か）', 'ゆた（かにする）']",21
饕,1,['トウ'],['むさぼ（る）'],22
號,11,"['ゴウ', 'コウ']","['さけ（ぶ）', 'よびな']",13
歿,1,['ボツ'],"['お（わる）', 'し（ぬ）']",8
殀,1,['ヨウ'],['わかじに'],8
殃,1,['オウ'],['わざわ（い）'],9
殍,1,"['ヒョウ', 'フ']","['うえじに', 'うえじに（する）']",11
殞,1,['イン'],"['お（ちる）', 'お（とす）', 'し（ぬ）']",14
殤,1,['ショウ'],['わかじに'],15
殫,1,['タン'],"['ことごと（く）', 'つ（きる）', 'つ（くす）']",16
殪,1,['エイ'],"['ころ（す）', 'し（ぬ）', 'たお（す）', 'たお（れる）']",16
殯,1,['ヒン'],"['かりもがり', 'かりもがり（する）']",18
殲,1,['セン'],"['つ（くす）', 'ほろ（ぼす）']",21
殱,1,['セン'],"['つ（くす）', 'ほろ（ぼす）']",19
艸,1,['ソウ'],['くさ'],6
艾,1,['ガイ'],"['おさ（める）', 'か（る）', 'としよ（り）', 'もぐさ', 'よもぎ']",5
芍,1,['シャク'],[],6
芫,1,['ゲン'],"['さつまふじ', 'ふじもどき']",7
辜,1,['コ'],"['そむ（く）', 'つみ', 'とが', 'はりつけ']",12
氓,1,"['ボウ', 'モウ']",['たみ'],8
齏,1,"['サイ', 'セイ']","['あえもの', 'あ（える）', 'くだ（く）', 'なます']",23
韲,1,"['サイ', 'セイ']","['あえもの', 'あ（える）', 'くだ（く）', 'なます']",19
丫,1,['ア'],"['あげまき', 'ふたまた']",3
芟,1,"['サン', 'セン']",['か（る）'],7
芬,1,['フン'],"['かお（り）', 'かお（る）', 'こうば（しい）']",7
苡,1,"['イ', 'シ']",[],8
苳,1,['トウ'],['ふき'],8
茉,1,"['バツ', 'マツ']",[],8
苜,1,"['ボク', 'モク']",[],8
苻,1,['フ'],"['あまかわ', 'さや']",8
苣,1,['キョ'],"['たいまつ', 'ちさ', 'ちしゃ']",8
范,1,['ハン'],"['いがた', 'かた', 'のり']",8
苞,1,['ホウ'],"['つつ（み）', 'つつ（む）', 'つと', 'ねもと']",8
苙,1,['リュウ'],['よろいぐさ'],8
苹,1,"['ヒョウ', 'ヘイ']","['うきくさ', 'よもぎ']",8
茆,1,['ボウ'],"['かや', 'じゅんさい', 'ぬなわ']",8
苴,1,"['サ', 'ショ']","['あさ', 'おぎな（う）', 'くろ（い）', 'つと']",8
苺,1,"['バイ', 'マイ']","['いちご', 'こけ']",8
莓,1,"['バイ', 'マイ']","['いちご', 'こけ']",10
茴,1,"['ウイ', 'カイ']",[],9
茯,1,"['フク', 'ブク']",[],9
茱,1,['シュ'],[],9
荀,1,"['シュン', 'ジュン']",[],9
茲,1,"['シ', 'ジ']","['ここ', 'ここ（に）', 'しげ（る）', 'とし', 'ま（す）', 'ますます']",9
茹,1,"['ジョ', 'ニョ']","['う（だる）', 'く（う）', 'くさ（る）', 'な', 'ゆ（でる）']",9
茵,1,['イン'],"['しきもの', 'しとね']",9
荐,1,"['セン', 'ゼン']","['あつ（まる）', 'かさ（ねる）', 'しき（りに）', 'しばしば']",9
茗,1,"['ミョウ', 'メイ']","['ちゃ', 'よ（う）']",9
茘,1,"['リ', 'レイ']",['おおにら'],9
刕,-1,,,-1
茫,1,"['ボウ', 'モウ']","['とお（い）', 'はる（か）', 'ひろ（い）']",9
汒,-1,,,-1
莚,1,['エン'],"['の（びる）', 'はびこ（る）', 'むしろ']",10
莢,1,['キョウ'],['さや'],10
莪,1,['ガ'],"['きつねあざみ', 'つのよもぎ']",10
莟,1,['ガン'],"['つぼみ', 'はなしべ']",10
莎,1,['サ'],['はますげ'],10
莅,1,['リ'],['のぞ（む）'],10
蒭,1,"['シュ', 'ス', 'スウ']","['か（る）', 'くさか（り）', 'まぐさ', 'わら']",13
茣,1,['ゴ'],[],10
莨,1,['ロウ'],"['たばこ', 'ちからぐさ']",10
荳,1,"['ズ', 'トウ']",['まめ'],10
莠,1,['ユウ'],"['えのころぐさ', 'はぐさ', 'みにく（い）']",10
靠,1,['コウ'],"['たが（う）', 'もた（れる）', 'よ（る）']",15
靡,1,"['ヒ', 'ビ', 'ミ']","['おご（る）', 'ただ（れる）', 'なび（かす）', 'なび（く）']",19
㐆,-1,['イン'],[],6
甦,1,['ソ'],['よみがえ（る）'],12
荼,1,"['タ', 'ダ', 'ト']","['くる（しみ）', 'にがな']",10
荵,1,"['ジン', 'ニン']","['しのぶ', 'しのぶぐさ']",10
莉,1,"['リ', 'レイ']",[],10
菽,1,['シュク'],['まめ'],11
萢,1,[],['やち'],11
菠,1,"['ハ', 'ホウ']",[],11
菎,1,['コン'],[],11
菴,1,['アン'],['いおり'],11
菲,1,['ヒ'],"['うす（い）', 'かんば（しい）']",11
萍,1,"['ビョウ', 'ヘイ']","['うきくさ', 'よもぎ']",11
泙,-1,['ホウ'],[],8
菫,1,['キン'],"['すみれ', 'とりかぶと']",11
菁,1,"['ショウ', 'セイ']","['かぶ', 'かぶら', 'かぶらな']",11
菘,1,"['シュウ', 'スウ']","['すずな', 'とうな']",11
萼,1,['ガク'],"['うてな', 'はなぶさ']",12
葩,1,['ハ'],"['はな', 'はなびら']",12
皅,-1,['ハ'],[],9
葷,1,['クン'],"['くさ（い）', 'なまぐさ']",12
萸,1,['ユ'],[],12
萵,1,"['カ', 'ワ']",[],12
葯,1,['ヤク'],['よろいぐさ'],12
葭,1,['カ'],"['あし', 'あしぶえ', 'よし']",12
葆,1,"['ホ', 'ホウ']","['しげ（る）', 'たから', 'たも（つ）', 'つつ（む）', 'はねかざ（り）']",12
蓙,1,[],['ござ'],13
蒟,1,"['ク', 'コン']",[],13
竘,-1,['ク'],[],10
蓖,1,['ヒ'],[],13
蒡,1,"['ホウ', 'ボウ']",[],13
蓍,1,['シ'],"['めどぎ', 'めどはぎ']",13
蓆,1,['セキ'],['むしろ'],13
蒹,1,['ケン'],['おぎ'],13
蓁,1,['シン'],['しげ（み）'],13
蓐,1,['ジョク'],['しとね'],13
蒻,1,"['ジャク', 'ニャク']","['がまのめ', 'むしろ']",13
蓼,1,"['リク', 'リョウ']",['たで'],14
蔗,1,"['シャ', 'ショ']","['うま（い）', 'さとうきび']",14
蔔,1,['フク'],['だいこん'],14
蔡,1,"['サイ', 'サツ']","['あくた', 'くさむら']",14
蔘,1,"['サン', 'シン']","['ちょうせんにんじん', 'にんじん', 'むら（がる）']",14
蔟,1,"['ソウ', 'ソク', 'ゾク']","['あつ（まる）', 'まぶし', 'むら（がる）']",14
蓴,1,"['シュン', 'ジュン']","['じゅんさい', 'ぬなわ']",14
蓿,1,['シュク'],[],14
蔕,1,"['タイ', 'テイ']","['うてな', 'とげ', 'ねもと', 'へた']",14
帶,11,['タイ'],"['おび', 'お（びる）']",11
蒂,1,"['タイ', 'テイ']","['うてな', 'とげ', 'ねもと', 'へた']",12
蔬,1,"['ショ', 'ソ']","['あおもの', 'あら（い）', 'な']",15
蕘,1,['ジョウ'],"['きこり', 'くさか（り）', 'しば', 'たきぎ']",15
蕕,1,['ユウ'],['かりがねそう'],15
蕣,1,['シュン'],"['あさがお', 'むくげ']",16
蕁,1,"['ジン', 'タン']","['いらくさ', 'はなすげ']",15
蕈,1,"['シン', 'ジン']","['きのこ', 'くわたけ', 'たけ']",15
蕀,1,['キョク'],[],15
薊,1,['ケイ'],['あざみ'],16
魝,-1,,,-1
蕷,1,['ヨ'],['やまのいも'],16
蕾,1,['ライ'],"['つぼみ', 'つぼ（む）']",16
薔,1,"['ショウ', 'ショク', 'ソウ']","['ばら', 'みずたで']",16
薨,1,['コウ'],"['し（ぬ）', 'みまか（る）']",16
薀,1,"['ウン', 'オン']","['たくわ（える）', 'つ（む）']",16
溫,11,"['オン', 'ウン']","['あたた（か）', 'あたた（かい）', 'あたた（まる）', 'あたた（める）', 'たず（ねる）', 'つつ（む）', 'ぬく（い）', 'ぬく（まる）', 'ぬく（める）', 'ぬる（い）']",13
薑,1,['キョウ'],"['しょうが', 'はじかみ']",16
薜,1,"['ハク', 'ヘイ']",['まさきのかずら'],16
薈,1,['ワイ'],['しげ（る）'],16
薇,1,['ビ'],"['ぜんまい', 'のえんどう']",16
薐,1,"['レン', 'ロウ']",[],16
薤,1,['カイ'],"['おおにら', 'にら', 'らっきょう']",16
藉,1,"['シャ', 'セキ']","['かこつ（ける）', 'か（す）', 'か（りる）', 'し（く）', 'ふ（む）', 'よ（る）']",17
薹,1,"['タイ', 'ダイ']","['あぶらな', 'とう', 'はますげ']",17
薺,1,"['ザイ', 'セイ']","['なずな', 'はまびし']",17
藐,1,"['バク', 'ビョウ', 'ミョウ']","['ちい（さい）', 'とお（い）', 'はる（か）']",17
藕,1,['グウ'],['はす'],18
耦,1,"['グ', 'グウ', 'ゴウ']",[],15
藜,1,['レイ'],['あかざ'],18
蘊,1,['ウン'],"['たくわ（える）', 'つ（む）']",19
縕,1,"['ウン', 'オン']","['おくぶか（い）', 'ふるわた']",16
藾,1,['ライ'],['くさよもぎ'],19
蘢,1,['ロウ'],"['いぬたで', 'おおけたで']",19
藹,1,['アイ'],"['おお（い）', 'おだ（やか）', 'さか（ん）']",19
蘋,1,['ヒン'],"['うきくさ', 'かたばみも']",19
蘆,1,['ロ'],"['あし', 'よし']",19
芦,1,['ロ'],"['あし', 'よし']",7
蘚,1,['セン'],['こけ'],20
蘿,1,['ラ'],"['つた', 'つたかずら']",22
畛,1,['シン'],"['あぜ', 'さかい']",10
畚,1,['ホン'],"['ふご', 'もっこ']",10
畤,1,"['シ', 'ジ']",['まつりのにわ'],11
畭,1,"['シャ', 'ヨ']","['あらた', 'やきはた']",12
畸,1,['キ'],"['あま（り）', 'のこ（り）', 'めずら（しい）']",13
疇,1,['チュウ'],"['うね', 'さき（に）', 'たぐい', 'だれ', 'むかし', 'むく（いる）']",19
畴,1,['チュウ'],"['うね', 'さき（に）', 'たぐい', 'だれ', 'むかし', 'むく（いる）']",12
疆,1,['キョウ'],"['かぎ（り）', 'かぎ（る）', 'さかい']",19
覓,1,['ベキ'],['もと（める）'],11
覘,1,['テン'],"['うかが（う）', 'のぞ（く）']",12
覡,1,"['ケキ', 'ゲキ']","['かんなぎ', 'みこ']",14
覦,1,['ユ'],"['こいねが（う）', 'ねが（う）', 'のぞ（む）']",16
覩,1,['ト'],['み（る）'],16
覯,1,['コウ'],"['あ（う）', 'あ（わせる）', 'み（る）']",17
覬,1,['キ'],"['こいねが（う）', 'ねが（う）', 'のぞ（む）']",17
覲,1,['キン'],"['あ（う）', 'まみ（える）']",18
覿,1,['テキ'],"['あ（う）', 'しめ（す）', 'み（る）']",22
鬻,1,"['イク', 'シュク']","['かゆ', 'ひさ（ぐ）']",22
釉,1,['ユウ'],"['うわぐすり', 'つや', 'ひかり']",12
皎,1,"['キョウ', 'コウ']","['あか（るい）', 'きよ（い）', 'しろ（い）']",11
皓,1,['コウ'],"['きよ（い）', 'しろ（い）', 'ひか（る）']",12
皖,1,['カン'],['あき（らか）'],12
皙,1,['セキ'],"['しろ（い）', 'なつめ']",13
皚,1,['ガイ'],['しろ（い）'],15
豺,1,['サイ'],['やまいぬ'],10
貂,1,['チョウ'],['てん'],12
貊,1,['バク'],['えびす'],13
貉,1,"['カク', 'バク']",['むじな'],13
貎,1,['ゲイ'],['しし'],15
貘,1,['バク'],[],17
耄,1,"['ボウ', 'モウ']","['おいぼ（れる）', 'としよ（り）', 'ほう（ける）']",10
耋,1,['テツ'],"['お（いる）', 'としよ（り）']",12
貽,1,['イ'],"['おく（る）', 'のこ（す）']",12
賈,1,"['カ', 'コ']","['あきな（い）', 'あきな（う）', 'あたい', 'う（る）', 'か（う）']",13
貶,1,['ヘン'],"['おとし（める）', 'お（とす）', 'けな（す）', 'さげす（む）', 'しりぞ（ける）', 'そし（る）', 'へ（らす）']",11
貲,1,['シ'],"['あがな（う）', 'たから']",13
賚,1,['ライ'],"['たま（う）', 'たまもの']",15
來,11,['ライ'],"['く（る）', 'きた（す）', 'きた（る）', 'き（し）', 'こ（し）']",8
賻,1,['フ'],"['おくりもの', 'おく（る）']",17
賽,1,['サイ'],['さいころ'],17
賺,1,"['タン', 'レン']","['すか（す）', 'だま（す）']",17
贄,1,['シ'],['にえ'],18
贅,1,"['セイ', 'ゼイ']","['いぼ', 'こぶ', 'むだ', 'よけい（な）']",18
贇,1,['イン'],[],19
贍,1,"['セン', 'ゼン']","['すく（う）', 'た（す）', 'た（りる）']",20
贏,1,['エイ'],"['あま（る）', 'か（つ）', 'にな（う）', 'の（びる）', 'もう（ける）']",20
贔,1,"['ヒ', 'ヒイ']",[],21
贐,1,"['シン', 'ジン']","['おくりもの', 'はなむけ']",21
贓,1,"['ソウ', 'ゾウ']",['かく（す）'],22
臧,1,"['ソウ', 'ゾウ']","['おさ（める）', 'かく（す）', 'しもべ', 'まいない', 'よ（い）']",15
贖,1,['ショク'],"['あがな（い）', 'あがな（う）']",22
辷,1,[],['すべ（る）'],5
迚,1,[],"['とて', 'とて（も）']",8
迢,1,"['ジョウ', 'チョウ']","['とお（い）', 'はる（か）']",9
迥,1,['ケイ'],"['とお（い）', 'はる（か）']",9
迪,1,['テキ'],"['みち', 'みちび（く）', 'すす（む）', 'ふ（む）']",8
廸,1,['テキ'],"['みち', 'みちび（く）', 'すす（む）', 'ふ（む）']",8
逅,1,['コウ'],['あ（う）'],10
迹,1,"['セキ', 'シャク']","['あと', 'あとかた']",10
迴,1,['カイ'],"['まわ（る）', 'めぐ（らす）', 'めぐ（る）']",10
逑,1,['キュウ'],"['あ（う）', 'あつ（める）', 'つれあい']",11
逕,1,['ケイ'],"['こみち', 'ただ（ちに）', 'みち']",11
逞,1,['テイ'],"['こころよ（い）', 'たくま（しい）', 'たくま（しくする）']",11
逧,1,[],['さこ'],11
逡,1,['シュン'],"['しさ（る）', 'しりぞ（く）', 'ためら（う）']",11
逖,1,['テキ'],"['とお（い）', 'はる（か）']",11
逋,1,"['フ', 'ホ']","['おいめ', 'に（げる）', 'のが（れる）']",11
逍,1,['ショウ'],['さまよ（う）'],11
迸,1,"['ヘイ', 'ホウ']","['たばし（る）', 'はし（る）', 'ほとばし（る）']",10
逵,1,['キ'],"['おおじ', 'おおどおり']",12
遐,1,['カ'],"['とお（い）', 'はる（か）']",13
遒,1,['シュウ'],"['せま（る）', 'ちからづよ（い）', 'つよ（い）']",13
逎,1,['シュウ'],"['せま（る）', 'ちからづよ（い）', 'つよ（い）']",11
遖,1,[],['あっぱれ'],13
遏,1,['アツ'],"['さえぎ（る）', 'た（つ）', 'とど（める）', 'と（める）']",13
遑,1,['コウ'],"['あわただ（しい）', 'あわ（てる）', 'いとま', 'ひま']",13
逾,1,['ユ'],"['いよいよ', 'こ（える）', 'こ（す）']",13
遉,1,['テイ'],"['うかが（う）', 'さぐ（る）', 'さすが', 'さすが（に）']",13
遘,1,['コウ'],"['あ（う）', 'であ（う）']",14
遯,1,"['トン', 'ドン']","['かく（れる）', 'に（げる）', 'のが（れる）']",15
遨,1,['ゴウ'],['あそ（ぶ）'],15
遶,1,"['ジョウ', 'ニョウ']","['めぐ（らす）', 'めぐ（る）']",16
邁,1,"['バイ', 'マイ']","['す（ぎる）', 'つと（める）', 'ゆ（く）']",16
邂,1,['カイ'],['あ（う）'],17
邀,1,['ヨウ'],"['むか（える）', 'もと（める）']",17
遽,1,['キョ'],"['あわただ（しい）', 'あわ（てる）', 'おそ（れる）', 'すみ（やか）', 'せま（る）', 'にわ（か）']",17
邇,1,"['ジ', 'ニ']",['ちか（い）'],18
邃,1,['スイ'],"['おくぶか（い）', 'とお（い）', 'ふか（い）']",18
邏,1,['ラ'],"['みまわ（り）', 'みまわ（る）', 'めぐ（る）']",23
竍,1,[],['デカリットル'],7
竏,1,[],['キロリットル'],8
竓,1,[],['ミリリットル'],9
竕,1,[],['デシリットル'],9
竚,1,['チョ'],"['たたず（む）', 'たちど（まる）', 'ま（つ）']",10
站,1,['タン'],"['えき', 'うまつぎ', 'たたず（む）', 'た（つ）']",10
竡,1,[],['ヘクトリットル'],11
竢,1,['シ'],"['まちう（ける）', 'ま（つ）']",12
竦,1,['ショウ'],"['おそ（れる）', 'すく（む）', 'そび（える）', 'そび（やかす）', 'つつし（む）', 'つま（だつ）']",12
竭,1,['ケツ'],"['か（れる）', 'ことごと（く）', 'つ（きる）', 'つ（くす）']",14
竰,1,[],['センチリットル'],14
秉,1,['ヘイ'],"['いねたば', 'え', 'と（る）', 'まも（る）']",8
秕,1,['ヒ'],"['くずごめ', 'しいな', 'わる（い）']",9
粃,1,['ヒ'],"['くずごめ', 'しいな', 'わる（い）']",10
秣,1,"['バツ', 'マツ']","['まぐさ', 'まぐさか（う）']",10
秬,1,['キョ'],['くろきび'],10
秧,1,['オウ'],"['う（える）', 'なえ']",10
稈,1,['カン'],['わら'],12
稍,1,"['ショウ', 'ソウ']","['すこ（し）', 'ちい（さい）', 'ふち', 'やや', 'ようや（く）']",12
稠,1,"['チュウ', 'チョウ']","['おお（い）', 'こ（い）', 'しげ（る）']",13
稷,1,['ショク'],"['きび', 'たおさ']",15
穢,1,"['アイ', 'エ', 'ワイ']","['あ（れる）', 'きたな（い）', 'けが（れる）', 'わる（い）']",18
歲,-1,,,-1
穡,1,['ショク'],"['お（しむ）', 'とりい（れ）', 'とりい（れる）']",18
盂,1,['ウ'],"['はち', 'わん']",8
盒,1,['ゴウ'],"['さら', 'ふた', 'ふたもの']",11
盞,1,['サン'],['さかずき'],13
盥,1,['カン'],"['すす（ぐ）', 'そそ（ぐ）', 'たらい']",16
盪,1,['トウ'],"['あら（う）', 'うご（かす）', 'うご（く）', 'とろ（ける）', 'はら（う）', 'ほしいまま']",17
蘯,1,['トウ'],"['あら（う）', 'うご（かす）', 'うご（く）', 'とろ（ける）', 'はら（う）', 'ほしいまま']",20
赳,1,['キュウ'],['たけ（し）'],10
趁,1,['チン'],"['お（う）', 'おもむ（く）', 'ゆきなや（む）']",12
趙,1,['チョウ'],"['およ（ぶ）', 'こ（える）']",14
舐,1,['シ'],"['な（める）', 'ねぶ（る）']",10
舒,1,"['ショ', 'ジョ']","['の（ばす）', 'の（べる）', 'ゆる（やか）']",12
艱,1,['カン'],"['かた（い）', 'くる（しい）', 'くる（しむ）', 'けわ（しい）', 'なや（み）', 'なや（む）', 'むずか（しい）']",17
觝,1,['テイ'],['ふ（れる）'],12
觚,1,['コ'],"['かど', 'さかずき']",13
觴,1,['ショウ'],['さかずき'],18
衒,1,['ゲン'],"['う（る）', 'てら（う）', 'ひけ（らかす）']",11
衙,1,['ガ'],"['つかさ', 'まい（る）']",13
衢,1,['ク'],"['ちまた', 'みち', 'よつつじ', 'わかれみち']",24
罕,1,['カン'],"['とりあみ', 'はた', 'まれ（に）']",7
㓁,-1,[],[],4
罘,1,"['フ', 'フウ']","['あみ', 'うさぎあみ']",9
罠,1,"['ビン', 'ミン']","['あみ', 'わな']",10
罟,1,['コ'],"['あみ', 'うおあみ']",10
罧,1,['シン'],"['ふし', 'ふしづけ']",13
罨,1,"['アン', 'エン']","['あみ', 'おお（う）']",13
罩,1,['トウ'],"['かご', 'こ（める）']",13
罹,1,['リ'],['かか（る）'],16
羂,1,['ケン'],"['くく（る）', 'わな']",18
羃,1,['ベキ'],['おお（う）'],18
羆,1,['ヒ'],['ひぐま'],19
羇,1,['キ'],"['たび', 'たびびと']",22
䩭,-1,['キ'],[],17
羈,1,['キ'],"['おもがい', 'たづな', 'たび', 'たびびと', 'つな（ぐ）', 'とりし（まる）']",24
䩻,-1,,,-1
皰,1,['ホウ'],"['にきび', 'もがさ']",10
皴,1,['シュン'],"['しわ', 'ひび']",12
皹,1,['クン'],"['あかぎれ', 'ひび']",14
皸,1,['クン'],"['あかぎれ', 'ひび']",14
皺,1,"['シュウ', 'スウ']","['しわ', 'しわ（む）']",15
翅,1,['シ'],"['つばさ', 'はね']",10
翊,1,['ヨク'],"['あくるひ', 'たす（ける）', 'とびこ（える）']",11
翔,1,['ショウ'],"['かけ（る）', 'と（ぶ）']",12
翡,1,['ヒ'],['かわせみ'],14
翦,1,['セン'],"['き（る）', 'そ（ぐ）', 'はさ（む）', 'ほろ（ぼす）']",15
翩,1,['ヘン'],['ひるがえ（る）'],15
翳,1,['エイ'],"['かげ', 'かげ（り）', 'かげ（る）', 'かざ（し）', 'かざ（す）', 'かす（む）', 'くも（り）']",17
殹,-1,,,-1
翹,1,['ギョウ'],"['あ（げる）', 'つまだ（てる）']",18
穹,1,['キュウ'],"['あな', 'おお（きい）', 'おおぞら', 'たか（い）', 'ふか（い）']",8
穽,1,['セイ'],['おとしあな'],9
窈,1,['ヨウ'],"['あで（やか）', 'おくぶか（い）', 'おくゆか（しい）', 'かす（か）', 'の（びやか）']",10
窕,1,"['チョウ', 'ヨウ']","['あで（やか）', 'おくゆか（しい）', 'ふか（い）']",11
窖,1,['コウ'],"['あなぐら', 'ふか（い）']",12
窘,1,['キン'],"['あわただ（しい）', 'きわ（まる）', 'くる（しむ）', 'せ（まる）', 'たしな（める）']",12
窩,1,['カ'],"['あな', 'いわや', 'かく（す）', 'かくま（う）', 'むろ']",14
窶,1,"['ク', 'ロウ']","['まず（しい）', 'やつ（す）', 'やつ（れる）']",16
窿,1,['リュウ'],['ゆみがた'],17
竅,1,['キョウ'],['あな'],18
竄,1,"['サン', 'ザン']","['あらた（める）', 'かく（れる）', 'に（げる）', 'のが（れる）', 'はな（す）']",18
竇,1,"['トウ', 'トク']","['あな', 'あなぐら', 'みぞ']",20
矜,1,"['キョウ', 'カン', 'キン']","['あわ（れむ）', 'つつし（む）', 'ほこ（る）', 'やもお']",9
舁,1,['ヨ'],"['か（く）', 'かつ（ぐ）']",9
舂,1,['ショウ'],"['うすづ（く）', 'つ（く）']",11
舅,1,['キュウ'],"['おじ', 'しゅうと']",13
虔,1,['ケン'],"['うば（う）', 'ころ（す）', 'つつし（む）']",10
虧,1,['キ'],"['か（く）', 'か（ける）']",17
雐,-1,,,-1
臻,1,['シン'],"['いた（る）', 'おお（い）', 'きた（る）']",16
祀,1,['シ'],"['とし', 'まつ（り）', 'まつ（る）']",8
祗,1,['シ'],"['ただ', 'つつし（む）']",10
祠,1,['シ'],"['ほこら', 'まつ（り）', 'まつ（る）']",10
祚,1,['ソ'],"['くらい', 'さいわ（い）', 'とし']",10
祓,1,['フツ'],"['はら（い）', 'はら（う）']",10
祟,1,['スイ'],"['たた（り）', 'たた（る）']",10
祺,1,['キ'],"['さいわ（い）', 'やす（らか）']",13
禊,1,['ケイ'],"['はら（う）', 'みそぎ']",14
禝,1,['ショク'],[],15
禧,1,['キ'],"['さいわ（い）', 'めでた（い）', 'よろこ（び）']",17
禳,1,['ジョウ'],"['はら（い）', 'はら（う）']",22
衄,1,['ジク'],"['くじ（ける）', 'はなぢ']",10
戕,-1,['ショウ'],[],8
豌,1,['エン'],[],15
豢,1,['カン'],"['か（う）', 'やしな（う）']",13
谺,1,['カ'],"['こだま', 'やまびこ']",11
豁,1,['カツ'],"['ひら（ける）', 'ひろ（い）', 'むな（しい）']",17
谿,1,['ケイ'],"['たに', 'たにがわ']",17
頴,1,['エイ'],"['すぐ（れる）', 'ほさき']",16
峩,1,['ガ'],['けわ（しい）'],10
渕,1,['エン'],"['おくぶか（い）', 'ふか（い）', 'ふち']",11
浂,-1,,,-1
礦,1,['コウ'],['あらがね'],20
蠏,1,['カイ'],['かに'],19
滓,1,"['サイ', 'シ']","['おり', 'かす', 'よご（れ）']",13
个,-1,"['カ', 'コ']",[],3
假,11,"['カ', 'ケ', 'カク']","['かり', 'か（す）']",11
竸,-1,"['キョウ', 'ケイ']","['きお（う）', 'きそ（う）', 'くら（べる）', 'せ（る）']",22
冩,-1,['シャ'],"['うつ（す）', 'うつ（る）']",14
冲,-1,['チュウ'],"['おき', 'むな（しい）']",6
鷄,11,['ケイ'],"['にわとり', 'とり']",21
燈,11,"['トウ', 'ドン']","['ひ', 'あかし', 'あかり', 'とぼし', 'とぼ（す）', 'ともし', 'ともしび', 'とも（す）', 'とも（る）']",16
冨,-1,"['フ', 'フウ']","['とみ', 'と（む）']",11
驫,-1,"['シュウ', 'ヒュウ', 'ヒョウ']",[],30
騳,-1,['トク'],[],20
鐵,11,['テツ'],"['かね', 'くろがね']",21
鐡,-1,['テツ'],"['かね', 'くろがね']",20
躰,-1,"['タイ', 'テイ']",['からだ'],12
赱,-1,['ソウ'],['はし（る）'],6
螢,11,['ケイ'],['ほたる'],16
曉,11,['ギョウ'],"['あかつき', 'さと（る）']",16
暸,-1,['リョウ'],[],16
椢,-1,['カイ'],"['くぬぎ', 'はこ']",12
櫻,11,['オウ'],['さくら'],21
泱,-1,['オウ'],[],8
沺,-1,"['テン', 'デン']",[],8
琿,-1,"['コン', 'ゴン']",[],13
珱,-1,"['エイ', 'ヨウ']",['くびかざ（り）'],10
鳫,-1,['ガン'],['かり'],13
鵈,-1,[],['とび'],17
馼,-1,"['ブン', 'モン']",[],14
駲,-1,"['シュウ', 'ジュン']",[],16
證,11,['ショウ'],"['あかし', 'あか（し）', 'あか（す）']",19
譯,11,"['ヤク', 'エキ']","['わけ', 'と（く）']",20
蠻,11,['バン'],['えびす'],25
乘,11,"['ジョウ', 'ショウ']","['の（せる）', 'の（る）']",10
娚,-1,"['ダン', 'ナン']",['めおと'],10
嫐,-1,['ドウ'],"['うわなり', 'なぶ（る）']",13
學,11,['ガク'],['まな（ぶ）'],16
斈,-1,['ガク'],['まな（ぶ）'],7
嶽,11,['ガク'],['たけ'],17
巖,11,"['ガン', 'ゲン']","['いわ', 'いわお', 'がけ', 'けわ（しい）']",23
矗,-1,['チク'],[],24
瞹,-1,['アイ'],[],18
碎,11,['サイ'],"['くだ（く）', 'くだ（ける）']",13
硴,-1,[],['かき'],12
粐,-1,[],['ぬか'],10
粭,-1,[],['すくも'],12
迯,-1,['トウ'],"['に（がす）', 'に（げる）', 'のが（す）', 'のが（れる）']",9
逹,-1,"['タツ', 'タチ', 'ダチ']","['たし', 'たち', 'とお（る）', 'とど（く）']",12
槇,11,"['シン', 'テン']",['まき'],14
瑤,11,['ヨウ'],['たま'],14
鰡,-1,['リュウ'],['ぼら'],21
鰲,-1,['ゴウ'],"['おおうみがめ', 'おおがめ', 'おおすっぽん']",22
鑄,11,"['チュウ', 'シュ']",['い（る）'],22
鑛,11,['コウ'],['あらがね'],23
釀,11,['ジョウ'],['かも（す）'],24
醫,11,['イ'],"['い（やす）', 'くすし']",18
无,-1,"['ブ', 'ム']",['ない'],4
潁,-1,"['エイ', 'ヨウ']",[],15
寉,-1,"['カク', 'コク']",[],11
實,11,['ジツ'],"['さね', 'まこと', 'まめ', 'み', 'み（ちる）', 'みの（る）']",14
亊,-1,"['ジ', 'ズ']","['こと', 'つか（える）']",7
佛,11,"['ブツ', 'フツ']",['ほとけ'],7
亳,-1,"['ハク', 'バク']",[],10
凉,-1,['リョウ'],"['すず（しい）', 'すず（む）', 'うす（い）']",10
舩,-1,['セン'],"['ふな', 'ふね']",10
舮,-1,['ロ'],"['とも', 'へさき']",10
灣,11,['ワン'],['いりえ'],25
瀘,-1,['ロ'],[],19
濮,-1,"['ホク', 'ボク']",[],17
濱,11,['ヒン'],['はま'],17
亂,11,"['ラン', 'ロン']","['みだ（す）', 'みだ（れる）', 'みだ（りに）']",13
豫,11,['ヨ'],"['あらかじ（め）', 'かね（て）']",16
亰,-1,"['キョウ', 'ケイ', 'キン']",['みやこ'],9
儖,-1,['ラン'],[],17
囘,-1,"['エ', 'カイ']","['まわ（す）', 'まわ（る）', 'めぐ（らす）', 'めぐ（る）']",5
册,11,"['サツ', 'サク']","['た（てる）', 'ふみ']",5
囑,11,['ショク'],['たの（む）'],24
髓,11,['ズイ'],[],23
遀,-1,,,-1
垚,-1,,,-1
壤,11,['ジョウ'],['つち'],20
墮,11,"['ダ', 'キ']","['お（ちる）', 'お（とす）', 'お（ろす）', 'こぼ（つ）']",15
圓,11,['エン'],"['まる（い）', 'つぶら（か）', 'まど（か）', 'まろ（やか）']",13
冦,1,['コウ'],"['あだ', 'あだ（する）', 'かたき']",10
厦,1,['カ'],['いえ'],12
奬,11,"['ショウ', 'ソウ']",['すす（める）'],14
乢,-1,['カイ'],['たわ'],4
崋,-1,"['カ', 'ゲ']",[],10
遙,11,['ヨウ'],"['さまよ（う）', 'とお（い）', 'なが（い）', 'はる（か）']",14
邉,-1,['ヘン'],"['あた（り）', 'べ', 'ほとり']",17
邊,11,['ヘン'],"['あた（り）', 'べ', 'ほとり']",19
臱,-1,"['ヘン', 'ベン']",[],15
齡,11,['レイ'],"['とし', 'よわい']",20
顯,11,['ケン'],"['あき（らか）', 'あらわ（す）', 'あらわ（れる）']",23
顏,11,['ガン'],"['かお', 'かんばせ']",18
蓺,-1,['ゲイ'],[],14
藥,11,['ヤク'],['くすり'],18
囎,-1,[],['そ'],22
贈,11,"['ソウ', 'ゾウ']",['おく（る）'],19
嗹,-1,['レン'],[],14
圷,-1,[],['あくつ'],6
圸,-1,[],['まま'],6
惠,11,"['エ', 'ケイ']",['めぐ（む）'],12
曵,-1,['エイ'],['ひ（く）'],7
澤,11,['タク'],"['さわ', 'うるお（う）', 'つや']",16
々,-1,[],[],3
呀,-1,"['カ', 'ガ', 'ケ', 'ゲ']",[],7
咾,-1,['ロウ'],[],9
圈,11,['ケン'],['かこ（い）'],11
圍,11,['イ'],"['かこ（う）', 'かこ（む）']",12
傳,11,"['デン', 'テン']","['つた（う）', 'つた（える）', 'つた（わる）', 'つて']",13
僞,11,['ギ'],"['いつわ（る）', 'にせ']",14
决,-1,['ケツ'],"['き（まる）', 'き（める）']",6
冰,-1,['ヒョウ'],"['こおり', 'ひ', 'こお（る）']",6
况,-1,['キョウ'],"['ありさま', 'いわ（んや）']",7
劍,11,['ケン'],['つるぎ'],15
劔,-1,['ケン'],['つるぎ'],16
劒,-1,['ケン'],['つるぎ'],16
剱,-1,['ケン'],['つるぎ'],11
弃,-1,['キ'],['す（てる）'],7
弉,1,"['ジョウ', 'ソウ', 'ゾウ']",['さか（ん）'],10
鵐,-1,"['ブ', 'ム']",['しとど'],18
鷏,-1,"['シン', 'テン', 'デン']",['よたか'],21
餘,11,['ヨ'],"['あま（す）', 'あま（る）', 'ほか']",16
餝,-1,['ショク'],"['かざ（る）', 'かざ（り）']",16
餠,11,['ヘイ'],['もち'],17
幷,1,['ヘイ'],"['あわ（せる）', 'なら（ぶ）']",8
貅,-1,['キュウ'],[],13
徃,-1,['オウ'],"['いにしえ', 'ゆ（く）']",8
徑,11,['ケイ'],"['こみち', 'さしわたし', 'ただ（ちに）', 'みち']",10
悳,-1,['トク'],[],12
戀,11,['レン'],"['こい', 'こい（しい）', 'こ（う）']",23
繿,-1,['ラン'],"['つづれ', 'ぼろ']",21
繼,11,['ケイ'],"['つ（ぐ）', 'まま']",20
㡭,-1,['ケイ'],"['つ（ぐ）', 'まま']",14
皷,-1,['コ'],['つづみ'],14
點,11,['テン'],"['た（てる）', 'つ（ける）', 'とぼ（す）', 'とぼ（る）', 'とも（る）']",17
濕,11,['シツ'],"['うるお（い）', 'うるお（す）', 'しめ（す）', 'しめ（る）']",17
濂,-1,['レン'],[],16
澁,11,"['シュウ', 'ジュウ']","['しぶ', 'しぶ（い）', 'しぶ（る）']",15
價,11,['カ'],['あたい'],15
儉,11,['ケン'],"['つづま（やか）', 'つま（しい）']",15
勸,11,"['カン', 'ケン']",['すす（める）'],19
勳,11,['クン'],"['いさお', 'いさおし']",16
勵,11,['レイ'],"['はげ（ます）', 'はげ（む）']",16
缺,11,['ケツ'],"['か（く）', 'か（ける）']",10
罐,11,['カン'],['かま'],23
糢,-1,"['ボ', 'モ']","['かた', 'のっと（る）']",16
糘,-1,[],['すくも'],16
粹,11,['スイ'],['いき'],14
聽,11,"['チョウ', 'テイ']","['き（く）', 'ゆる（す）']",22
聹,-1,"['ネイ', 'デイ']",[],20
籘,-1,['トウ'],[],22
籏,-1,[],['はた'],20
礇,-1,['イク'],[],18
磆,-1,"['カツ', 'ゲチ']",[],15
獻,11,"['ケン', 'コン']","['ささ（げる）', 'たてまつ（る）', 'まつ（る）']",20
鬳,-1,"['ケン', 'ゲン']",[],16
獵,11,['リョウ'],"['か（り）', 'か（る）']",18
獸,11,['ジュウ'],"['けだもの', 'けもの', 'しし']",19
嘼,-1,,,-1
皈,-1,['キ'],"['かえ（す）', 'かえ（る）', 'おく（る）', 'とつ（ぐ）']",9
疂,-1,"['ジョウ', 'チョウ']","['たたみ', 'たた（む）', 'かさ（なる）', 'かさ（ねる）']",16
疉,-1,"['ジョウ', 'チョウ']","['たたみ', 'たた（む）', 'かさ（なる）', 'かさ（ねる）']",22
宐,-1,,,-1
疊,11,"['ジョウ', 'チョウ']","['たたみ', 'たた（む）', 'かさ（なる）', 'かさ（ねる）']",22
榿,-1,['キ'],[],14
槝,-1,[],['かし'],14
楴,-1,['テイ'],[],13
楜,-1,['コ'],['くるみ'],13
椥,-1,[],['なぎ'],12
槞,-1,['ロウ'],"['おり', 'まど']",14
據,11,"['キョ', 'コ']","['よりどころ', 'よ（る）']",16
擇,11,['タク'],"['えら（ぶ）', 'よ（る）']",16
攜,-1,['ケイ'],"['たずさ（える）', 'たずさ（わる）', 'はな（れる）']",21
巂,-1,"['ケイ', 'スイ']",[],18
慘,11,"['サン', 'ザン']","['みじ（め）', 'いた（ましい）', 'いた（む）', 'むご（い）']",14
愽,-1,"['ハク', 'バク']","['ひろ（い）', 'ひろ（める）']",13
慱,-1,['タン'],[],14
慯,-1,['ショウ'],[],14
墺,-1,"['イク', 'オウ']",['きし'],16
埔,-1,['ホ'],[],10
圖,11,"['ズ', 'ト']","['はか（る）', 'え']",14
關,11,['カン'],"['かか（わる）', 'せき', 'からくり', 'かんぬき']",19
鯆,-1,"['フ', 'ホ']",['いるか'],18
葫,-1,['コ'],['にんにく'],12
厽,-1,,,-1
臈,1,['ロウ'],['くれ'],16
貔,-1,['ヒ'],[],17
洙,-1,['シュ'],[],9
洳,-1,"['ジョ', 'ニョ']",[],9
浤,-1,['コウ'],[],10
秡,-1,['ハツ'],[],10
稘,-1,['キ'],[],13
稙,-1,"['ショク', 'チョク']",[],13
釖,-1,['トウ'],['かたな'],10
釟,-1,['ハツ'],[],10
釡,-1,['フ'],['かま'],10
釛,-1,"['コク', 'ゴク']",['こがね'],10
殘,11,['ザン'],"['のこ（す）', 'のこ（る）', 'そこ（なう）']",12
殕,-1,"['フ', 'フウ', 'ホク', 'ボク']",[],12
絋,-1,['コウ'],"['わた', 'わたいれ']",11
絲,11,['シ'],['いと'],12
經,11,"['ケイ', 'キョウ', 'キン']","['へ（る）', 'おさ（める）', 'た（つ）', 'たていと']",13
總,11,['ソウ'],"['すべ（て）', 'す（べる）', 'ふさ']",17
悤,1,['ソウ'],"['あわ（てる）', 'いそ（ぐ）']",11
緜,-1,"['ベン', 'メン']","['わた', 'つら（なる）']",15
縱,11,"['ジュウ', 'ショウ']","['たて', 'はな（つ）', 'ほしいまま', 'ゆる（す）', 'ゆる（める）', 'よし（んば）']",17
杁,-1,[],['いり'],6
朷,-1,['トウ'],[],6
杤,-1,[],['とち'],7
杰,-1,['ケツ'],['すぐ（れる）'],8
枩,-1,['ショウ'],['まつ'],8
枦,-1,['ロ'],"['とがた', 'はぜ', 'はぜのき', 'ますがた']",8
桍,-1,['コ'],[],10
彁,-1,"['カ', 'セイ']",[],13
彈,11,['ダン'],"['たま', 'はず（む）', 'ひ（く）', 'ただ（す）', 'はじ（く）', 'はじ（ける）', 'はず（み）']",15
抂,-1,"['キョウ', 'オウ']",[],7
拔,11,['バツ'],"['ぬ（かす）', 'ぬ（かる）', 'ぬ（く）', 'ぬ（ける）']",8
擔,11,['タン'],"['かつ（ぐ）', 'にな（う）']",16
擴,11,['カク'],"['ひろ（がる）', 'ひろ（げる）']",18
汢,-1,[],['ぬた'],6
汾,-1,"['フン', 'ブン']",[],7
汳,-1,"['ヘン', 'ベン']",[],7
沒,11,"['ボツ', 'モツ']","['おぼ（れる）', 'しず（む）', 'し（ぬ）', 'な（い）']",7
渊,-1,['エン'],"['おくぶか（い）', 'ふか（い）', 'ふち']",11
淇,-1,"['キ', 'ギ']",[],11
淦,-1,"['カン', 'コン']",['あか'],11
茖,-1,['カク'],[],9
莖,11,['ケイ'],"['くき', 'なかご']",10
莇,-1,"['ショ', 'ジョ', 'チョ']",[],10
莊,11,"['ショウ', 'ソウ']","['おごそ（か）', 'しもやしき']",10
萓,-1,['ギ'],[],11
萋,-1,"['サイ', 'セイ']",[],11
菷,-1,"['シュウ', 'ソウ']","['は（く）', 'ほうき']",11
釼,-1,['ケン'],['つるぎ'],11
釶,-1,['シ'],[],11
鈬,-1,['タク'],['すず'],12
鉐,-1,"['ジャク', 'セキ']",[],13
鉚,-1,['リュウ'],[],13
鍄,-1,['リョウ'],['かすがい'],16
錢,11,"['セン', 'ゼン']","['ぜに', 'すき']",16
甼,-1,"['チョウ', 'テイ']","['あぜみち', 'まち']",7
畍,-1,['カイ'],['さかい'],9
畊,-1,['コウ'],['たがや（す）'],9
畉,-1,"['フ', 'ブ']",[],9
畆,-1,"['ホ', 'ボウ']","['うね', 'せ']",9
畩,-1,[],['けさ'],11
爼,-1,"['ショ', 'ソ']",['まないた'],9
蓊,-1,"['オ', 'オウ']",['とう'],13
恠,-1,"['カイ', 'ケ']","['あや（しい）', 'あや（しむ）']",9
怐,-1,['コウ'],[],8
恷,-1,"['キュウ', 'ク']","['やす', 'よし']",10
恆,11,['コウ'],"['つね', 'つね（に）']",9
悗,-1,"['バン', 'ボン']",[],10
愡,-1,['ソウ'],[],12
埀,-1,['スイ'],"['た（らす）', 'た（れる）', 'しだ（れる）', 'しで', 'なんなん（とする）']",10
垈,-1,[],['ぬた'],8
垉,-1,['ホウ'],[],8
垳,-1,[],['がけ'],9
垪,-1,[],['は'],9
垰,-1,[],['たお'],9
埓,-1,"['ラチ', 'ラツ']",['かこ（い）'],10
旙,-1,"['ハン', 'バン']",['はた'],16
濟,11,"['サイ', 'セイ']","['す（ます）', 'す（む）', 'すく（う）', 'な（す）', 'わた（す）', 'わた（る）']",17
淞,-1,"['シュ', 'ショウ']",[],11
淨,11,['ジョウ'],['きよ（い）'],11
淺,11,['セン'],['あさ（い）'],11
淕,-1,"['リク', 'ロク']",[],11
渮,-1,['カ'],[],11
蘰,-1,[],['かつら'],20
蘓,-1,"['ス', 'ソ']",['よみがえ（る）'],19
藏,11,"['ゾウ', 'ソウ']","['くら', 'おさ（める）', 'かく（れる）']",18
蓚,-1,"['シュウ', 'チョウ']",[],13
葹,-1,['シ'],['おなもみ'],12
葮,-1,"['タン', 'ダン']",[],12
蒄,-1,['カン'],[],12
妛,-1,[],['あけん'],7
岻,-1,['チ'],['し'],8
岶,-1,['ハク'],['さこ'],8
岼,-1,[],['ゆり'],8
岷,-1,"['ビン', 'ミン']",[],8
峅,-1,[],['くら'],8
岾,-1,[],"['はけ', 'やま']",8
鈩,-1,"['ル', 'ロ']","['いろり', 'たたら', 'ふいご']",12
鑁,-1,['バン'],[],21
鐇,-1,"['ハン', 'ボン']","['たつき', 'たつぎ']",20
鏥,-1,['シュウ'],"['さび', 'さ（びる）']",19
鍖,-1,['チン'],[],17
鎭,11,"['チン', 'テン']","['しず（まる）', 'しず（める）', 'おさ（え）']",18
鍜,-1,"['カ', 'ゲ']",[],17
樮,-1,[],['ほくそ'],14
䙳,-1,,,-1
榠,-1,['メイ'],[],14
權,11,"['ケン', 'ゴン']","['いきお（い）', 'おもり', 'かり', 'はか（る）']",21
樞,11,['スウ'],"['かなめ', 'とぼそ']",15
槫,-1,"['セン', 'ゼン', 'タン', 'ダン']",[],15
樣,11,['ヨウ'],['さま'],15
樓,11,['ロウ'],"['たかどの', 'やぐら']",15
祕,11,['ヒ'],"['ひ（める）', 'かく（す）', 'ひそ（か）']",10
祿,11,['ロク'],"['さいわ（い）', 'ふち']",13
齋,11,['サイ'],"['いつ（く）', 'つつし（む）', 'とき', 'ものいみ']",17
禪,11,"['ゼン', 'セン']",['ゆず（る）'],17
禮,11,"['レイ', 'ライ']","['うやま（う）', 'のり']",18
竝,11,['ヘイ'],"['なみ', 'なら（びに）', 'なら（ぶ）', 'なら（べる）']",10
匸,-1,"['ケイ', 'ゲイ']",[],2
夊,-1,['スイ'],[],3
⺻,-1,,,-1
舖,11,"['ホ', 'フ']","['し（く）', 'みせ']",15
襾,-1,['ア'],[],6
竊,11,['セツ'],"['ぬす（む）', 'ひそ（かに）']",22
禼,-1,['セツ'],[],12
飮,11,"['イン', 'オン']","['の（む）', 'の（ます）', 'みずか（う）']",13
盜,11,['トウ'],"['ぬす（む）', 'と（る）']",12
网,-1,"['ボウ', 'モウ']",['あみ'],6
軣,-1,['ゴウ'],['とどろ（く）'],11
輕,11,"['ケイ', 'キン']","['かる（い）', 'かろ（やか）']",14
轣,-1,"['リャク', 'レキ']",[],23
逶,-1,['イ'],[],12
遞,11,['テイ'],"['か（わる）', 'たが（いに）']",14
遲,11,['チ'],"['おく（らす）', 'おく（れる）', 'おそ（い）']",16
哘,-1,[],['さそ（う）'],9
啌,-1,['コウ'],[],11
啝,-1,['カ'],[],11
咯,-1,"['カク', 'ラク']",[],9
噐,-1,['キ'],['うつわ'],15
營,11,"['エイ', 'ヨウ']",['いとな（む）'],17
處,11,"['ショ', 'ソ']","['お（く）', 'お（る）', 'ところ']",11
刧,-1,"['キョウ', 'コウ', 'ゴウ']","['おびや（かす）', 'かす（める）']",7
剩,11,['ジョウ'],"['あま（す）', 'あまつさ（え）', 'あま（る）']",12
劑,11,"['ザイ', 'スイ', 'セイ']",['ま（ぜる）'],16
辨,11,['ベン'],"['わきま（える）', 'わ（ける）']",16
辧,-1,['ベン'],"['わきま（える）', 'わ（ける）']",16
栢,-1,"['ハク', 'ヒャク', 'ビャク']",['かしわ'],10
瀧,11,['ロウ'],['たき'],19
碕,-1,['キ'],"['さい', 'さき']",13
咋,-1,"['サ', 'サク']","['く（う）', 'くら（う）']",8
迩,-1,"['ジ', 'ニ']",['ちか（い）'],8
侭,-1,['ジン'],"['ことごと（く）', 'まま']",8
夘,-1,['ボウ'],['う'],5
凖,-1,"['ジュン', 'シュン', 'セツ']","['なぞら（える）', 'みずもり']",12
埖,-1,[],['ごみ'],10
埣,-1,"['サイ', 'ソツ']",['そね'],11
塲,-1,['ジョウ'],['ば'],14
塢,-1,"['ウ', 'オ']",[],13
塰,-1,[],['あま'],13
峇,-1,['コウ'],[],9
峽,11,['キョウ'],['はざま'],10
峺,-1,['キョウ'],[],10
嶌,-1,['トウ'],['しま'],14
崗,-1,['コウ'],['おか'],11
嵜,-1,['キ'],['さき'],12
竒,-1,['キ'],"['あや（しい）', 'く（し）', 'めずら（しい）']",9
嵶,-1,[],['たお'],13
惱,11,"['ドウ', 'ノウ']","['なや（ます）', 'なや（む）']",12
愼,11,['シン'],"['つつし（む）', 'つつま（しい）', 'つつま（しやか）']",13
憙,-1,['キ'],"['よろこ（び）', 'よろこ（ぶ）']",16
憇,-1,['ケイ'],"['いこ（い）', 'いこ（う）']",15
懷,11,['カイ'],"['なつ（かしい）', 'なつ（かしむ）', 'なつ（く）', 'なつ（ける）', 'ふところ', 'いだ（く）', 'おも（う）']",19
褱,-1,['カイ'],[],16
眤,-1,['イ'],[],10
繪,11,"['エ', 'カイ']",['えが（く）'],19
繩,11,['ジョウ'],"['なわ', 'ただ（す）']",19
緕,-1,[],['かすり'],14
續,11,"['ゾク', 'ショク']","['つづ（く）', 'つづ（ける）', 'つ（ぐ）']",21
纖,11,"['セン', 'チン']","['しな（やか）', 'ちい（さい）', 'ほそ（い）']",23
纎,-1,"['セン', 'チン']","['しな（やか）', 'ちい（さい）', 'ほそ（い）']",21
鹽,11,"['エン', 'アン']",['しお'],25
笂,-1,[],['うつぼ'],9
笶,-1,['シ'],['や'],11
箟,-1,['キン'],"['しのだけ', 'やだけ']",14
篏,-1,['カン'],"['あな', 'けわ（しい）', 'ちりば（める）', 'はめこ（む）', 'は（める）', 'ほらあな']",15
篶,-1,['エン'],[],17
踈,-1,"['ショ', 'ソ']","['うと（い）', 'うと（む）', 'うろ', 'おろ', 'おろ（か）', 'おろそ（か）', 'とお（す）', 'とお（る）', 'まば（ら）']",14
踐,11,['セン'],['ふ（む）'],15
柆,-1,['ロウ'],[],9
柧,-1,['コ'],[],10
档,-1,['トウ'],['かまち'],10
梹,-1,"['ヒン', 'ビン']",[],11
梍,-1,['ソウ'],[],11
皂,-1,['ソウ'],"['うまや', 'かいばおけ', 'くろ', 'くろ（い）', 'しもべ', 'どんぐり']",7
桾,-1,['クン'],['さるがき'],11
寃,1,['エン'],"['あだ', 'ぬれぎぬ']",11
寢,11,['シン'],"['ね（かす）', 'ね（る）', 'みたまや', 'みにく（い）', 'や（める）']",14
寶,11,['ホウ'],['たから'],20
珤,-1,,,-1
寳,-1,['ホウ'],['たから'],19
珎,-1,['チン'],['めずら（しい）'],9
棔,-1,['コン'],[],12
棧,11,['サン'],"['かけはし', 'たな']",12
棯,-1,['ジン'],['うつぎ'],12
椨,-1,[],"['たぶ', 'たぶのき']",12
椪,-1,['ポン'],['はえ'],12
椣,-1,[],['しで'],12
稱,11,['ショウ'],"['あ（げる）', 'かな（う）', 'たた（える）', 'とな（える）', 'はか（る）']",14
爯,-1,,,-1
稻,11,['トウ'],"['いな', 'いね']",15
稾,-1,['コウ'],"['したがき', 'わら']",15
穃,-1,['ヨウ'],[],15
穗,11,['スイ'],['ほ'],17
穉,-1,['チ'],"['いとけな（い）', 'わか（い）']",17
厠,1,"['シ', 'シキ', 'ショク']","['かわや', 'ま（じる）']",11
厮,1,['シ'],"['こもの', 'めしつかい']",14
壥,1,['テン'],"['みせ', 'やしき']",20
墻,1,['ショウ'],"['かき', 'へい']",16
壻,11,['セイ'],['むこ'],12
鬪,11,['トウ'],"['たたか（う）', 'たたか（い）']",20
軅,-1,[],"['たか', 'やが（て）']",19
閖,-1,[],['ゆり'],12
椡,-1,[],['くぬぎ'],12
橲,-1,[],"['じさ', 'ずさ']",16
欟,-1,[],['つき'],28
觀,11,['カン'],"['しめ（す）', 'み（る）', 'み（せる）']",24
蟐,-1,[],"['もみ', 'もむ']",17
雙,11,['ソウ'],"['ふた', 'たぐい', 'なら（ぶ）', 'ふた（つ）', 'もろ']",18
團,11,"['ダン', 'トン', 'タン']","['かたまり', 'まる（い）']",14
墹,-1,[],['まま'],15
墫,-1,['ソン'],['たる'],15
壞,11,"['カイ', 'エ']","['こわ（す）', 'こわ（れる）', 'やぶ（る）', 'やぶ（れる）']",19
墸,-1,['チョ'],[],15
壓,11,"['アツ', 'オウ']","['お（さえる）', 'お（す）', 'へ（す）']",17
壗,-1,[],['まま'],17
壘,11,['ルイ'],"['かさ（ねる）', 'とりで']",18
夛,-1,['タ'],['おお（い）'],6
梦,-1,"['ム', 'ボウ']",['ゆめ'],11
奩,-1,['レン'],"['くしげ', 'こばこ']",14
侫,-1,"['デイ', 'ネイ']","['おもね（る）', 'へつら（う）', 'よこしま']",8
孃,11,['ジョウ'],['むすめ'],20
尅,-1,['コク'],"['か（つ）', 'きざ（む）', 'きび（しい）', 'き（める）']",10
對,11,"['タイ', 'ツイ']","['こた（える）', 'そろ（い）', 'つれあい', 'む（かう）']",14
屆,11,['カイ'],"['とど（く）', 'とど（ける）']",8
凷,-1,,,-1
屐,-1,"['ケキ', 'ゲキ']",['はきもの'],10
嶐,-1,['リュウ'],[],15
帋,-1,['シ'],['かみ'],7
幤,-1,['ヘイ'],"['ぜに', 'ぬさ', 'みてぐら']",15
黃,11,"['オウ', 'コウ']","['き', 'こ']",12
廢,11,['ハイ'],"['すた（る）', 'すた（れる）', 'や（める）']",15
廳,11,"['チョウ', 'テイ']",[],25
廰,-1,"['チョウ', 'テイ']",[],20
徠,-1,['ライ'],"['きた（る）', 'く（る）']",11
戰,11,['セン'],"['たたか（う）', 'いくさ', 'おのの（く）', 'そよ（ぐ）']",16
戲,11,"['ギ', 'ゲ']","['たわむ（れる）', 'ざ（れる）', 'たわ（ける）']",17
䖒,-1,['キ'],[],13
拂,11,"['フツ', 'ヒツ']",['はら（う）'],8
挧,-1,['ウ'],['とち'],9
挾,11,['キョウ'],"['はさ（まる）', 'はさ（む）', 'さしはさ（む）']",10
搜,11,['ソウ'],['さが（す）'],12
掵,-1,[],['はば'],11
插,11,['ソウ'],"['さ（す）', 'さしはさ（む）', 'す（げる）', 'はさ（む）']",12
搖,11,['ヨウ'],"['ゆ（さぶる）', 'ゆ（すぶる）', 'ゆ（する）', 'ゆ（らぐ）', 'ゆ（る）', 'ゆ（るぐ）', 'ゆ（れる）']",13
攝,11,"['セツ', 'ショウ']","['か（ねる）', 'か（わる）', 'と（る）']",21
舉,-1,['キョ'],"['あ（がる）', 'あ（げる）', 'こぞ（って）', 'こぞ（る）']",16
擶,-1,['セン'],[],18
攷,-1,['コウ'],"['かんが（える）', 'たた（く）']",6
收,11,['シュウ'],"['おさ（まる）', 'おさ（める）']",6
敍,11,['ジョ'],['の（べる）'],11
敘,-1,['ジョ'],['の（べる）'],11
變,11,['ヘン'],"['か（える）', 'か（わる）']",23
斷,11,"['ダン', 'タン']","['ことわ（る）', 'た（つ）', 'さだ（める）']",18
晄,-1,['コウ'],"['あき（らか）', 'ひか（る）']",10
厸,-1,['リン'],"['となり', 'とな（る）']",4
晝,11,['チュウ'],['ひる'],11
暃,-1,['ヒ'],[],12
暎,-1,['エイ'],"['うつ（す）', 'うつ（る）', 'は（える）', 'は（やす）']",12
暼,-1,['ヘツ'],[],16
朖,-1,['ロウ'],"['あき（らか）', 'たか（らか）', 'ほが（らか）']",11
椦,-1,['ケン'],[],12
棡,-1,['コウ'],[],12
椌,-1,['コウ'],[],12
棆,-1,['リン'],[],12
楪,-1,['チョウ'],['ゆずりは'],13
榲,-1,"['オツ', 'オン']",['すぎ'],14
樌,-1,['カン'],[],15
樶,-1,['サイ'],[],16
橸,-1,[],['まさ'],16
樢,-1,"['チョウ', 'ボク']",[],15
檍,-1,"['オク', 'ヨク']","['あおき', 'もちのき']",17
檢,11,['ケン'],"['あらた（める）', 'しら（べる）']",17
櫞,-1,['エン'],[],19
緣,11,['エン'],"['ふち', 'えにし', 'へり', 'ゆかり', 'よすが', 'よ（る）']",15
櫑,-1,['ライ'],[],19
歐,11,['オウ'],['は（く）'],15
歡,11,['カン'],['よろこ（ぶ）'],21
歸,11,['キ'],"['かえ（す）', 'かえ（る）', 'おく（る）', 'とつ（ぐ）']",18
殼,11,['カク'],['から'],12
壳,-1,,,-1
毆,11,['オウ'],"['う（つ）', 'たた（く）', 'なぐ（る）']",15
毓,-1,['イク'],"['そだ（つ）', 'そだ（てる）', 'はぐく（む）']",14
氤,-1,['イン'],[],10
湟,-1,"['オウ', 'コウ']",['ほり'],12
湶,-1,['セン'],['いずみ'],12
渤,-1,"['ホツ', 'ボツ']",[],12
溪,11,['ケイ'],['たに'],13
滯,11,['タイ'],['とどこお（る）'],14
澀,-1,"['シュウ', 'ジュウ']","['しぶ', 'しぶ（い）', 'しぶ（る）']",17
歰,-1,,,-1
潛,11,['セン'],"['ひそ（む）', 'もぐ（る）', 'くぐ（る）']",17
濳,-1,['セン'],"['ひそ（む）', 'もぐ（る）', 'くぐ（る）']",19
㬱,-1,,,-1
潼,-1,"['トウ', 'ドウ']",[],15
澑,-1,['リュウ'],"['したた（る）', 'た（まる）', 'ため', 'た（める）']",15
燒,11,['ショウ'],"['や（く）', 'や（ける）', 'く（べる）']",16
爐,11,['ロ'],"['いろり', 'ひばち']",20
犧,11,"['キ', 'ギ']",['いけにえ'],20
犹,-1,['ユウ'],['なお'],7
狹,11,"['キョウ', 'コウ']","['せば（まる）', 'せば（める）', 'せま（い）', 'さ']",10
獎,-1,"['ショウ', 'ソウ']",['すす（める）'],15
默,11,"['モク', 'ボク']","['だま（る）', 'だんま（り）', 'もだ（す）']",16
獨,11,"['ドク', 'トク']",['ひと（り）'],16
珸,-1,['ゴ'],[],11
甞,-1,"['ショウ', 'ジョウ']","['かつ（て）', 'こころ（みる）', 'な（める）']",13
畧,-1,['リャク'],"['おか（す）', 'おさ（める）', 'はかりごと', 'はか（る）', 'はぶ（く）', 'ほぼ']",11
癡,11,['チ'],"['おこ', 'おろ（か）', 'し（れる）']",19
盖,-1,"['ガイ', 'コウ']","['ふた', 'おお（い）', 'おお（う）', 'かさ', 'けだ（し）']",11
瞶,-1,"['キ', 'イ', 'ユイ']",[],17
碆,-1,['ハ'],['はえ'],13
碵,-1,['セキ'],[],14
碯,-1,"['ドウ', 'ノウ']",[],14
穩,11,['オン'],"['おだ（やか）', 'やす（らか）']",19
㥯,-1,['イン'],[],14
穰,11,['ジョウ'],"['みの（る）', 'ゆた（か）']",22
窗,-1,['ソウ'],['まど'],12
囱,-1,,,-1
窰,-1,['ヨウ'],['かま'],15
粫,-1,[],['うるち'],12
粡,-1,['トウ'],"['あら', 'あらごめ']",12
粮,-1,"['リョウ', 'ロウ']",['かて'],13
罸,-1,"['バチ', 'ハツ', 'バツ']",[],15
羣,-1,['グン'],"['むら', 'む（れ）', 'む（れる）']",13
羮,-1,"['カン', 'コウ']",['あつもの'],15
譱,-1,"['セン', 'ゼン']",['よ（い）'],20
誩,-1,['ケイ'],[],14
耻,-1,['チ'],"['はじ', 'は（じらう）', 'は（じる）', 'は（ずかしい）']",10
聲,11,"['セイ', 'ショウ']","['こえ', 'こわ']",17
聰,11,['ソウ'],['さと（い）'],17
冐,-1,"['ボウ', 'ボク', 'モウ']","['おか（す）', 'おお（う）', 'ねた（む）', 'むさぼ（る）']",8
脉,-1,"['バク', 'ミャク']",['すじ'],9
腦,11,"['ノウ', 'ドウ']",[],13
膕,-1,['カク'],"['ひかがみ', 'よほろ']",15
膤,-1,[],['ゆき'],15
膓,-1,['チョウ'],"['はらわた', 'わた']",15
膸,-1,['ズイ'],[],17
膽,11,"['タン', 'トウ']",['きも'],17
臟,11,"['ゾウ', 'ソウ']",['はらわた'],22
舊,11,['キュウ'],"['ふ（る）', 'ふる（い）', 'ふる（びる）', 'もと']",17
萑,-1,"['カン', 'スイ']",[],11
艷,11,['エン'],"['つや', 'あで（やか）', 'うらや（む）', 'なまめ（かしい）']",24
豐,11,['ホウ'],"['ゆた（か）', 'とよ']",18
萇,-1,"['ジョウ', 'チョウ']",[],11
蔆,-1,['リョウ'],['ひし'],14
淩,-1,,,-1
菻,-1,['リン'],[],11
萪,-1,['カ'],['しだ'],12
蕚,-1,['ガク'],"['うてな', 'はなぶさ']",15
蝪,-1,['トウ'],['つちぐも'],15
蠶,11,['サン'],"['かいこ', 'こ']",26
衂,-1,['ジク'],"['くじ（ける）', 'はなぢ']",9
衞,11,"['エイ', 'エ']",['まも（る）'],16
袮,-1,"['チ', 'ネ']",[],10
裝,11,"['ソウ', 'ショウ']","['よそお（う）', 'よそ（う）']",13
襃,11,['ホウ'],['ほ（める）'],17
覊,-1,['キ'],"['おもがい', 'たづな', 'たび', 'たびびと', 'つな（ぐ）', 'とりし（まる）']",25
觧,-1,"['カイ', 'ゲ']","['と（かす）', 'と（く）', 'と（ける）', 'さと（る）', 'ほぐ（れる）', 'ほつ（れる）', 'ほど（く）', 'ほど（ける）', 'わか（る）']",13
觸,11,"['ショク', 'ソク']","['さわ（る）', 'ふ（れる）']",20
謠,11,['ヨウ'],"['うたい', 'うた（う）']",17
譽,11,['ヨ'],"['ほま（れ）', 'ほ（める）']",20
讀,11,"['トウ', 'トク', 'ドク']",['よ（む）'],22
讓,11,['ジョウ'],"['ゆず（る）', 'せ（める）']",24
豼,-1,['ヒ'],[],11
戝,-1,"['サイ', 'ザイ', 'ゾク']","['そこ（なう）', 'たから', 'わるもの']",11
貭,-1,"['シツ', 'シチ', 'チ', 'シ']","['ただ（す）', 'たち', 'もと']",11
貮,-1,"['ジ', 'ニ']","['ふた', 'ふた（つ）']",11
兟,-1,,,-1
賍,-1,"['ソウ', 'ゾウ']",['かく（す）'],13
軆,-1,"['タイ', 'テイ']",['からだ'],20
辭,11,['ジ'],"['や（める）', 'ことば', 'ことわ（る）']",19
辯,11,['ベン'],"['かた（る）', 'と（く）']",21
隨,11,['ズイ'],['したが（う）'],16
鄰,11,['リン'],"['となり', 'とな（る）']",16
酘,-1,"['ズ', 'トウ']","['かも（す）', 'そえ']",11
醉,11,['スイ'],['よ（う）'],15
釋,11,"['シャク', 'セキ']","['お（く）', 'と（かす）', 'と（く）', 'ゆる（す）']",20
閇,-1,['ヘイ'],"['し（まる）', 'し（める）', 'と（じる）', 'と（ざす）', 'た（てる）']",11
閠,-1,['ジュン'],['うるう'],13
陷,11,['カン'],"['おちい（る）', 'おとしい（れる）']",11
陦,-1,['トウ'],['しま'],10
險,11,['ケン'],['けわ（しい）'],16
隱,11,"['イン', 'オン']","['かく（す）', 'かく（れる）']",17
隲,-1,['シツ'],"['さだ（める）', 'のぼ（る）']",17
隸,11,['レイ'],"['したが（う）', 'しもべ']",17
柰,-1,,,-1
靈,11,"['レイ', 'リョウ']","['たま', 'たましい', 'よ（い）']",24
靹,-1,['ドウ'],['とも'],13
飃,-1,['ヒョウ'],"['ただよ（う）', 'つむじかぜ', 'はや（い）', 'ひるがえ（る）']",20
騷,11,['ソウ'],"['うれ（い）', 'さわ（ぐ）', 'ざわ（つく）', 'ぞめ（く）']",20
驅,11,['ク'],"['か（ける）', 'か（る）', 'お（う）']",21
驛,11,['エキ'],['うまや'],23
驗,11,"['ケン', 'ゲン']","['あかし', 'しるし', 'ため（す）']",23
體,11,"['タイ', 'テイ']",['からだ'],23
髞,-1,['ソウ'],[],23
髮,11,"['ハツ', 'ホツ']",['かみ'],15
弎,-1,['サン'],"['み', 'み（つ）', 'みっ（つ）']",6
夤,-1,['イン'],[],14
夽,-1,['グン'],[],7
擤,-1,['コウ'],['か（む）'],17
澍,-1,"['シュ', 'ジュ']",[],15
欄,11,['ラン'],"['おばしま', 'おり', 'てすり', 'わく']",21
虜,11,"['リョ', 'ロ']","['えびす', 'しもべ', 'とりこ']",13
類,11,['ルイ'],"['たぐ（い）', 'たぐい', 'たぐ（える）', 'に（る）']",19
廊,11,['ロウ'],['わたどの'],13
朗,11,['ロウ'],"['ほが（らか）', 'あき（らか）', 'たか（らか）']",11
猪,11,['チョ'],"['い', 'いのしし']",12
祥,11,['ショウ'],"['きざ（し）', 'さいわ（い）', 'さち']",11
福,11,['フク'],['さいわ（い）'],14
諸,11,['ショ'],"['もろ', 'もろもろ']",16
都,11,"['ツ', 'ト']","['みやこ', 'すべ（て）']",12
侮,11,['ブ'],['あなど（る）'],9
每,11,"['マイ', 'バイ']","['ごと', 'つね', 'むさぼ（る）']",7
僧,11,['ソウ'],[],14
勉,11,['ベン'],['つと（める）'],9
勤,11,"['キン', 'ゴン']","['つと（まる）', 'つと（める）', 'いそ（しむ）', 'つと（め）']",13
卑,11,['ヒ'],"['いや（しい）', 'いや（しむ）', 'いや（しめる）', 'ひく（い）']",8
嘆,11,['タン'],"['なげ（かわしい）', 'なげ（く）']",14
器,11,['キ'],['うつわ'],16
墨,11,"['ボク', 'モク']",['すみ'],15
層,11,['ソウ'],['かさ（なる）'],15
悔,11,"['カイ', 'ケ']","['く（いる）', 'くや（しい）', 'く（やむ）']",10
憎,11,"['ゾウ', 'ソウ']","['にく（い）', 'にく（しみ）', 'にく（む）', 'にく（らしい）']",15
懲,11,['チョウ'],"['こ（らしめる）', 'こ（らす）', 'こ（りる）']",19
徵,11,"['チョウ', 'チ']","['しるし', 'め（す）']",15
敏,11,['ビン'],"['さと（い）', 'と（し）']",11
暑,11,['ショ'],['あつ（い）'],13
梅,11,['バイ'],['うめ'],11
海,11,['カイ'],['うみ'],10
渚,11,['ショ'],"['なぎさ', 'みぎわ']",12
漢,11,['カン'],"['おとこ', 'から']",14
煮,11,['シャ'],"['に（える）', 'に（やす）', 'に（る）']",13
琢,11,['タク'],['みが（く）'],12
碑,11,['ヒ'],['いしぶみ'],13
社,11,"['シャ', 'ジャ']",['やしろ'],8
祈,11,['キ'],['いの（る）'],9
祉,11,['シ'],['さいわ（い）'],9
祐,11,['ユウ'],"['たす（け）', 'たす（ける）']",10
祖,11,['ソ'],"['おや', 'じじ', 'はじ（め）']",10
祝,11,"['シュク', 'シュウ']","['いわ（う）', 'た（つ）', 'の（る）', 'のろ（う）']",10
禍,11,['カ'],"['まが', 'わざわ（い）']",14
禎,11,['テイ'],['さいわ（い）'],14
穀,11,['コク'],[],15
突,11,['トツ'],['つ（く）'],9
節,11,"['セツ', 'セチ']","['ふし', 'ノット', 'みさお']",15
練,11,['レン'],"['ね（る）', 'ねりぎぬ']",15
繁,11,['ハン'],"['しげ（る）', 'わずら（わしい）']",17
署,11,['ショ'],"['しる（す）', 'やくわり']",14
著,11,"['チョ', 'ジャク', 'チャク']","['あらわ（す）', 'いちじる（しい）', 'き（る）', 'つ（く）']",12
視,11,['シ'],['み（る）'],12
謁,11,['エツ'],['まみ（える）'],16
謹,11,['キン'],['つつし（む）'],18
賓,11,['ヒン'],"['したが（う）', 'まろうど']",14
逸,11,"['イツ', 'イチ']","['うしな（う）', 'すぐ（れる）', 'そ（らす）', 'そ（れる）', 'はぐ（れる）', 'はし（る）', 'はや（る）']",12
響,11,['キョウ'],"['ひび（く）', 'どよ（めく）']",22
增,11,"['ゾウ', 'ソウ']","['ふ（える）', 'ふ（やす）', 'ま（す）']",15
寬,11,['カン'],"['くつろ（ぐ）', 'ひろ（い）', 'ゆる（やか）']",14
萈,-1,['カン'],[],11
德,11,['トク'],[],15
橫,11,"['オウ', 'コウ']","['よこ', 'よこ（たわる）']",16
瀨,11,['ライ'],['せ'],19
綠,11,"['リョク', 'ロク']",['みどり'],14
緖,11,"['ショ', 'チョ']","['お', 'いとぐち']",15
薰,11,['クン'],"['かお（る）', 'かおりぐさ', 'た（く）']",17
俠,1,['キョウ'],"['おとこだて', 'きゃん']",9
俱,1,"['ク', 'グ']",['とも（に）'],10
吞,1,"['トン', 'ドン']",['の（む）'],7
揭,11,['ケイ'],['かか（げる）'],12
摑,1,['カク'],['つか（む）'],14
擊,11,"['ゲキ', 'ケキ']",['う（つ）'],17
晚,11,['バン'],"['おそ（い）', 'く（れ）']",11
曆,11,"['レキ', 'リャク']",['こよみ'],16
厤,-1,,,-1
涉,11,['ショウ'],"['かか（わる）', 'わた（る）']",10
淚,11,['ルイ'],['なみだ'],11
戾,11,['レイ'],"['もど（す）', 'もど（る）', 'いた（る）', 'もと（る）']",8
渴,11,"['カツ', 'ケツ']","['かわ（く）', 'むさぼ（る）']",12
焰,1,['エン'],"['ほのお', 'も（える）']",12
狀,11,['ジョウ'],"['かきつけ', 'かたち']",8
瘦,11,"['ソウ', 'シュウ']","['や（せる）', 'こ（ける）', 'ほそ（い）']",15
禱,1,['トウ'],"['いの（る）', 'まつ（る）']",19
簞,1,['タン'],"['はこ', 'ひさご', 'わりご']",18
繡,1,['シュウ'],"['うつく（しい）', 'にしき', 'ぬいとり']",19
繫,1,['ケイ'],"['か（かる）', 'きずな', 'つな（がる）', 'つな（ぐ）', 'とら（える）']",19
萊,1,['ライ'],"['あかざ', 'あれち']",11
蔣,1,['ショウ'],['まこも'],14
蟬,1,"['セン', 'ゼン']","['うつく（しい）', 'せみ', 'つづ（く）']",18
蠟,1,['ロウ'],[],21
醬,1,['ショウ'],"['ししびしお', 'ひしお']",18
錄,11,"['ロク', 'リョ', 'リョク']",['しる（す）'],16
鍊,11,['レン'],['ね（る）'],17
鷗,1,['オウ'],['かもめ'],22
剝,2,"['ハク', 'ホク']","['は（がす）', 'は（がれる）', 'は（ぐ）', 'は（げる）', 'と（る）', 'む（く）']",10
頰,2,['キョウ'],['ほお'],16
塡,2,"['テン', 'チン']","['うず（まる）', 'うず（める）', 'は（まる）', 'は（める）', 'ふさ（がる）', 'ふさ（ぐ）']",13
鸖,-1,['カク'],['つる'],27
啞,1,"['ア', 'アク']","['ああ', 'おし', 'わら（う）']",11
麴,1,['キク'],"['こうじ', 'さけ']",19
噓,1,['キョ'],"['うそ', 'は（く）', 'ふ（く）']",15
軀,1,['ク'],"['からだ', 'むくろ']",18
鹼,1,"['カン', 'ケン']","['あく', 'しおけ']",24
嚙,1,"['ゲツ', 'ゴウ']","['かじ（る）', 'か（む）']",18
搔,1,['ソウ'],['か（く）'],13
驒,1,"['タ', 'ダ', 'タン']",[],22
囊,1,"['ドウ', 'ノウ']",['ふくろ'],22
瀆,1,"['トウ', 'トク']","['あなど（る）', 'けが（す）', 'みぞ']",18
潑,1,['ハツ'],"['そそ（ぐ）', 'は（ねる）']",15
醱,1,['ハツ'],['かも（す）'],19
屢,1,['ル'],['しばしば'],14
刱,1,"['ショウ', 'ソウ']",['はじ（める）'],8
勖,1,"['キョク', 'コク']","['つと（める）', 'はげ（ます）']",11
姸,1,"['ケン', 'ゲン']",['うつく（しい）'],9
姮,1,['コウ'],[],9
屛,1,"['ビョウ', 'ヘイ']","['おお（う）', 'かき', 'しりぞ（く）', 'しりぞ（ける）', 'ついたて']",11
屭,1,['キ'],['ひいき'],24
拋,1,['ホウ'],"['なげう（つ）', 'な（げる）', 'ほう（る）']",8
攢,1,['サン'],"['あつ（まる）', 'あつ（める）', 'むら（がる）']",22
鴥,1,['イツ'],['はや（い）'],16
鶪,1,"['ケキ', 'ゲキ']",['もず'],20
蜹,1,['ゼイ'],"['ぶと', 'ぶゆ', 'ぶよ']",13
芮,-1,['ゼイ'],[],7
槔,1,['コウ'],['はねつるべ'],14
櫱,1,['ゲツ'],['ひこばえ'],20
辥,-1,['セツ'],[],16
腁,1,"['ヘン', 'ベン']","['あかぎれ', 'たこ']",12
輀,1,['ジ'],['ひつぎぐるま'],13
騈,1,"['ヘン', 'ベン']","['なら（ぶ）', 'なら（べる）']",18
筓,1,['ケイ'],"['こうがい', 'かんざし']",12
麤,1,['ソ'],"['あら（い）', 'おお（きい）', 'くろごめ', 'ほぼ']",33
籒,1,['チュウ'],['よ（む）'],21
㩅,-1,,,-1
髥,1,['ゼン'],"['ひげ', 'ほおひげ']",14
冄,-1,,,-1
繈,1,['キョウ'],"['せおいおび', 'むつき']",17
纘,1,['サン'],"['あつ（める）', 'つ（ぐ）']",25
衮,1,['コン'],[],10
畬,1,"['シャ', 'ヨ']","['あらた', 'やきはた']",12
篡,1,"['サン', 'セン']","['うば（う）', 'と（る）']",16
孶,1,"['シ', 'ジ']","['う（む）', 'しげ（る）', 'つと（める）']",12
幫,1,['ホウ'],"['たす（ける）', 'なかま']",17
瑇,1,['タイ'],[],13
逬,1,"['ヘイ', 'ホウ']","['たばし（る）', 'はし（る）', 'ほとばし（る）']",12
灩,-1,['エン'],[],31
豔,-1,['エン'],"['つや', 'あで（やか）', 'うらや（む）', 'なまめ（かしい）']",28
灎,-1,['エン'],[],26
澧,-1,,,-1
灔,-1,['エン'],[],22
籲,-1,['ユ'],[],32
龥,-1,['ユ'],[],26
䯂,-1,['シン'],[],34
齾,-1,['ガツ'],[],35
齉,-1,"['ドウ', 'ナン', 'ノウ']",[],36
㵎,1,"['カン', 'ケン']","['たに', 'たにみず']",15
荆,1,['ケイ'],"['いばら', 'むち']",9
茾,-1,,,-1
毗,1,"['ヒ', 'ビ']",['たす（ける）'],9
蝱,1,"['ボウ', 'モウ']",['あぶ'],15
盌,1,['ワン'],[],10
麵,11,"['ベン', 'メン']",['むぎこ'],20
俞,1,['ユ'],"['いよいよ', 'しか（り）']",9
麇,1,"['キン', 'クン']","['くじか', 'のろ', 'むら（がる）']",16
劄,1,"['サツ', 'トウ']","['さ（す）', 'しる（す）', 'もうしぶみ']",14
沪,1,"['リョ', 'ロ']",['こ（す）'],7
躃,1,['ヘキ'],['いざ（る）'],20
榆,1,['ユ'],['にれ'],13
蜋,1,['ロウ'],[],13
晳,1,['セキ'],['あき（らか）'],12
晣,1,"['セイ', 'セツ']","['あき（らか）', 'かしこ（い）']",11
鴂,1,"['ゲキ', 'ケツ']",['もず'],15
捓,1,['ヤ'],['からか（う）'],10
卹,1,"['シュツ', 'ジュツ']","['あわ（れむ）', 'うれ（える）', 'めぐ（む）']",8
埳,1,['カン'],['あな'],11
删,1,['サン'],"['えら（ぶ）', 'けず（る）']",7
黅,-1,['キン'],[],16
黆,-1,['コウ'],[],16
黇,-1,['テン'],[],17
黈,-1,['トウ'],[],17
黋,-1,['コウ'],[],18
黕,-1,"['タン', 'チン']",[],16
黚,-1,['ケン'],[],17
黱,-1,['タイ'],"['かきまゆ', 'まゆ', 'まゆずみ']",22
黟,-1,"['イ', 'エイ']",[],18
黣,-1,['バイ'],[],19
黤,-1,"['アン', 'エン']",[],20
黦,-1,"['エツ', 'オチ']",[],20
䵟,-1,['カン'],[],15
黧,-1,"['ライ', 'リ', 'レイ']",['つじ（む）'],20
黭,-1,['アン'],[],21
弇,-1,,,-1
黬,-1,"['カン', 'ガン']",[],21
黮,-1,"['タン', 'シン']",[],21
黰,-1,['シン'],[],22
黳,-1,['エイ'],[],23
黵,-1,"['セン', 'タン']",[],25
黸,-1,['ロ'],[],28
黿,-1,['ゲン'],['おおがめ'],17
鼂,-1,['チョウ'],[],18
鼃,-1,"['ア', 'カイ', 'ワイ']",['かえる'],19
䵷,-1,"['ア', 'カイ', 'ワイ']",['かえる'],19
鼅,-1,['チ'],[],21
䵹,-1,['チ'],[],24
鼉,-1,['タ'],[],25
㽞,-1,"['リュウ', 'ル']","['と（まる）', 'と（める）', 'とど（まる）', 'とど（める）']",11
龞,-1,"['ヘツ', 'ベツ']",['すっぽん'],28
鱉,-1,"['ヘツ', 'ベツ']",['すっぽん'],23
鼑,-1,['テイ'],"['かなえ', 'まさ（に）']",15
鼐,-1,['ダイ'],[],15
鼏,-1,['ベキ'],[],15
鼒,-1,"['サイ', 'シ']",[],16
䵻,-1,['セイ'],[],24
鼗,-1,['トウ'],['ふりつづみ'],19
鼖,-1,['フン'],['おおつづみ'],18
䩿,-1,['フン'],['おおつづみ'],21
鼛,-1,['コウ'],[],21
鼚,-1,['チョウ'],[],21
鼙,-1,['ヘイ'],"['こつづみ', 'せめつづみ']",21
鼟,-1,['トウ'],[],25
丌,-1,['キ'],[],3
丄,-1,"['ジョウ', 'ショウ']","['あ（がる）', 'あ（げる）', 'うえ', 'うわ', 'かみ', 'のぼ（る）', 'のぼ（す）', 'のぼ（せる）', 'たてまつ（る）', 'ほとり']",2
馯,-1,['カン'],['あらうま'],13
丒,-1,['チュウ'],['うし'],4
㐀,-1,['キュウ'],['おか'],5
坵,-1,['キュウ'],['おか'],8
卋,-1,"['セ', 'セイ']",['よ'],6
歖,-1,['キ'],['よろこ（ぶ）'],16
㐂,-1,['キ'],['よろこ（ぶ）'],6
丟,-1,['チュウ'],[],6
㐁,-1,['テン'],[],6
两,-1,['リョウ'],['ふた（つ）'],7
傡,-1,['ヘイ'],"['なみ', 'なら（びに）', 'なら（ぶ）', 'なら（べる）']",12
髝,-1,['ロウ'],[],22
丯,-1,['カイ'],[],4
丮,-1,['ケキ'],[],4
丳,-1,['サン'],[],8
吕,-1,,,-1
乁,-1,['イ'],[],1
乄,-1,[],['しめ'],2
〆,-1,[],['しめ'],2
镹,-1,"['キュウ', 'ク']",['ひさ（しい）'],10
乆,-1,"['キュウ', 'ク']",['ひさ（しい）'],3
鼔,-1,['コ'],['つづみ'],13
鼢,-1,['フン'],[],17
鼩,-1,['ク'],[],18
鼨,-1,['シュウ'],[],18
鼪,-1,['セイ'],[],18
鼫,-1,['セキ'],[],18
鼧,-1,['タ'],[],18
鼥,-1,['ハツ'],[],18
䶄,-1,['ヘイ'],[],18
䶅,-1,"['カク', 'ラク']",[],19
鼯,1,['ゴ'],['むささび'],20
鼮,-1,['テイ'],[],20
鼱,-1,['セイ'],[],21
䰛,-1,['レキ'],[],15
㽁,-1,['レキ'],[],17
俼,-1,"['イク', 'シュク']","['かゆ', 'ひさ（ぐ）']",10
鼴,1,['エン'],"['もぐら', 'もぐらもち']",22
鼹,1,['エン'],"['もぐら', 'もぐらもち']",23
鼳,-1,['ケキ'],[],22
鼲,-1,['コン'],[],22
鼷,-1,['ケイ'],[],23
鼸,-1,['ケン'],[],23
䶉,-1,['リュウ'],[],23
鼺,-1,['ルイ'],[],28
鼼,-1,['ギョウ'],[],16
鼽,-1,['キュウ'],[],16
鼿,-1,['ゴツ'],[],17
䶊,-1,['ジク'],[],18
齁,-1,['コウ'],[],19
齃,-1,['アツ'],[],23
齆,-1,['オウ'],[],24
邕,-1,['ヨウ'],[],10
齅,-1,['キュウ'],['か（ぐ）'],24
齇,-1,['サ'],[],25
虘,-1,['サ'],[],11
齄,-1,['サ'],[],23
斊,-1,"['セイ', 'サイ', 'シ']","['ととの（える）', 'ひと（しい）', 'ものいみ']",10
亝,-1,"['セイ', 'サイ', 'シ']","['ととの（える）', 'ひと（しい）', 'ものいみ']",8
斋,-1,['サイ'],"['いつ（く）', 'つつし（む）', 'とき', 'ものいみ']",10
齌,-1,['セイ'],[],18
齍,-1,['シ'],[],19
虀,-1,"['サイ', 'セイ']","['あえもの', 'あ（える）', 'くだ（く）', 'なます']",22
䪡,-1,"['サイ', 'セイ']","['あえもの', 'あ（える）', 'くだ（く）', 'なます']",19
齓,-1,['シン'],"['はがわり', 'みそっぱ']",16
齕,-1,['コツ'],['かむ'],18
齖,-1,['ガ'],[],19
齘,-1,['カイ'],[],19
齗,-1,['ギン'],['はぐき'],19
䶗,-1,['カ'],[],20
齞,-1,['ゲン'],[],20
齴,-1,['ゲン'],[],24
齚,-1,['サク'],[],20
齰,-1,"['サ', 'サク']",[],23
齱,-1,"['サク', 'シュウ', 'スウ']",[],23
齭,-1,['ソ'],[],23
齳,-1,['グン'],[],24
齵,-1,"['グ', 'ゴウ']",[],24
齺,-1,"['サク', 'シュウ', 'スウ']",[],25
齻,-1,['テン'],[],25
齽,-1,['キン'],[],28
齼,-1,['ソ'],[],28
龒,-1,"['リュウ', 'リョウ', 'リン']",['たつ'],21
龏,-1,"['アク', 'キョウ']",[],19
龐,1,"['ホウ', 'ロウ']","['おお（きい）', 'みだ（れる）']",19
龎,-1,"['ホウ', 'ロウ']","['おお（きい）', 'みだ（れる）']",18
龑,-1,['エン'],[],20
龔,-1,['キョウ'],[],22
龖,-1,['トウ'],[],32
龗,-1,['レイ'],[],33
龣,-1,"['カク', 'ロク']",[],25
乒,-1,['ピン'],[],6
乓,-1,['パン'],[],6
椉,-1,"['ジョウ', 'ショウ']","['の（せる）', 'の（る）']",13
乜,-1,['バ'],[],2
乣,-1,['キュウ'],[],4
乩,-1,['ケイ'],['うらな（う）'],6
乵,-1,['エン'],[],8
乴,-1,['セツ'],[],8
乹,-1,"['カン', 'ケン']","['かわ（かす）', 'かわ（く）', 'いぬい', 'ひ', 'ほ（す）']",9
亁,-1,"['カン', 'ケン']","['かわ（かす）', 'かわ（く）', 'いぬい', 'ひ', 'ほ（す）']",12
叓,-1,"['ジ', 'ズ']","['こと', 'つか（える）']",7
㕝,-1,"['ジ', 'ズ']","['こと', 'つか（える）']",7
馵,-1,['シュ'],['ほだ（す）'],13
馲,-1,['タク'],[],13
馰,-1,['テキ'],[],13
駃,-1,"['カイ', 'ケツ']",[],14
馹,-1,['ジツ'],[],14
馺,-1,['ソウ'],[],14
馱,-1,"['ダ', 'タ']",['の（せる）'],13
馽,-1,['チュウ'],"['ほだ（し）', 'ほだ（す）']",14
駚,-1,['オウ'],[],15
駏,-1,['キョ'],[],15
駉,-1,['ケイ'],[],15
駔,-1,"['ソ', 'ソウ']",[],15
兦,-1,"['ボウ', 'モウ', 'ブ', 'ム']","['な（い）', 'うしな（う）', 'に（げる）', 'ほろ（びる）', 'ほろ（ぼす）']",3
亾,-1,"['ボウ', 'モウ', 'ブ', 'ム']","['な（い）', 'うしな（う）', 'に（げる）', 'ほろ（びる）', 'ほろ（ぼす）']",3
亯,-1,['キョウ'],"['あ（たる）', 'う（ける）', 'すす（める）']",9
駞,-1,"['タ', 'ダ']",['らくだ'],15
駓,-1,['ヒ'],[],15
駜,-1,['ヒツ'],[],15
駙,-1,['フ'],[],15
駰,-1,['イン'],[],16
駫,-1,['ケイ'],[],16
駬,-1,['ジ'],[],16
駪,-1,['シン'],[],16
駧,-1,['トウ'],[],16
駴,-1,['カイ'],[],17
騃,-1,"['ガイ', 'シ']",[],17
駽,-1,['ケン'],[],17
騂,-1,['セイ'],['あか（い）'],17
駾,-1,['タイ'],[],17
駼,-1,['ト'],[],17
駹,-1,['ボウ'],[],17
駵,-1,['リュウ'],[],17
丣,-1,['ユウ'],"['とり', 'ひよみのとり']",7
騮,-1,['リュウ'],[],20
驑,-1,['リュウ'],[],22
駠,-1,['リュウ'],[],15
騐,-1,"['ケン', 'ゲン']","['あかし', 'しるし', 'ため（す）']",18
騊,-1,['トウ'],[],18
騑,-1,['ヒ'],[],18
騋,-1,['ライ'],[],18
騄,-1,['リョク'],[],18
騢,-1,['カ'],[],19
騧,-1,['カ'],[],19
騞,-1,['カク'],[],19
砉,-1,"['カク', 'ケキ']",[],9
騤,-1,['キ'],[],19
䮝,-1,['コン'],[],19
騚,-1,['セン'],[],19
騣,-1,['ソウ'],[],19
騌,-1,['ソウ'],[],18
騠,-1,['テイ'],[],19
騖,-1,['ブ'],[],19
騱,-1,['ケイ'],[],20
騭,1,['シツ'],"['さだ（める）', 'のぼ（る）']",20
騶,-1,"['シュ', 'シュウ', 'スウ']",[],20
驁,-1,['ゴウ'],['おご（る）'],21
䮯,-1,['ゴウ'],['おご（る）'],21
驄,-1,['ソウ'],[],21
騘,-1,['ソウ'],[],19
䮰,-1,['タク'],[],21
驇,-1,['チ'],[],21
騺,-1,['チ'],[],21
驘,-1,['ラ'],['らば'],23
驈,-1,['イツ'],[],22
驊,-1,['カ'],[],20
驉,-1,['キョ'],[],22
驔,-1,['テン'],[],22
驋,-1,['ハツ'],[],22
驎,1,['リン'],[],23
驌,-1,['シュク'],[],23
驖,-1,['テツ'],[],23
驝,-1,['タク'],[],24
槖,-1,,,-1
馿,-1,"['リョ', 'ロ']","['うさぎうま', 'ろば']",14
蘎,-1,['キ'],[],19
騻,-1,['ソウ'],[],21
驦,-1,['ソウ'],[],27
骪,-1,['イ'],"['ま（がる）', 'ま（げる）']",13
骫,-1,['イ'],"['ま（がる）', 'ま（げる）']",13
骬,-1,['ウ'],[],13
骮,-1,['ヨク'],[],13
骱,-1,['カツ'],[],14
骯,-1,['コウ'],[],14
䯊,-1,['カ'],[],15
骷,-1,['コ'],[],15
骶,-1,['テイ'],[],15
骳,-1,"['ヒ', 'ビ']",[],15
骲,-1,"['ハク', 'ホウ']",[],15
骻,-1,['カ'],[],16
䯏,-1,['カツ'],[],16
䯒,-1,['コウ'],[],16
骹,-1,['コウ'],[],16
骺,-1,['コウ'],[],16
骴,-1,['シ'],[],16
骾,-1,['コウ'],[],17
髁,-1,['カ'],[],18
骿,-1,['ヘン'],[],18
髂,-1,"['カ', 'カク']",[],19
髃,-1,"['グ', 'ゴウ']",[],19
髇,-1,['コウ'],[],20
髊,-1,['シ'],[],20
髆,-1,['ハク'],[],20
髎,-1,['リョウ'],[],21
髐,-1,['コウ'],[],22
髒,-1,['ソウ'],[],22
髕,-1,['ヒン'],[],24
臏,-1,['ヒン'],[],18
髖,-1,['カン'],[],24
髙,-1,['コウ'],"['たか', 'たか（い）', 'たか（まる）', 'たか（める）']",11
䯨,-1,"['カク', 'コウ']",[],13
髛,-1,['コウ'],[],15
髜,-1,['キョウ'],[],18
髡,-1,['コン'],['そ（る）'],13
髠,-1,['コン'],['そ（る）'],12
髨,-1,['コン'],['そ（る）'],14
䯰,-1,['カイ'],[],14
髧,-1,['タン'],[],14
頾,-1,['シ'],"['くちひげ', 'ひげ']",18
髬,-1,['ヒ'],[],15
髲,-1,['ヒ'],[],15
髳,-1,['ボウ'],[],15
髺,-1,['カツ'],[],16
髹,-1,['キュウ'],[],16
髤,-1,['キュウ'],[],14
髵,-1,['ジ'],[],16
髽,-1,['サ'],[],17
髿,-1,['サ'],[],17
髾,-1,['ソウ'],[],17
髼,-1,['ホウ'],[],17
鬔,-1,['ホウ'],[],21
鬁,-1,['リ'],[],17
鬈,-1,['ケン'],[],18
鬄,-1,"['セキ', 'テイ', 'テキ']",[],18
鬃,-1,['ソウ'],[],18
鬅,-1,['ホウ'],[],18
䰀,-1,['ワ'],[],18
鬍,-1,['コ'],[],19
鬋,-1,['セン'],[],19
鬉,-1,['ソウ'],[],19
鬌,-1,"['タ', 'ツイ']",['すずしろ'],19
鬎,-1,['ラツ'],[],19
鬐,-1,['キ'],[],20
鬒,-1,['シン'],[],20
鬑,-1,['レン'],[],20
鬖,-1,['サン'],[],21
鬜,-1,['カン'],[],22
鬙,-1,['ソウ'],[],22
鬠,-1,"['カイ', 'カツ']",[],23
髩,-1,"['ヒン', 'ビン']",[],14
鬂,-1,"['ヒン', 'ビン']",[],17
䰒,-1,['ボウ'],[],23
䰐,-1,['ラン'],[],25
鬛,-1,['リョウ'],['たてがみ'],22
龱,-1,,,-1
㲱,-1,['リョウ'],['たてがみ'],19
鬤,-1,['ジョウ'],[],27
䦧,-1,"['ケキ', 'ゲキ']",['せめ（ぐ）'],16
闀,-1,['コウ'],[],17
鬫,-1,['カン'],[],22
䰗,-1,['キュウ'],"['くじ', 'たたかいと（る）']",21
䦰,-1,['キュウ'],"['くじ', 'たたかいと（る）']",19
鬴,-1,['フ'],[],17
鬵,-1,"['シン', 'セン']",[],18
兓,-1,,,-1
鬷,-1,['ソウ'],['あつ（まる）'],19
鬹,-1,['キ'],[],21
鬺,-1,['ショウ'],['に（る）'],21
鬽,-1,"['ミ', 'ビ']","['すだま', 'もののけ']",13
鬾,-1,['キ'],[],14
鬿,-1,['キ'],[],14
䰟,-1,['コン'],"['たましい', 'たま']",14
䰠,-1,['シン'],[],15
魈,-1,['ショウ'],['すだま'],17
魌,-1,['キ'],['みにく（い）'],18
魋,-1,"['タイ', 'ツイ']",[],18
魊,-1,['ヨク'],[],18
䰥,-1,['ヨク'],[],18
魕,-1,['キ'],[],22
魖,-1,['キョ'],[],22
魗,-1,['シュウ'],[],24
䰲,-1,['アツ'],[],12
魞,1,[],['えり'],13
魛,-1,['トウ'],['えつ'],13
魟,-1,['コウ'],[],14
䰵,-1,['シ'],[],14
魡,-1,"['チョウ', 'テキ']",[],14
魪,-1,['カイ'],[],15
䰻,-1,['ギョ'],[],15
魥,-1,"['キョウ', 'ゴウ']",[],15
魭,-1,"['ガン', 'ゲン']",[],15
魧,-1,['コウ'],[],15
魦,-1,['サ'],"['いさざ', 'さめ']",15
魣,-1,"['ショ', 'ヨ']",['かます'],15
魳,1,"['シ', 'ソウ']",['かます'],15
魫,-1,"['シン', 'チン']",[],15
魶,-1,['ドウ'],[],15
魹,-1,[],['とど'],15
魨,-1,['トン'],[],15
魸,1,[],['なまず'],15
䰽,-1,['ハイ'],[],15
魬,1,"['ハン', 'バン']",['はまち'],15
魮,-1,['ヒ'],[],15
魵,-1,['フン'],[],15
䰷,-1,['ホウ'],[],15
魷,-1,['ユウ'],[],15
䱀,-1,['オウ'],[],16
魼,-1,['キョ'],[],16
鮔,-1,['キョ'],[],16
䱁,-1,['キョウ'],[],16
鮏,-1,['セイ'],['さけ'],16
鯹,-1,['セイ'],['さけ'],20
鮀,-1,['タ'],[],16
鮐,-1,['タイ'],['ふぐ'],16
鮊,-1,"['ハ', 'ハク']",[],16
鮁,-1,['ハツ'],[],16
鮍,-1,['ヒ'],[],16
魾,-1,['ヒ'],[],16
鮇,1,['ビ'],['いわな'],16
鮅,-1,['ヒツ'],[],16
鮄,-1,['フツ'],[],16
鮋,-1,"['チュウ', 'ユウ']",[],16
䱂,-1,"['ユウ', 'ヨウ']",[],16
魿,-1,"['リン', 'レイ']",[],16
鮣,-1,['イン'],[],17
鮱,1,[],['おおぼら'],17
鮰,-1,['カイ'],[],17
鮚,-1,['キツ'],[],17
鮬,-1,['コ'],['せいご'],17
鮯,-1,['コウ'],[],17
䱎,-1,['コウ'],[],17
䱍,-1,['コウ'],[],17
䱭,-1,['コウ'],[],20
䲛,-1,['ボウ'],[],26
瞢,-1,['ボウ'],[],15
䱈,-1,"['キ', 'ゲイ', 'シ']",['すし'],16
鮆,-1,['セイ'],['えつ'],17
鱭,-1,['セイ'],['えつ'],25
鮞,-1,"['ジ', 'ジク']",['はららご'],17
鮛,-1,['シュク'],[],17
鮡,-1,['チョウ'],[],17
鮧,-1,"['イ', 'テイ']",[],17
鮦,-1,"['チュウ', 'トウ']",[],17
鮩,-1,"['ヘイ', 'ホウ']",[],17
鮲,1,[],"['こち', 'まて']",17
鮥,-1,['ラク'],[],17
鮤,-1,['レツ'],[],17
鯎,1,[],['うぐい'],18
鯇,-1,['カン'],[],18
鰀,-1,['カン'],[],20
鯁,-1,['コウ'],['のぎ'],18
鮌,-1,['コン'],[],16
鯋,-1,['サ'],['はぜ'],18
鮺,-1,['サ'],[],18
鮻,-1,['サ'],[],18
䱗,-1,['サン'],[],18
鮼,-1,['シン'],[],18
鯐,1,[],['すばしり'],18
鮾,-1,['ダイ'],['あざ（る）'],18
鯘,-1,['ダイ'],['あざ（る）'],19
鮵,-1,['タツ'],[],18
鮿,-1,['チョウ'],[],18
鮷,-1,['テイ'],[],18
䱐,-1,['フ'],[],18
鮸,1,"['ベン', 'メン']",['にべ'],18
䵑,-1,['ジツ'],[],15
䵒,-1,['ジツ'],[],16
鯈,-1,"['チョウ', 'チュウ', 'ユウ']",[],18
䱒,-1,['ヨウ'],[],18
䱌,-1,['イ'],[],18
䱤,-1,['カン'],[],19
鯕,-1,['キ'],[],19
䱡,-1,['キク'],[],19
䱟,-1,['キョ'],[],19
鯝,-1,['コ'],[],19
䱜,-1,"['サク', 'シャク']",[],19
鯞,-1,['シュウ'],[],19
䱙,-1,['シュク'],[],19
鯧,-1,['ショウ'],['まながつお'],19
䱽,-1,['ショウ'],['まながつお'],21
鯗,-1,['ショウ'],['ふか'],19
鮝,-1,['ショウ'],['ふか'],17
鯜,-1,['ショウ'],[],19
鯳,-1,[],['すけとうだら'],19
鯯,-1,['セイ'],"['このしろ', 'さっぱ']",19
䱥,-1,['セイ'],"['このしろ', 'さっぱ']",19
鯫,-1,"['シュ', 'ソウ']",[],19
鯮,-1,['ソウ'],[],19
鮉,-1,['チョウ'],['たい'],16
鯟,-1,['トウ'],[],19
鯥,-1,['リク'],['むつ'],19
鯪,-1,['リョウ'],[],19
鯩,-1,['リン'],[],19
鰋,-1,['エン'],['なまず'],20
鰅,-1,"['ギョウ', 'グ']",[],20
鯸,-1,['コウ'],[],20
鯶,-1,['コン'],[],20
鰙,1,['ジャク'],"['はえ', 'はや', 'わかさぎ']",19
鰇,-1,['ジュウ'],[],20
鯺,-1,['ショ'],[],20
鯽,-1,"['ショク', 'セキ', 'ソク']",[],20
鯼,-1,['ソウ'],[],20
鰂,-1,['ソク'],[],20
鰖,-1,['タ'],['たかべ'],20
鯷,-1,['テイ'],"['しこ', 'ひしこ']",20
䱱,-1,['テイ'],[],20
鰚,1,[],['はらか'],20
鰏,-1,['ヒョク'],[],20
鯾,-1,['ヘン'],[],20
鯿,-1,['ヘン'],[],20
鰘,1,[],['むろあじ'],20
鰑,-1,['ヨウ'],[],20
鰞,-1,"['ウ', 'オ']",[],21
鰪,-1,['オウ'],[],21
䱵,-1,['オウ'],[],21
䱻,-1,['カツ'],[],21
鰜,-1,['ケン'],[],21
鰬,-1,['ケン'],[],21
鰝,-1,['コウ'],[],21
䱹,-1,['サ'],[],21
鰣,-1,['シ'],"['えそ', 'はす', 'ひら']",21
鰦,-1,['シ'],[],20
鰠,-1,['ソウ'],[],21
鰧,1,['トウ'],['おこぜ'],21
鰨,-1,['トウ'],[],21
鰢,-1,['バ'],[],21
鰟,-1,['ホウ'],[],21
鰩,-1,['ヨウ'],[],21
鰫,-1,['ヨウ'],[],21
䲁,-1,['イ'],[],22
鰴,-1,['キ'],[],22
䲅,-1,['キ'],[],22
鰶,-1,['セイ'],['このしろ'],22
鰼,-1,['シュウ'],[],22
鰽,-1,['シュウ'],[],22
鱃,-1,['シュウ'],[],22
鱂,-1,['ショウ'],[],22
鰷,-1,['チョウ'],[],22
䱔,-1,['チョウ'],[],18
鰿,-1,['セキ'],[],22
鱄,-1,"['セン', 'タン']",[],22
䲃,-1,['ソウ'],[],22
鱁,-1,['チク'],[],22
鰵,-1,['ビン'],[],22
鱅,-1,['ヨウ'],[],22
鰱,-1,['レン'],['たなご'],22
鰳,-1,['ロク'],[],22
鱊,-1,['イツ'],['いさざ'],23
鱛,1,[],['えそ'],23
鱎,-1,['キョウ'],[],23
鱖,-1,"['ケイ', 'ケツ']",[],23
鱑,-1,['コウ'],[],23
鱏,1,"['シン', 'ジン']",['えい'],23
鱘,-1,['シン'],[],23
鱓,1,"['セン', 'タ']","['うつぼ', 'ごまめ']",23
䱇,-1,"['セン', 'タ']","['うつぼ', 'ごまめ']",16
鱔,-1,['セン'],[],23
鱍,-1,['ハツ'],[],23
鱕,-1,['ハン'],[],23
鱫,-1,['アイ'],[],24
鱜,-1,['キョウ'],[],24
鱞,-1,['カン'],[],24
鱤,-1,['カン'],[],24
鱥,-1,['ケイ'],[],24
鱟,1,"['コウ', 'ゴウ']",['かぶとがに'],24
鱪,-1,[],['しいら'],24
鱰,-1,[],['しいら'],25
鱐,-1,['シュク'],[],24
鱢,-1,['ソウ'],[],24
鱣,-1,"['セン', 'テン']",[],24
鱩,1,[],['はたはた'],24
鱝,-1,['フン'],['えい'],23
鱯,-1,"['カク', 'コ']",[],24
鱮,-1,['ショ'],['たなご'],24
鱨,-1,['ショウ'],[],25
鱵,-1,['シン'],['さより'],26
鱴,-1,['ベツ'],[],25
鱲,1,['リョウ'],['からすみ'],26
鱷,-1,['ガク'],['わに'],27
噩,-1,,,-1
魲,-1,['ロ'],['すずき'],15
鱺,-1,['レイ'],[],30
鱻,-1,['セン'],[],33
䲆,-1,,,-1
鳦,-1,['イツ'],['つばめ'],12
鳱,-1,['カン'],[],14
鳲,-1,['シ'],[],14
䲦,-1,['タイ'],[],14
䲰,-1,['ウン'],[],15
鳿,-1,['ギョク'],[],15
鳹,-1,['キン'],[],15
鳸,-1,['コ'],[],15
鳷,-1,['シ'],[],15
鳾,-1,['シ'],[],15
鴋,-1,['ホウ'],[],15
鴐,-1,['カ'],[],16
鴚,-1,['カ'],[],16
鴞,-1,"['キョウ', 'ヨウ']",['ふくろう'],16
鴝,-1,"['ク', 'コウ']",[],16
鸜,-1,['ク'],[],29
䳅,-1,['シ'],[],16
鵌,-1,['ト'],[],18
鴑,-1,"['ジョ', 'ド']",[],16
䲹,-1,['ヒ'],[],16
鴘,-1,['ヘン'],[],16
䳇,-1,['ム'],[],16
鴢,-1,['オウ'],[],16
鴗,-1,['リュウ'],[],16
鴳,-1,['アン'],[],17
鴰,-1,['カツ'],[],17
鵂,-1,['キュウ'],[],17
䳎,-1,['キュウ'],[],17
䳍,-1,['キョウ'],[],17
䧻,-1,['コウ'],"['いえばと', 'どばと', 'はと']",14
鴴,-1,['コウ'],['ちどり'],17
鴲,-1,['シ'],['しめ'],17
鴜,-1,['シ'],[],17
鴯,-1,['ジ'],[],17
鷾,-1,['イ'],[],24
鶓,-1,['ビョウ'],[],19
鴸,-1,"['シュ', 'チュ']",[],17
鵀,-1,['ジン'],[],17
鴽,-1,['ジョ'],[],17
鴺,-1,"['イ', 'テイ']",[],17
鶘,-1,['コ'],[],20
鵃,-1,"['チョウ', 'トウ']",[],17
䑠,-1,['リョウ'],[],8
鵇,1,[],['とき'],17
䳑,-1,['ユウ'],['あじ'],17
鵅,-1,"['カク', 'ラク']",[],17
鴷,-1,['レツ'],[],17
䳘,-1,['ガ'],['がちょう'],18
鵥,1,[],['かけす'],18
鵟,-1,['キョウ'],[],18
䳌,-1,['ケン'],['ほととぎす'],17
鵊,-1,['コウ'],[],18
鵔,-1,['シュン'],[],18
鵕,-1,['シュン'],[],18
鵢,-1,['シン'],[],18
鵚,-1,['トク'],[],18
鵓,-1,"['ホツ', 'ボツ']",[],18
鵒,-1,['ヨク'],[],18
鵣,-1,['ライ'],[],18
鵪,-1,['アン'],[],19
鶕,-1,['アン'],[],20
䨄,-1,['アン'],[],19
酓,-1,['エン'],[],11
鶍,1,[],['いすか'],19
鵷,-1,['エン'],[],19
鶵,-1,"['ス', 'スウ']","['ひな', 'ひよこ']",21
鶾,-1,['カン'],[],21
鵸,-1,['キ'],[],19
䳜,-1,['ヨ'],[],18
䳢,-1,['キ'],[],19
鵋,-1,['キ'],[],18
鶎,1,[],['きくいただき'],19
鶋,-1,['キョ'],[],19
鶢,-1,['エン'],[],20
鶌,-1,['クツ'],[],19
雞,-1,['ケイ'],"['にわとり', 'とり']",18
鶂,-1,"['ゲイ', 'ゲキ']",[],19
鶃,-1,"['ゲイ', 'ゲキ']",[],19
鵳,-1,['ケン'],[],19
鵼,-1,['コウ'],['ぬえ'],19
鶊,-1,['コウ'],[],19
鵾,-1,['コン'],[],19
䧿,-1,['ジャク'],['かささぎ'],16
鵻,-1,['スイ'],[],19
鶄,1,['セイ'],[],19
鵫,-1,"['タク', 'トウ']",[],19
鵽,-1,['タツ'],[],19
鵰,-1,['チョウ'],"['え（る）', 'きざ（む）', 'ほ（る）', 'わし']",19
鵩,-1,['フク'],[],19
䳤,-1,['ヘツ'],[],19
鶆,-1,['ライ'],[],19
䴈,-1,['オウ'],[],24
鵹,-1,['リ'],[],19
鶡,-1,['カツ'],[],20
鶖,-1,['シュウ'],[],20
鶒,-1,['チョク'],[],20
鸂,-1,['ケイ'],[],24
鷘,-1,['チョク'],[],22
鶙,-1,['テイ'],[],20
鶗,-1,"['シ', 'テイ']",[],20
鶥,-1,['ビ'],[],20
鷃,-1,['アン'],[],21
鸎,-1,['オウ'],['うぐいす'],25
鶮,-1,"['カク', 'コク']",[],21
鶷,-1,['カツ'],[],21
鷊,-1,['ゲキ'],[],21
鶼,-1,['ケン'],[],21
鶱,-1,['ケン'],[],21
鷇,-1,['コウ'],[],21
鶿,-1,['シ'],[],20
鷀,-1,['シ'],[],20
鸕,-1,['ロ'],[],27
鶽,-1,['シュン'],[],21
鶬,-1,"['ショウ', 'ソウ']",[],21
鷉,-1,['テイ'],[],21
鷿,-1,['ヘキ'],[],24
鸊,-1,['ヘキ'],[],24
鶹,-1,['リュウ'],[],21
鷖,-1,['エイ'],[],22
鷠,-1,['ギョ'],[],22
鷔,-1,['ゴウ'],[],22
鷟,-1,['サク'],[],22
鸑,-1,['ガク'],[],25
鷐,-1,['シン'],[],22
鷞,-1,['ソウ'],[],22
鷫,-1,['シュク'],[],24
鷕,-1,"['イ', 'ヨウ']",[],22
鷚,-1,['リュウ'],[],22
鷧,-1,['イ'],[],23
鷣,-1,['イン'],[],23
鷰,-1,['エン'],"['くつろ（ぐ）', 'さかもり', 'つばめ']",23
䴏,-1,['エン'],"['くつろ（ぐ）', 'さかもり', 'つばめ']",27
鷴,-1,['カン'],[],23
鷳,-1,['カン'],[],23
鷮,-1,['キョウ'],[],23
鷢,-1,['ケツ'],[],23
鷥,-1,['シ'],[],23
鷩,-1,"['ヘイ', 'ヘツ']",[],23
䴉,-1,['カン'],[],24
䴋,-1,['カン'],[],24
鸃,-1,['ギ'],[],24
䴊,-1,['ギ'],[],24
鸀,-1,['ショク'],[],24
鸇,-1,['セン'],['さしば'],24
䴅,-1,['フン'],[],23
䴇,-1,['レイ'],[],24
鴼,-1,['ロ'],['さぎ'],17
鸐,-1,"['タク', 'テキ']",[],25
鸋,-1,['ネイ'],[],25
鸍,-1,['ビ'],[],25
䴌,-1,['ボウ'],[],24
鸏,-1,['ボウ'],[],24
鸒,-1,['ヨ'],[],24
鸓,-1,['ルイ'],[],26
鸙,-1,['ヤク'],[],28
鸝,-1,['リ'],[],30
鹺,-1,['サ'],[],21
醎,-1,['カン'],"['から（い）', 'しおから（い）', 'しおけ']",16
鹻,-1,['カン'],[],21
麂,-1,['キ'],[],13
麀,-1,['ユウ'],[],13
䴠,-1,"['オウ', 'ヨウ']",[],15
麃,-1,"['ヒョウ', 'ホウ']",[],15
麅,-1,['ホウ'],[],16
麆,-1,['ソ'],[],16
麎,-1,['シン'],[],18
麐,-1,['リン'],[],18
麏,-1,"['キン', 'クン']","['くじか', 'のろ', 'むら（がる）']",18
麖,-1,['ケイ'],[],19
麠,-1,['ケイ'],[],24
䴡,-1,"['レイ', 'リ']","['うるわ（しい）', 'うら（ら）', 'うら（らか）', 'つら（なる）', 'なら（ぶ）']",15
严,-1,,,-1
麚,-1,['カ'],[],20
麙,-1,['カン'],[],20
麘,-1,"['キョウ', 'コウ']",[],20
麛,-1,['ベイ'],[],20
麞,-1,['ショウ'],"['くじか', 'のろ']",22
麢,-1,['レイ'],[],28
麄,-1,['ソ'],"['あら（い）', 'おお（きい）', 'くろごめ', 'ほぼ']",15
麧,-1,['コツ'],[],14
麨,-1,['ショウ'],['はったい'],15
麬,-1,['フ'],['ふすま'],16
䴸,-1,['フ'],['ふすま'],18
麮,-1,['キョ'],[],16
䴴,-1,['ネン'],[],16
䴵,-1,['ヘイ'],[],18
麰,-1,['ボウ'],[],17
䴹,-1,['カ'],[],19
麯,-1,['キク'],"['こうじ', 'さけ']",17
䴺,-1,['ホウ'],[],19
麳,-1,['ライ'],[],19
麷,-1,['ホウ'],[],29
䵄,-1,['ホウ'],[],24
蔴,-1,"['マ', 'バ']","['あさ', 'しび（れる）']",14
麽,-1,"['バ', 'マ', 'モ']",[],14
黂,-1,['フン'],[],23
靣,-1,"['メン', 'ベン']","['おも', 'おもて', 'つら', 'そむ（く）', 'も']",8
䩉,-1,"['フ', 'ホ']",[],16
靧,-1,['カイ'],[],21
靪,-1,['テイ'],[],11
靬,-1,"['カン', 'ケン']",[],12
靮,-1,['テキ'],[],12
靷,-1,['イン'],[],13
靳,-1,['キン'],[],13
靲,-1,['キン'],[],13
靸,-1,['ソウ'],[],13
靶,-1,['ハ'],[],13
靾,-1,"['エイ', 'セツ']",[],14
靿,-1,['オウ'],[],14
鞃,-1,['コウ'],[],14
靻,-1,['ソ'],[],14
䩜,-1,['チュウ'],[],14
鞀,-1,['トウ'],['ふりつづみ'],14
鞉,-1,['トウ'],['ふりつづみ'],15
靽,-1,['ハン'],[],14
鞵,-1,"['アイ', 'カイ']",['くつ'],19
鞌,-1,['アン'],['くら'],15
鞇,-1,['イン'],[],15
鞈,-1,"['コウ', 'トウ']",[],15
䶀,-1,['トウ'],[],19
鞙,-1,['ケン'],[],16
鞕,-1,"['コウ', 'ゴウ', 'ヘン']",[],16
鞗,-1,['チョウ'],[],16
鞖,-1,['サイ'],['しおで'],16
䪎,-1,['サイ'],['しおで'],27
鞓,-1,['テイ'],[],16
䩠,-1,['テイ'],[],16
鞔,-1,['バン'],[],16
鞚,-1,['コウ'],[],17
鞞,-1,"['ヒ', 'ヘイ']",[],17
䩬,-1,['ホウ'],[],17
鞬,-1,['ケン'],[],18
鞧,-1,['シュウ'],[],18
鞢,-1,['ショウ'],[],18
䩞,-1,['チョウ'],[],14
鞮,-1,['テイ'],[],18
鞪,-1,"['ボウ', 'ボク']",[],18
鞲,-1,['コウ'],['ゆごて'],19
韝,-1,['コウ'],['ゆごて'],20
鞶,-1,['ハン'],[],19
鞹,-1,['カク'],[],20
鞟,-1,['カク'],[],17
鞺,-1,['トウ'],[],20
鼞,-1,['トウ'],[],24
鞾,-1,['カ'],[],19
鞼,-1,"['カイ', 'キ']",[],21
鞿,-1,['キ'],[],21
鞽,-1,['キョウ'],[],21
韁,-1,['キョウ'],[],22
韂,-1,['セン'],[],22
韅,-1,['ケン'],[],23
韄,-1,['コ'],[],22
䪝,-1,['コ'],[],23
韇,-1,['トク'],[],24
韤,-1,['ベツ'],"['くつした', 'たび']",24
韉,-1,['セン'],[],25
䪊,-1,['ロウ'],[],25
韊,-1,['ラン'],['えびら'],29
䪍,-1,['ラン'],['えびら'],26
韌,-1,['ジン'],[],13
韎,-1,"['バイ', 'バツ']",[],15
韍,-1,['フツ'],[],15
韑,-1,['イ'],[],16
韐,-1,['コウ'],[],16
韔,-1,['チョウ'],['ゆぶくろ'],18
䩨,-1,['チョウ'],['ゆぶくろ'],17
韙,-1,['イ'],[],19
韗,-1,['ウン'],[],19
䪗,-1,['カ'],[],19
韘,-1,['ショウ'],['ゆがけ'],19
弽,-1,['ショウ'],['ゆがけ'],12
韞,1,"['ウン', 'オン']","['おさ（める）', 'かく（す）', 'つつ（む）']",20
鞱,-1,['トウ'],"['かく（す）', 'つつ（む）', 'ゆごて', 'ゆみぶくろ']",19
韛,-1,['ハイ'],"['ふいご', 'ふいごう']",20
韠,-1,['ヒツ'],[],21
鞸,-1,['ヒツ'],[],20
韡,-1,['イ'],[],20
韣,-1,"['ショク', 'トク']",[],23
䪜,-1,['セン'],[],23
韰,-1,['カイ'],[],16
㦰,-1,,,-1
韴,-1,['ソウ'],[],13
韷,-1,['ラク'],[],14
韸,-1,['ホウ'],[],16
韺,-1,['エイ'],[],17
响,-1,['キョウ'],"['ひび（く）', 'どよ（めく）']",9
頄,-1,"['キ', 'キュウ']",[],11
頇,-1,['カン'],[],12
頍,-1,['キ'],[],13
頎,-1,"['キ', 'コン']",[],13
頊,-1,"['キョク', 'ギョク']",[],13
䪴,-1,"['シン', 'チン']",[],13
頙,-1,['サク'],[],14
䪼,-1,['セツ'],[],14
頔,-1,['テキ'],[],14
頖,-1,['ハン'],[],14
頞,-1,['アツ'],[],15
頦,-1,['カイ'],[],15
頠,-1,"['ガイ', 'ギ']",[],15
頟,-1,['ガク'],"['ひたい', 'ぬか', 'ぬか（ずく）']",15
頜,-1,"['カン', 'コウ']",[],15
頫,-1,"['チョウ', 'フ']",[],15
頪,-1,['ライ'],[],15
頵,-1,"['イン', 'キン']",[],16
頮,-1,['カイ'],[],16
頯,-1,['キ'],[],16
頣,-1,['シン'],[],16
䫇,-1,['ゼン'],[],16
頹,-1,['タイ'],"['くずお（れる）', 'くず（れる）']",16
頺,-1,['タイ'],"['くずお（れる）', 'くず（れる）']",16
頲,-1,['テイ'],[],16
頳,-1,['テイ'],['あか'],16
赬,1,['テイ'],['あか'],16
䫉,-1,"['ボウ', 'バク']","['かお', 'かたち']",16
頥,-1,['イ'],"['あご', 'おとがい', 'やしな（う）']",17
顊,-1,['イ'],"['あご', 'おとがい', 'やしな（う）']",17
顄,-1,['カン'],[],17
䫏,-1,['キ'],[],17
顇,-1,['スイ'],[],17
顀,-1,['ツイ'],[],17
頩,-1,['ヘイ'],[],15
顈,-1,['ケイ'],[],17
顉,-1,"['キン', 'ガン']",[],17
顑,-1,['カン'],[],18
顒,-1,['ギョウ'],[],18
顐,-1,['コン'],[],18
顓,-1,['セン'],[],18
顗,-1,['ギ'],[],19
顖,-1,['シン'],[],19
恖,-1,['シ'],"['おも（う）', 'おぼ（しい）']",10
䪿,-1,['シン'],[],15
顙,-1,['ソウ'],[],19
䫙,-1,['ソウ'],[],18
桒,-1,,,-1
傎,-1,['テン'],"['いただき', 'くつがえ（る）', 'たお（れる）']",12
顣,-1,['シュク'],[],20
顢,-1,"['バン', 'マン']",[],20
顥,-1,['コウ'],[],21
顦,-1,['ショウ'],[],21
顪,-1,['カイ'],[],22
顩,-1,['ゲン'],[],22
顬,1,['ジュ'],[],23
髗,-1,['ロ'],"['かしら', 'こうべ', 'どくろ']",26
凬,-1,"['フウ', 'フ']","['かざ', 'かぜ', 'すがた', 'ならわし', 'ふり']",7
凮,-1,"['フウ', 'フ']","['かざ', 'かぜ', 'すがた', 'ならわし', 'ふり']",8
飌,-1,"['フウ', 'フ']","['かざ', 'かぜ', 'すがた', 'ならわし', 'ふり']",26
颫,-1,['フ'],[],13
䬃,-1,"['サツ', 'ソウ']",['はやて'],14
颭,-1,['セン'],[],14
颰,-1,['ハツ'],[],14
颮,-1,"['ヒョウ', 'ホウ']",[],14
颳,-1,['カツ'],[],15
颴,-1,['セン'],[],16
颷,-1,['ヒョウ'],[],17
颸,-1,['シ'],[],18
颺,-1,['ヨウ'],['あ（がる）'],18
颽,-1,['カイ'],[],19
颼,-1,"['シュウ', 'ソウ']",[],19
䬒,-1,"['シュウ', 'ソウ']",[],18
叜,-1,,,-1
颿,-1,['ハン'],[],19
颻,-1,['ヨウ'],[],19
䬙,-1,['ヨウ'],[],19
飂,-1,"['リュウ', 'リョウ']",[],20
飇,-1,['ヒョウ'],"['かぜ', 'つむじかぜ', 'みだ（れる）']",21
飈,-1,['ヒョウ'],"['かぜ', 'つむじかぜ', 'みだ（れる）']",21
焱,-1,,,-1
飅,-1,['リュウ'],[],21
飀,-1,['リュウ'],[],19
飉,-1,['リョウ'],[],21
飋,-1,['シツ'],[],22
䬟,-1,['リュウ'],[],24
飣,-1,['テイ'],[],11
飦,-1,"['カン', 'セン']",[],12
飧,-1,['ソン'],[],12
飱,-1,['ソン'],[],13
飥,-1,['タク'],[],12
㱃,-1,"['イン', 'オン']","['の（む）', 'の（ます）', 'みずか（う）']",15
飪,-1,['ジン'],[],13
餁,-1,['ジン'],[],15
飰,-1,['ハン'],"['めし', 'いい', 'くら（う）', 'まま']",13
飤,-1,['シ'],"['か（う）', 'やしな（う）']",11
飳,-1,"['シュ', 'トウ']",[],14
飶,-1,['ヒツ'],[],14
餈,-1,['シ'],[],15
䭣,-1,['シ'],[],23
餂,-1,['テン'],[],15
餇,-1,['トウ'],[],15
养,-1,['ヨウ'],"['やしな（う）', 'やしな（い）']",10
湌,-1,['サン'],"['く（う）', 'たべもの', 'の（む）']",12
飡,-1,['サン'],"['く（う）', 'たべもの', 'の（む）']",11
餕,-1,['シュン'],[],16
䭀,-1,"['シン', 'ジン']",[],16
餗,-1,['ソク'],[],16
餖,-1,['トウ'],[],16
餑,-1,['ホツ'],[],16
餧,-1,"['イ', 'ダイ']",[],17
䭇,-1,['エツ'],[],17
餜,-1,['カ'],[],17
餛,-1,['コン'],[],17
䬻,-1,['セン'],"['おく（る）', 'はなむけ']",14
餦,-1,['チョウ'],[],17
餟,-1,"['テイ', 'テツ']",[],17
餢,-1,['ホウ'],[],17
餲,-1,"['アイ', 'カツ']",[],18
餵,-1,['イ'],[],18
餫,-1,"['ウン', 'コン']",['おく（る）'],18
餱,-1,['コウ'],"['かれいい', 'ほしいい']",18
餭,-1,['コウ'],[],18
餳,-1,"['セイ', 'トウ']",[],18
餰,-1,['セン'],[],18
餪,-1,['ダン'],[],18
耎,-1,['ゼン'],[],9
餴,-1,['フン'],[],17
餼,-1,['キ'],[],19
餻,-1,['コウ'],[],19
饀,-1,"['トウ', 'カン']",[],19
餹,-1,['トウ'],[],19
餺,-1,['ハク'],[],19
饁,-1,['ヨウ'],[],19
饇,-1,['オウ'],[],20
饈,-1,['シュウ'],[],20
饆,-1,"['ヒチ', 'ヒツ']",[],20
饊,-1,['サン'],[],21
饎,-1,['シ'],[],21
饘,-1,['セン'],['かゆ'],22
饙,-1,['フン'],[],21
饔,-1,['ヨウ'],[],22
饜,-1,['エン'],[],23
䉵,-1,['セン'],[],23
饛,-1,['ボウ'],[],22
饞,-1,['サン'],[],26
饟,-1,['ショウ'],[],26
饠,-1,['ラ'],[],28
聝,-1,['カク'],"['くびき（る）', 'みみき（る）']",14
馛,-1,['ハツ'],[],14
馝,-1,['ヒツ'],[],14
馟,-1,['ト'],[],16
馞,-1,['ホツ'],[],16
馣,-1,['アン'],[],17
馦,-1,['ケン'],[],19
釔,-1,['イツ'],[],9
釓,-1,"['ガ', 'キュウ']",[],9
釚,-1,['キュウ'],[],10
釗,-1,['ショウ'],[],10
釞,-1,['チュウ'],[],10
釙,-1,['ハク'],[],10
釕,-1,['リョウ'],[],10
釪,-1,['ウ'],[],11
釬,-1,['カン'],[],11
銲,-1,['カン'],[],15
釰,-1,['ケン'],['つるぎ'],11
釭,-1,['コウ'],['かりも'],11
釤,-1,"['サン', 'セン']",[],11
釹,-1,['ジョ'],[],11
釥,-1,['ショウ'],[],11
釮,-1,['セイ'],[],11
釱,-1,"['タイ', 'テイ']",[],11
釻,-1,[],['つく'],11
釷,-1,['ト'],[],11
釩,-1,['ハン'],[],11
鈗,-1,['イン'],[],12
鈝,-1,['イン'],[],12
鈆,-1,['エン'],[],12
鈥,-1,['カ'],[],12
鈣,-1,['カイ'],[],12
鈘,-1,['ギ'],[],12
鈌,-1,['ケツ'],[],12
鈅,-1,['ゲツ'],[],12
鈐,-1,['ケン'],[],12
鈜,-1,['コウ'],[],12
鈧,-1,['コウ'],[],12
鈤,-1,['ジツ'],[],12
鈊,-1,['シン'],[],12
鈓,-1,['ジン'],[],12
鈒,-1,"['シュウ', 'ソウ']",[],12
鈦,-1,['タイ'],[],12
鈄,-1,['トウ'],[],12
鈀,-1,['ハ'],[],12
鈨,-1,[],['はばき'],12
鈇,-1,['フ'],['おの'],12
鈈,-1,['フ'],[],12
鈖,-1,['フン'],[],12
釽,-1,['ヘキ'],['さ（く）'],12
鈁,-1,['ホウ'],[],12
鈳,-1,['ア'],[],13
鉯,-1,['イ'],[],13
鉠,-1,"['エイ', 'オウ', 'ヨウ']",[],13
鈺,-1,['ギョク'],[],13
鉀,-1,['コウ'],[],13
鈼,-1,['サク'],[],13
鉃,-1,"['シ', 'ソク']",[],13
鉂,-1,['シ'],[],13
鉇,-1,['シ'],[],13
鈰,-1,['シ'],[],13
鈶,-1,"['シ', 'ジ']",[],13
鉰,-1,['シ'],[],13
鉨,-1,"['シ', 'ジ', 'デイ']",[],13
鉩,-1,"['ジ', 'ジョウ']",[],13
尒,-1,,,-1
鉥,-1,['シュツ'],[],13
錰,-1,['シュツ'],[],16
鉏,-1,"['ショ', 'ソ']",[],13
鉊,-1,['ショウ'],[],13
鉮,-1,['シン'],[],13
鉎,-1,['セイ'],[],13
鍟,-1,['セイ'],[],17
鉙,-1,['タイ'],[],13
鉭,-1,['タン'],[],13
鉒,-1,['チュウ'],[],13
鈾,-1,"['チュウ', 'ユウ']",[],13
鈮,-1,"['デイ', 'ナイ']",[],13
鉆,-1,['テン'],[],13
鉖,-1,['トウ'],[],13
鈯,-1,['トツ'],[],13
鉕,-1,['ハ'],[],13
叵,-1,,,-1
鉑,-1,['ハク'],[],13
盋,-1,"['ハチ', 'ハツ']",[],10
缽,-1,"['ハチ', 'ハツ']",[],11
鈸,-1,['ハツ'],[],13
鉡,-1,['ハン'],[],13
鈹,-1,['ヒ'],['かわ'],13
鉍,-1,['ヒ'],[],13
鉜,-1,['フウ'],[],13
鉘,-1,['フツ'],[],13
鈵,-1,['ヘイ'],[],13
鉧,-1,['ボ'],['けら'],13
鉬,-1,['モク'],[],13
鉝,-1,['リュウ'],[],13
銨,-1,['アン'],[],14
銥,-1,['イ'],[],14
銉,-1,['イツ'],[],14
銦,-1,['イン'],[],14
銙,-1,['カ'],[],14
鉻,-1,"['カク', 'ラク']",[],14
銯,-1,[],['かすがい'],14
㘅,-1,"['カン', 'ガン']","['くつわ', 'くらい', 'くわ（える）', 'ふく（む）']",17
衘,-1,"['カン', 'ガン']","['くつわ', 'くらい', 'くわ（える）', 'ふく（む）']",13
銎,-1,['キョウ'],[],14
銈,-1,['ケイ'],[],14
鉶,-1,['ケイ'],[],14
銒,-1,"['ケイ', 'ケン']",[],14
鈃,-1,"['ケイ', 'ケン']",[],12
鉸,-1,['コウ'],[],14
鉿,-1,['コウ'],[],14
銗,-1,['コウ'],[],14
銧,-1,['コウ'],[],14
鉷,-1,['コウ'],[],14
銟,-1,['サ'],[],14
鉹,-1,"['イ', 'シ']",[],14
鉺,-1,"['ジ', 'ニ']",[],14
銊,-1,"['カイ', 'シュツ']",[],14
銣,-1,['ジョ'],[],14
鉽,-1,['ショク'],[],14
銫,-1,['ショク'],[],14
銍,-1,['チツ'],[],14
銩,-1,['チュウ'],[],14
丢,-1,,,-1
鉵,-1,['トウ'],[],14
銤,-1,['ベイ'],[],14
銪,-1,['ユウ'],[],14
銠,-1,['ロウ'],[],14
鋆,-1,"['イン', 'キン']",[],15
銳,-1,['エイ'],"['するど（い）', 'はや（い）']",15
鋈,-1,['オク'],[],15
鋘,-1,"['カ', 'ゴ']",[],15
鋨,-1,['ガ'],[],15
銽,-1,['セン'],"['すき', 'するど（い）', 'もり']",15
鋎,-1,['カン'],[],15
鋡,-1,['カン'],[],15
銶,-1,['キュウ'],[],15
鋙,-1,"['ギョ', 'ゴ']",[],15
鋦,-1,['キョク'],[],15
鋗,-1,['ケン'],[],15
鋧,-1,['ケン'],[],15
鋐,-1,['コウ'],[],15
鋯,-1,['コク'],[],15
銼,-1,['サ'],[],15
鋜,-1,['サク'],[],15
鋅,-1,"['シ', 'シン']",[],15
鋕,-1,['シ'],[],15
鋠,-1,['シン'],[],15
鋟,-1,"['シン', 'セン']",[],15
鋮,-1,['セイ'],[],15
鋋,-1,"['エン', 'セン']",[],15
銺,-1,['ソウ'],[],15
銸,-1,"['チョウ', 'ジョウ']",[],15
鋌,-1,['テイ'],[],15
銻,-1,['テイ'],[],15
鋓,-1,['テン'],[],15
鋀,-1,['トウ'],[],15
鋥,-1,['トウ'],[],15
鋱,-1,['トク'],[],15
忒,-1,['トク'],[],7
鋇,-1,['ハイ'],[],15
鋂,-1,['バイ'],[],15
鋬,-1,['ハン'],[],15
扳,-1,['ハン'],[],7
鏠,-1,['ホウ'],"['きっさき', 'ほこ', 'ほこさき']",19
釯,-1,"['ボウ', 'モウ']",['きっさき'],11
鋍,-1,['ホツ'],[],15
鋣,-1,['ヤ'],[],15
鎁,-1,['ヤ'],[],17
鋰,-1,['リ'],[],15
鋁,-1,['リョ'],[],15
鋝,-1,['レツ'],[],15
鋃,-1,['ロウ'],[],15
錒,-1,['ア'],[],16
錥,-1,['イク'],[],16
錁,-1,['カ'],[],16
錷,-1,['ガ'],[],16
錧,-1,['カン'],[],16
錡,-1,"['キ', 'ギ']",[],16
錤,-1,['キ'],[],16
䥓,-1,['キ'],[],19
錈,-1,['ケン'],[],16
錕,-1,['コン'],[],16
鋷,-1,"['サイ', 'ジョウ']",[],16
錞,-1,"['ジュン', 'タイ']",[],16
鋿,-1,['ショウ'],[],16
錩,-1,['ショウ'],[],16
錜,-1,['ジョウ'],[],16
錝,-1,['ソウ'],[],16
錟,-1,"['セン', 'タン']",[],16
鋹,-1,['チョウ'],[],16
錪,-1,"['テン', 'トン']",[],16
錔,-1,['トウ'],[],16
鍀,-1,['トク'],[],16
䤵,-1,['ヒ'],[],16
錶,-1,['ヒョウ'],[],16
錍,-1,"['ヒ', 'ヘイ']",[],16
鉼,-1,['ヘイ'],[],14
錇,-1,['ホウ'],[],16
錳,-1,['モウ'],[],16
鍆,-1,['モン'],[],16
錑,-1,['ライ'],"['もじ', 'もじり']",16
錸,-1,['ライ'],[],16
錂,-1,['リョウ'],[],16
錀,-1,['リン'],[],16
錴,-1,['ロク'],[],16
鎄,-1,['アイ'],[],17
鍈,-1,['エイ'],[],16
鍇,-1,['カイ'],[],17
鍰,-1,['カン'],[],17
鍕,-1,['グン'],[],17
鍥,-1,['ケツ'],[],17
鋻,-1,['ケン'],[],17
鍞,-1,['コウ'],[],17
鍧,-1,['コウ'],[],17
鍭,-1,['コウ'],[],17
鍘,-1,['サツ'],[],17
鍿,-1,['シ'],['わず（か）'],17
鍫,-1,"['シュウ', 'ショウ']","['くわ', 'すき']",17
鍒,-1,['ジュウ'],[],17
鍶,-1,"['シ', 'ショウ']",[],17
鍐,-1,['ソウ'],[],17
鍺,-1,['タ'],[],17
鍴,-1,['タン'],[],17
鍉,-1,"['シ', 'テイ']",[],17
鍗,-1,['テイ'],[],17
鍩,-1,['テン'],[],16
鎂,-1,['ビ'],[],17
鎇,-1,['ビ'],[],17
鍑,-1,"['フウ', 'フク']",[],17
鍢,-1,"['フウ', 'フク']",[],17
鍽,-1,['ヘン'],[],17
鍪,-1,['ボウ'],[],17
鍚,-1,['ヨウ'],[],17
鍱,-1,['ヨウ'],[],17
鎢,-1,['オ'],[],18
鎣,-1,['エイ'],[],18
鎵,-1,['カ'],[],18
鎶,-1,['カ'],[],18
鎋,-1,['カツ'],[],18
䤿,-1,['ケツ'],[],18
鎳,-1,['ゲツ'],[],18
臬,-1,['ゲツ'],[],10
鎤,-1,['コウ'],[],18
鎻,-1,['サ'],"['くさり', 'さ（す）', 'とざ（す）']",18
鏁,-1,['サ'],"['くさり', 'さ（す）', 'とざ（す）']",19
鎈,-1,['サ'],[],18
鎍,-1,['サク'],[],18
鎡,-1,"['シ', 'ジ']",[],17
鎀,-1,['シュウ'],[],18
鎨,-1,['シュン'],[],18
鎪,-1,['ソウ'],[],18
䤹,-1,['ソウ'],[],17
鎴,-1,['ソク'],[],18
鎕,-1,['トウ'],[],18
鎒,-1,['ドウ'],[],18
鎿,-1,['ナ'],[],18
鎛,-1,['ハク'],[],18
鎺,1,[],['はばき'],18
鎫,-1,['バン'],[],18
鎞,-1,['ヘイ'],[],18
鎊,-1,['ヘイ'],[],18
鎏,-1,['リュウ'],[],18
鎦,-1,['リュウ'],[],18
鐂,-1,['リュウ'],[],20
鎘,-1,"['カク', 'レキ']",[],18
鐮,-1,['レン'],['かま'],21
䥝,-1,['オウ'],['みなごろし'],21
鏆,-1,['カン'],[],19
鏹,-1,['キョウ'],[],19
鏊,-1,['ゴウ'],[],19
鎩,-1,"['サイ', 'サツ']",[],19
鏙,-1,['サイ'],[],19
鏟,-1,['サン'],[],19
產,-1,['サン'],"['う（まれる）', 'う（む）', 'うぶ']",11
鏅,-1,['シュウ'],[],19
鏱,-1,['ショウ'],[],19
鏦,-1,"['ショウ', 'ソウ']",[],19
鏚,-1,['セキ'],[],19
鏇,-1,['セン'],[],19
鏩,-1,"['セン', 'ゼン', 'サン', 'ザン']",[],19
鏉,-1,"['シュウ', 'ソウ']",[],19
鏓,-1,['ソウ'],[],19
鍯,-1,['ソウ'],[],17
鏄,-1,['タン'],[],19
鏜,-1,['トウ'],[],19
鏌,-1,"['バク', 'マク']",[],18
鏋,-1,['バン'],[],19
鏢,-1,['ヒョウ'],[],19
鏞,-1,['ヨウ'],[],19
銿,-1,['ヨウ'],[],15
鏍,-1,['ラ'],[],19
鏧,-1,['ロウ'],[],19
鏵,-1,['カ'],[],18
鐦,-1,['カイ'],[],20
鐗,-1,['カン'],[],20
鐧,-1,['カン'],[],20
鐖,-1,['キ'],['あぐ'],20
鐈,-1,['キョウ'],[],20
鏸,-1,"['エイ', 'ケイ', 'セイ']",[],20
鐍,-1,['ケツ'],[],20
鐝,-1,['ケツ'],[],20
鐄,-1,['コウ'],[],20
鐕,-1,['サン'],[],22
鐟,-1,"['サン', 'タイ']",[],20
鐁,-1,['シ'],[],20
鐎,-1,['ショウ'],[],20
鐉,-1,['セン'],[],20
鐏,-1,['ソン'],[],20
鐜,-1,['タイ'],"['いしづき', 'つち']",20
鏺,-1,['ハツ'],[],20
鐨,-1,['ヒ'],[],20
鐠,-1,['フ'],[],20
鏷,-1,['ホク'],[],20
鏻,-1,['リン'],[],21
鐒,-1,['ロウ'],[],20
鐿,-1,['イ'],[],21
鐻,-1,['キョ'],[],21
鐱,-1,"['ケン', 'セン']",[],21
鏽,-1,['シュウ'],[],21
鐩,-1,['スイ'],[],21
鎸,-1,['セン'],"['うが（つ）', 'え（る）', 'しりぞ（ける）', 'ほ（る）']",18
鐲,-1,"['ショク', 'タク']",[],21
鐽,-1,['タン'],[],21
鐯,-1,['チャク'],[],20
錽,-1,['バン'],[],16
灭,-1,,,-1
鐴,-1,"['ヘイ', 'ヘキ']",[],21
鐳,-1,['ライ'],[],21
鑊,-1,['カク'],[],21
鑎,-1,['キ'],[],22
鑋,-1,['ケイ'],[],22
鑅,-1,['コウ'],[],22
鑈,-1,"['ジョウ', 'デイ']",[],22
鑃,-1,['チョウ'],[],22
鑌,-1,['ヒン'],[],22
鍳,-1,['カン'],"['かんが（みる）', 'かがみ']",18
鑙,-1,['ケイ'],[],23
鑡,-1,['サク'],[],23
鑕,-1,['シツ'],[],23
鑜,-1,['ショウ'],[],23
鑟,-1,['トク'],[],23
鑣,-1,['ヒョウ'],[],23
䮽,-1,['ヒョウ'],[],25
鑥,-1,['ロ'],[],23
鑫,-1,"['キン', 'クン']",[],24
鍂,-1,,,-1
鑨,-1,['ロウ'],[],24
鑱,-1,['サン'],[],25
鑲,-1,"['ショウ', 'ジョウ']",[],25
鑯,-1,['セン'],[],25
鑮,-1,['ハク'],[],24
鑭,-1,['ラン'],[],25
钄,-1,['ラン'],[],28
鑹,-1,['サン'],[],26
銮,-1,['ラン'],['すず'],14
钂,-1,['トウ'],[],28
钃,-1,"['ショク', 'チョク']",[],29
兏,-1,"['チョウ', 'ジョウ']","['なが（い）', 'おさ', 'た（ける）']",7
閄,-1,['コク'],[],10
閈,-1,['カン'],[],11
閎,-1,['コウ'],[],12
閌,-1,['コウ'],[],12
閍,-1,['ホウ'],[],12
閟,-1,['ヒ'],[],13
閞,-1,['ヘン'],[],13
閝,-1,['レイ'],[],13
閡,-1,"['ガイ', 'コク']",[],14
闗,-1,['カン'],"['かか（わる）', 'せき', 'からくり', 'かんぬき']",18
閦,-1,['シュク'],[],14
众,-1,,,-1
閩,-1,['ビン'],[],14
閱,-1,['エツ'],"['けみ（する）', 'へ（る）']",15
閫,-1,['コン'],[],15
閬,-1,['ロウ'],[],15
閆,-1,['エン'],[],11
剦,-1,['エン'],['しもべ'],10
閽,-1,['コン'],[],16
閶,-1,"['ショウ', 'トウ']",[],16
閿,-1,['ブン'],[],16
閺,-1,['ブン'],[],16
闈,-1,['イ'],[],18
闉,-1,['イン'],[],17
閴,-1,['ゲキ'],['しず（か）'],15
闋,-1,['ケツ'],[],17
闆,-1,"['ハン', 'ヘン']",[],17
闓,-1,['カイ'],[],18
闑,-1,['ゲツ'],[],18
闐,-1,['テン'],[],18
鬭,-1,['トウ'],"['たたか（う）', 'たたか（い）']",25
斲,-1,['タク'],[],15
鬦,-1,['トウ'],"['たたか（う）', 'たたか（い）']",14
閗,-1,['トウ'],"['たたか（う）', 'たたか（い）']",12
闒,-1,['トウ'],[],18
闚,-1,['キ'],[],19
闙,-1,['ケイ'],[],19
啟,-1,,,-1
闝,-1,['ヒョウ'],[],19
䦱,-1,['イ'],[],20
闠,-1,['カイ'],[],20
闞,-1,['カン'],[],20
闟,-1,"['キュウ', 'トウ']",[],20
闤,-1,['カン'],[],21
闦,-1,['ゴン'],[],21
阞,-1,['ロク'],[],5
阢,-1,['ゴツ'],[],6
阤,-1,"['イ', 'タ', 'チ']",[],6
阬,-1,['コウ'],[],7
阱,-1,['セイ'],[],7
㘫,-1,['セイ'],[],7
阧,-1,['トウ'],[],7
阫,-1,['ハイ'],[],7
阰,-1,['ヒ'],[],7
阸,-1,"['アイ', 'ヤク']","['くる（しむ）', 'せま（い）', 'ふさ（がる）']",8
戹,-1,"['アク', 'ヤク']",[],5
陁,-1,"['イ', 'タ', 'チ']",[],8
阽,-1,"['エン', 'テン']",[],8
阹,-1,['キョ'],[],8
阼,-1,['ソ'],[],8
阺,-1,"['チ', 'テイ']",[],8
阷,-1,['テイ'],[],8
陔,-1,"['カイ', 'ガイ']",[],9
陒,-1,['キ'],[],9
陊,-1,['タ'],[],9
陘,-1,['ケイ'],[],10
陖,-1,['シュン'],[],10
阩,-1,['ショウ'],"['のぼ（らせる）', 'のぼ（る）']",7
陗,-1,['ショウ'],[],10
徏,-1,['チョク'],"['すす（む）', 'のぼ（らせる）', 'のぼ（る）']",10
陡,-1,['トウ'],[],10
陭,-1,"['イ', 'キ']",[],11
阴,-1,"['イン', 'アン', 'オン']","['かげ', 'かげ（る）', 'くも（る）', 'くら（い）', 'ひそ（か）']",7
阥,-1,"['イン', 'アン', 'オン']","['かげ', 'かげ（る）', 'くも（る）', 'くら（い）', 'ひそ（か）']",7
隂,-1,"['イン', 'アン', 'オン']","['かげ', 'かげ（る）', 'くも（る）', 'くら（い）', 'ひそ（か）']",12
陮,-1,['タイ'],[],11
陫,-1,['ヒ'],[],11
陴,-1,['ヒ'],[],11
隦,-1,['ヒ'],[],16
隆,-1,['リュウ'],"['さか（ん）', 'たか（い）']",12
陻,-1,['イン'],[],12
堦,-1,['カイ'],"['きざはし', 'しな', 'はしご']",12
陿,-1,"['キョウ', 'コウ']",[],12
隉,-1,['ゲツ'],[],12
陼,-1,['ショ'],[],12
陾,-1,['ジョウ'],[],12
隄,-1,['テイ'],[],12
䧑,-1,['テイ'],[],11
隃,-1,"['ユ', 'シュ', 'ヨウ']",[],12
阳,-1,['ヨウ'],"['いつわ（る）', 'ひ', 'ひなた']",7
阦,-1,['ヨウ'],"['いつわ（る）', 'ひ', 'ひなた']",7
隖,-1,['オ'],[],13
隑,-1,"['ガイ', 'キ']",[],13
隓,-1,['キ'],[],13
隟,-1,"['ゲキ', 'ケキ']","['すき', 'ひま']",14
䧢,-1,['ク'],[],14
隞,-1,['ゴウ'],[],14
隝,-1,['トウ'],[],14
隚,-1,['トウ'],[],14
隤,-1,['タイ'],[],15
隥,-1,['トウ'],[],15
隩,-1,"['イク', 'オウ']",[],16
䧧,-1,['ギ'],[],16
隮,-1,['セイ'],[],17
隯,-1,['トウ'],['しま'],17
隳,-1,['キ'],[],18
隿,-1,['ヨク'],[],11
雈,-1,['カン'],[],12
卝,-1,,,-1
僱,-1,['コ'],['やと（う）'],14
雧,-1,['シュウ'],"['あつ（まる）', 'あつ（める）', 'つど（う）', 'すだ（く）', 'たか（る）']",28
雥,-1,,,-1
䧺,-1,['ユウ'],"['お', 'おす', 'おん', 'まさ（る）']",13
雊,-1,['コウ'],[],13
鴙,-1,"['ジ', 'チ']",['きじ'],16
䳄,-1,['シ'],"['め', 'めす', 'めん']",17
雒,-1,['ラク'],[],14
雟,-1,"['ケイ', 'スイ']",[],18
嶲,-1,"['ケイ', 'スイ']",[],16
雘,-1,['ワク'],[],17
䨮,-1,['セツ'],"['ゆき', 'すす（ぐ）', 'そそ（ぐ）']",19
雯,-1,['ブン'],[],12
雱,-1,['ホウ'],[],12
霶,-1,['ホウ'],[],21
雺,-1,"['ブ', 'ボウ']",[],13
靁,-1,['ライ'],"['かみなり', 'いかずち']",23
霅,-1,"['トウ', 'ショウ', 'ソウ', 'コウ']",[],15
霃,-1,['チン'],[],15
霉,-1,['バイ'],[],15
霂,-1,"['ボク', 'モク']",[],15
䨩,-1,"['レイ', 'リョウ']","['たま', 'たましい', 'よ（い）']",18
霛,-1,"['レイ', 'リョウ']","['たま', 'たましい', 'よ（い）']",17
㚑,-1,"['レイ', 'リョウ']","['たま', 'たましい', 'よ（い）']",6
灵,-1,"['レイ', 'リョウ']","['たま', 'たましい', 'よ（い）']",7
霒,-1,['イン'],[],16
霠,-1,['イン'],[],17
霔,-1,['シュ'],[],16
䬠,-1,['ヒ'],[],17
霣,-1,['イン'],[],18
霢,-1,"['バク', 'ミャク']",[],18
霡,-1,"['バク', 'ミャク']",[],18
霨,-1,['イ'],[],19
霩,-1,['カク'],[],19
霫,-1,['シュウ'],[],19
霚,-1,"['ム', 'ブ']",['きり'],17
霱,-1,['イツ'],[],20
霳,-1,['リュウ'],[],20
霿,-1,['ボウ'],[],22
靃,-1,"['カク', 'スイ']",[],24
靇,-1,['ロウ'],[],24
靊,-1,['ホウ'],[],26
霻,-1,['ホウ'],[],21
靎,-1,[],['つる'],27
鵭,-1,,,-1
靍,-1,[],['つる'],27
䳡,-1,,,-1
靕,-1,['シン'],[],13
靘,-1,['セイ'],[],14
靗,-1,['テイ'],[],14
靚,-1,['セイ'],[],15
靛,-1,['テン'],[],16
䨼,-1,['コ'],[],21
卧,-1,['ガ'],"['ふしど', 'ふ（す）']",9
覍,-1,['ベン'],[],10
䂓,-1,['キ'],"['ただ（す）', 'のり', 'ぶんまわし']",12
槼,-1,['キ'],"['ただ（す）', 'のり', 'ぶんまわし']",15
眎,-1,['シ'],['み（る）'],10
覔,-1,['ベキ'],['もと（める）'],11
覐,-1,"['カク', 'コウ']","['おぼ（える）', 'さ（ます）', 'さ（める）', 'さと（り）', 'さと（る）']",11
覕,-1,"['ヘツ', 'ベツ']",[],12
覜,-1,['チョウ'],[],13
覛,-1,"['バク', 'ベキ']",[],13
覠,-1,['キン'],[],14
覟,-1,['シ'],[],14
覤,-1,['ケキ'],[],15
覥,-1,['テン'],[],15
覰,-1,['ショ'],[],18
覻,-1,['ショ'],[],20
覵,-1,['カン'],[],19
覸,-1,['カン'],[],19
覷,-1,['ショ'],[],19
覴,-1,"['チョウ', 'トウ']",[],19
覶,-1,['ラ'],[],19
覼,-1,['ラ'],[],21
䚕,-1,"['リ', 'レイ']",[],26
觓,-1,['キュウ'],[],9
觔,-1,['キン'],[],9
觖,-1,"['キ', 'ケツ']",[],11
觕,-1,"['ショク', 'ソ']",[],11
觘,-1,['ソウ'],['ぬたはだ'],11
觟,-1,"['カ', 'カイ']",[],13
觡,-1,['カク'],[],13
觥,1,['コウ'],['つのさかずき'],13
觵,-1,['コウ'],['つのさかずき'],19
觩,-1,['キュウ'],[],14
觫,-1,['ソク'],[],14
觭,-1,['キ'],[],15
䚡,-1,['サイ'],[],16
觱,-1,['ヒツ'],[],16
觳,-1,"['コク', 'カク']",[],17
觶,-1,['シ'],[],19
觗,-1,['シ'],[],11
觺,-1,['ギ'],[],21
觿,-1,['ケイ'],[],25
觹,-1,['ケイ'],[],20
觽,-1,['ケイ'],[],23
訄,-1,['キュウ'],[],9
訅,-1,['キュウ'],[],9
訆,-1,['キョウ'],[],9
訑,-1,"['イ', 'タ', 'タン']",[],10
訔,-1,['ギン'],[],10
訏,-1,"['ク', 'コ']",[],10
訒,-1,['ジン'],[],10
訕,-1,['サン'],[],10
訩,-1,['キョウ'],[],11
詾,-1,['キョウ'],[],13
訢,-1,"['キン', 'ギン']",[],11
訤,-1,['コウ'],[],11
訯,-1,['サ'],[],11
訬,-1,"['ショウ', 'ビョウ']",[],11
訠,-1,['シン'],[],11
訦,-1,['シン'],[],11
訫,-1,['シン'],"['たよ（り）', 'まか（せる）', 'まこと']",11
訧,-1,['ユウ'],[],11
訞,-1,['ヨウ'],[],11
䚻,-1,['ヨウ'],[],11
詍,-1,['エイ'],[],12
詇,-1,['ヨウ'],[],12
詎,-1,['キョ'],[],12
詓,-1,['キョ'],[],12
詘,-1,"['クツ', 'チュツ']",[],12
詗,-1,['ケイ'],[],12
詃,-1,['ケン'],[],12
訹,-1,['シュツ'],[],12
訷,-1,['シン'],[],12
詀,-1,"['ショウ', 'タン', 'テン']",[],12
訵,-1,['チ'],[],12
詝,-1,['チョ'],[],12
呧,-1,['テイ'],"['あば（く）', 'し（いる）', 'しか（る）', 'そし（る）', 'はずかし（める）']",8
䛏,-1,['デイ'],[],12
詄,-1,['テツ'],[],12
詉,-1,"['ダ', 'ドウ']",[],12
詜,-1,['トウ'],[],12
詖,-1,['ヒ'],[],12
詅,-1,['レイ'],[],12
誃,-1,['イ'],[],13
詿,-1,['カイ'],[],13
詻,-1,['ガク'],[],13
誆,-1,['キョウ'],[],13
詡,-1,['ク'],[],13
訽,-1,"['ク', 'コウ']","['そし（る）', 'ののし（る）', 'はじ', 'はずかし（める）']",12
詥,-1,['コウ'],[],13
詤,-1,['コウ'],[],13
㠩,-1,,,-1
謊,-1,['コウ'],[],16
詧,-1,['サツ'],[],13
訾,-1,['シ'],[],13
訿,-1,['シ'],[],13
誀,-1,"['ジ', 'チ']",[],13
詶,-1,['シュウ'],[],13
詵,-1,['シン'],[],13
詷,-1,['トウ'],[],13
詺,-1,['メイ'],[],13
䛡,-1,['ワ'],"['はなし', 'はな（す）']",14
誐,-1,['ガ'],[],14
誋,-1,['キ'],[],14
誒,-1,['キ'],[],14
誙,-1,['コウ'],[],14
誟,-1,['コウ'],[],14
說,-1,"['セツ', 'ゼイ', 'エツ']","['と（く）', 'よろこ（ぶ）']",14
誗,-1,['テン'],[],14
誖,-1,"['ハイ', 'ホツ']",[],14
誧,-1,['ホ'],[],14
誏,-1,['ロウ'],[],14
諆,-1,['キ'],[],15
竩,-1,['ギ'],"['よ（い）', 'よしみ']",13
諊,-1,['キク'],[],15
誾,-1,['ギン'],[],15
誳,-1,['クツ'],[],15
諕,-1,"['カ', 'コウ']",[],15
諉,-1,"['イ', 'ジ']",[],15
諔,-1,['シュク'],[],15
誯,-1,['ショウ'],"['とな（える）', 'うた', 'うた（う）']",15
諗,-1,['シン'],[],15
誶,-1,"['サイ', 'スイ']",[],15
諓,-1,['セン'],[],15
諑,-1,['タク'],[],15
諈,-1,['チ'],[],15
諃,-1,['チン'],[],15
讇,-1,['テン'],"['おもね（る）', 'こ（びる）', 'へつら（う）']",23
誻,-1,['トウ'],[],15
誷,-1,['ボウ'],[],15
誮,-1,[],['やさ（しい）'],14
讍,-1,['ガク'],[],23
諴,-1,['カン'],[],16
諼,-1,['ケン'],[],16
諟,-1,['シ'],[],16
諰,-1,['シ'],[],16
諿,-1,"['ショ', 'ショウ']",[],16
諝,-1,['ショ'],[],16
諶,-1,['シン'],[],16
諵,-1,['ダン'],[],16
䛕,-1,['ユ'],['へつら（う）'],13
謍,-1,"['エイ', 'オウ', 'コウ']",[],17
謞,-1,"['カク', 'コウ']",[],17
謋,-1,['カク'],[],18
謑,-1,['ケイ'],[],17
䜁,-1,['ケイ'],[],16
奊,-1,,,-1
謜,-1,['ゲン'],[],17
謅,-1,"['スウ', 'ソウ']",[],17
謆,-1,['セン'],[],17
謕,-1,['テイ'],[],17
謟,-1,['トウ'],[],17
謣,-1,['ウ'],[],18
謷,-1,['ゴウ'],[],18
謸,-1,['ゴウ'],[],18
謰,-1,['レン'],[],18
譆,-1,['キ'],[],19
譑,-1,['キョウ'],[],19
譃,-1,['ク'],[],19
䜘,-1,"['ケイ', 'キョウ']",['いまし（める）'],19
譓,-1,['ケイ'],[],19
譙,-1,['ショウ'],[],19
譔,-1,['セン'],[],19
譂,-1,['セン'],[],19
譄,-1,['ソウ'],[],19
譈,-1,['タイ'],[],19
譒,-1,['ハ'],[],19
譩,-1,['イ'],[],20
譭,-1,['キ'],[],20
譞,-1,['ケン'],[],20
譣,-1,"['ケン', 'セン']",[],20
譍,-1,['ヨウ'],[],20
譹,-1,['ゴウ'],[],21
譅,-1,['シュウ'],[],21
譸,-1,['チュウ'],[],21
譶,-1,"['チュウ', 'トウ']",[],21
譼,-1,['カン'],[],22
譿,-1,['ケイ'],[],22
讅,-1,['シン'],[],22
譾,-1,['セン'],[],22
謭,-1,['セン'],[],18
讁,-1,"['タク', 'チャク']","['せ（める）', 'つみ（する）', 'とが', 'なが（す）']",22
讄,-1,['ルイ'],[],22
讏,-1,['エイ'],[],23
讋,-1,['ショウ'],[],23
讔,-1,['イン'],[],24
䜛,-1,"['サン', 'ザン']","['そし（る）', 'よこしま']",21
䜟,-1,['シン'],['しるし'],22
讕,-1,['ラン'],[],24
譋,-1,['ラン'],[],19
讘,-1,['ジョウ'],[],25
讛,-1,['ゲイ'],[],25
讞,-1,"['ゲツ', 'ゲン']",[],27
讝,-1,['セン'],[],27
讜,-1,['トウ'],[],27
讟,-1,['トク'],[],29
谸,-1,['セン'],[],10
谹,-1,['コウ'],[],11
䜭,-1,"['エイ', 'シュン']",[],12
谼,-1,['コウ'],[],13
谽,-1,['カン'],[],14
谾,-1,['コウ'],[],15
豀,-1,['ケイ'],[],17
豃,-1,['カン'],[],19
豅,-1,['ロウ'],[],23
豇,-1,['コウ'],[],10
豉,-1,['シ'],[],11
䜶,-1,['コウ'],[],14
豋,-1,['トウ'],[],13
豏,-1,['カン'],[],17
䝁,-1,['ロウ'],[],17
豑,-1,['チツ'],[],20
䝄,-1,['ソウ'],[],25
豗,-1,['カイ'],[],10
豛,-1,['エキ'],[],11
豘,-1,['トン'],['ぶた'],11
豝,-1,['ハ'],[],11
豣,-1,['ケン'],[],13
豜,-1,['ケン'],[],11
猏,-1,['ケン'],[],11
豤,-1,['コン'],[],13
豨,-1,['キ'],[],14
䝋,-1,['ソウ'],[],15
豭,-1,['カ'],[],16
猳,-1,['カ'],[],12
豲,-1,['カン'],[],17
䝠,-1,['カン'],[],17
豳,-1,['ヒン'],[],17
豵,-1,"['ショウ', 'ソウ']",[],18
豶,-1,['フン'],[],19
豻,-1,['カン'],[],10
貋,-1,['カン'],[],14
犴,-1,['カン'],[],6
鼦,-1,['チョウ'],['てん'],18
豾,-1,['ヒ'],[],12
貈,-1,"['カク', 'バク']",['むじな'],13
貆,-1,"['カン', 'ケン']",[],13
䝗,-1,['キュウ'],[],11
貃,-1,['バク'],['えびす'],12
㒵,-1,"['ボウ', 'バク']","['かお', 'かたち']",7
貒,-1,['タン'],"['たぬき', 'まみ']",16
貓,-1,"['ビョウ', 'ミョウ']",['ねこ'],15
貐,-1,['ユ'],[],16
䝟,-1,['アツ'],[],16
貙,-1,['チュウ'],[],18
貛,-1,['カン'],['まみ'],24
䝔,-1,['カン'],['まみ'],24
貤,-1,"['イ', 'シ']",[],10
貣,-1,['トク'],[],10
䝿,-1,['キ'],"['たっと（い）', 'たっと（ぶ）', 'とうと（い）', 'とうと（ぶ）', 'たか（い）']",16
貺,-1,['キョウ'],[],12
貹,-1,['セイ'],[],12
賅,-1,['カイ'],[],13
賉,-1,"['シュツ', 'ジュツ']","['あわ（れむ）', 'うれ（える）', 'めぐ（む）']",13
賕,-1,['キュウ'],[],14
賖,-1,['シャ'],"['おきの（る）', 'おぎの（る）']",14
賒,-1,['シャ'],"['おきの（る）', 'おぎの（る）']",14
佘,-1,,,-1
䝻,-1,['キョ'],[],15
賡,-1,['コウ'],[],15
賥,-1,['スイ'],[],15
儨,-1,"['シツ', 'シチ', 'チ', 'シ']","['ただ（す）', 'たち', 'もと']",17
賙,-1,['シュウ'],[],15
賫,-1,['セイ'],['もたら（す）'],15
賷,-1,['セイ'],['もたら（す）'],17
賨,-1,['ソウ'],[],15
賧,-1,['タン'],[],15
賬,-1,['チョウ'],[],15
賝,-1,['チン'],[],15
賔,-1,['ヒン'],"['したが（う）', 'まろうど']",14
賆,-1,['ヘン'],[],13
賱,-1,['ウン'],[],16
賯,-1,['ケイ'],[],16
㝁,-1,,,-1
贒,-1,['ケン'],"['かしこ（い）', 'さか（しい）', 'まさ（る）']",22
賰,-1,['シュン'],[],16
賲,-1,['ホウ'],[],16
賵,-1,['ホウ'],[],16
賸,-1,"['ショウ', 'ヨウ']",[],17
賿,-1,"['リョウ', 'ロウ']",[],18
贃,-1,['ワン'],[],18
贗,-1,['ガン'],['にせ'],22
賾,-1,['サク'],[],19
贉,-1,['タン'],['あきさ（す）'],19
贎,-1,['バン'],[],19
賮,-1,"['シン', 'ジン']","['おくりもの', 'はなむけ']",16
贕,-1,['トク'],[],22
䞋,-1,['シン'],[],23
贛,-1,"['カン', 'コウ', 'トウ']",[],24
贑,-1,"['カン', 'コウ', 'トウ']",[],21
赥,-1,['ケキ'],[],11
赩,-1,"['カク', 'キョク']",[],13
赮,-1,['カ'],[],16
䞓,-1,['テイ'],['あか'],14
赶,-1,"['カン', 'ケン']",[],10
赿,-1,['チ'],[],11
趄,-1,"['シャ', 'ショ']",[],12
趈,-1,['タン'],[],12
趂,-1,['チン'],"['お（う）', 'おもむ（く）', 'ゆきなや（む）']",12
趐,-1,"['ケツ', 'シ']",[],13
趑,-1,['シ'],[],13
趦,-1,['シ'],[],16
䠖,-1,['シ'],[],16
趍,-1,"['シュ', 'スウ', 'チ']",[],13
趕,-1,['カン'],[],14
趞,-1,"['シャク', 'セキ']",[],15
趡,-1,['スイ'],[],15
趠,-1,"['タク', 'チョウ']",[],15
趟,-1,['トウ'],[],15
䟆,-1,['ヒツ'],[],18
趫,-1,['キョウ'],[],19
趬,-1,['キョウ'],[],19
趭,-1,['ショウ'],[],19
趮,-1,['ソウ'],[],20
趯,-1,"['テキ', 'ヤク']",[],21
趲,-1,['サン'],[],26
趷,-1,['コツ'],[],10
趵,-1,"['ハク', 'ホウ']",[],10
趹,-1,['ケツ'],[],11
跀,-1,['ゲツ'],[],11
趿,-1,['ソウ'],[],11
趻,-1,['チン'],[],11
踸,-1,['チン'],[],16
跇,-1,['エイ'],[],12
跔,-1,['ク'],[],12
跙,-1,['ショ'],[],12
跎,1,"['タ', 'ダ']",['つまず（く）'],12
跆,-1,['タイ'],[],12
跅,-1,['タク'],[],12
䟡,-1,['チ'],[],12
䟣,-1,['チュツ'],[],12
跕,-1,['チョウ'],[],12
跈,-1,"['テン', 'デン', 'セン']",[],12
䟫,-1,['トウ'],[],12
跊,-1,['バイ'],[],12
䟦,-1,"['ハツ', 'バツ']","['おくがき', 'こ（える）', 'つまず（く）', 'ふ（む）']",12
叐,-1,,,-1
跗,-1,['フ'],[],12
跑,-1,['ホウ'],[],12
跬,-1,['キ'],[],13
䞨,-1,['キ'],[],13
趼,-1,"['ケン', 'ゲン']",[],13
跤,-1,['コウ'],[],13
跲,-1,"['キョウ', 'コウ']",[],13
跴,-1,['サイ'],[],13
跐,-1,['シ'],[],13
跧,-1,['セン'],[],13
跥,-1,"['タ', 'ダ']",[],13
跦,-1,['チュウ'],[],13
跽,-1,['キ'],[],14
踁,-1,"['ケイ', 'コウ']",[],14
踍,-1,['コウ'],[],14
踆,-1,"['シュン', 'ソン']",[],14
踅,-1,['セツ'],[],14
踄,-1,"['ハク', 'ホ']",[],14
踠,-1,['エン'],[],15
踑,1,['キ'],['あぐら'],15
踦,-1,"['イ', 'キ']",[],15
踘,-1,['キク'],[],15
踡,-1,['ケン'],[],15
踧,-1,"['シュク', 'テキ']",[],15
踥,-1,['ショウ'],[],15
踖,-1,"['シャク', 'セキ']",[],15
踔,-1,"['タク', 'トウ']",[],15
踢,-1,['テキ'],['け（る）'],15
跰,-1,"['ヘン', 'ホウ']",[],13
踣,-1,['ホク'],[],15
踒,-1,['ワ'],[],15
踽,-1,['ク'],[],16
踳,-1,"['シュン', 'セン']",[],16
踷,-1,['タ'],[],16
踱,-1,['タク'],[],16
踹,-1,"['セン', 'タン']",[],16
蹀,-1,['チョウ'],[],16
踶,-1,"['チ', 'テイ']",[],16
蹏,-1,['テイ'],"['ひづめ', 'わな']",17
蹁,-1,['ヘン'],[],16
蹍,-1,['テン'],[],17
蹎,-1,['テン'],[],17
蹋,-1,['トウ'],[],17
躢,-1,['トウ'],[],25
蹞,-1,['キ'],[],18
蹔,-1,['サン'],[],18
蹝,-1,['シ'],[],18
䠞,-1,"['シュク', 'セキ']","['きわ（まる）', 'け（る）', 'しか（める）', 'せま（る）', 'つつし（む）']",18
蹜,-1,['シュク'],[],18
蹡,-1,['ショウ'],[],18
蹛,-1,"['タイ', 'テイ']",[],18
蹢,-1,['テキ'],[],18
蹻,1,"['キョウ', 'キャク', 'キョク']","['あ（げる）', 'おご（る）', 'かんじき']",19
勪,-1,"['キョウ', 'キャク', 'キョク']","['あ（げる）', 'おご（る）', 'かんじき']",14
蹺,-1,['キョウ'],[],19
蹷,-1,"['ケイ', 'ケツ']","['たお（れる）', 'た（つ）', 'すみ（やか）', 'つまず（く）']",19
蹵,-1,"['シュウ', 'シュク']",['け（る）'],19
蹱,-1,['ショウ'],[],19
蹭,-1,['ソウ'],[],19
蹪,-1,['タイ'],[],19
䠧,-1,['チョ'],[],19
蹬,-1,['トウ'],[],19
蹹,-1,['トウ'],[],19
蹳,-1,['ハツ'],[],19
蹯,-1,['ハン'],[],19
蹩,-1,['ヘツ'],[],19
䠥,-1,['ヘツ'],[],19
躆,-1,['キョ'],[],20
躂,-1,['タツ'],[],20
䠱,-1,['チョク'],['ふ（む）'],28
躉,-1,['トン'],[],19
踌,-1,['チュウ'],"['たちもとお（る）', 'ためら（う）']",14
躚,-1,['セン'],[],22
蹮,-1,['セン'],[],19
躕,-1,"['チュ', 'チュウ']",[],22
蹰,-1,"['チュ', 'チュウ']",[],19
躐,-1,['リョウ'],[],22
躒,-1,"['ラク', 'レキ']",[],22
躛,-1,"['エイ', 'カイ']",[],23
躘,-1,['リョウ'],[],23
蹸,-1,['リン'],"['にじ（る）', 'ふみにじ（る）']",20
躞,-1,['ショウ'],[],24
躝,-1,['ラン'],[],24
躧,-1,['シ'],[],26
躩,-1,['キャク'],[],27
躳,-1,['キュウ'],"['み', 'みずか（ら）']",14
躮,1,[],['せがれ'],11
躲,-1,['タ'],"['かわ（す）', 'さ（ける）']",13
朵,-1,,,-1
躵,-1,[],"['こら（える）', 'しの（ぶ）', 'ねら（う）']",14
躻,-1,[],['うつけ'],15
躺,-1,['トウ'],[],15
躽,-1,['エン'],[],16
軁,-1,"['ル', 'ロウ']",[],18
軃,-1,"['タ', 'ダ']",[],19
軇,-1,['トウ'],[],21
軂,-1,['ロウ'],[],19
䡄,-1,['キ'],['わだち'],9
軎,-1,['エイ'],[],10
軏,-1,"['ゲツ', 'ゴツ']",[],10
䡇,-1,"['ゲツ', 'ゴツ']",[],11
軔,-1,['ジン'],[],10
軑,-1,['タイ'],[],10
䡅,-1,['チュン'],[],10
軓,-1,['ハン'],[],10
軝,-1,['キ'],[],11
輭,-1,"['ナン', 'ゼン', 'ネン']","['やわ（らか）', 'やわ（らかい）']",16
軜,-1,['ドウ'],[],11
軶,-1,"['アク', 'ヤク']",['くびき'],12
軮,-1,['オウ'],[],12
軱,-1,['コ'],[],13
軹,-1,['シ'],[],12
軺,-1,"['ショウ', 'ヨウ']",[],12
軵,-1,['ジョウ'],[],12
軷,-1,['ハツ'],[],12
軬,-1,"['ハン', 'ホン']",[],12
軨,-1,['レイ'],[],12
䡼,-1,['レイ'],[],24
䡈,-1,"['カク', 'コウ']",['くら（べる）'],11
軭,-1,['キョウ'],[],13
輂,-1,['キョク'],[],13
輇,-1,['セン'],[],13
輈,-1,['チュウ'],[],13
輐,-1,['カン'],[],14
輢,-1,['キ'],[],15
輠,-1,['カ'],[],15
輡,-1,['カン'],[],15
輨,-1,['カン'],[],15
輗,-1,['ゲイ'],[],15
輥,-1,['コン'],[],15
輚,-1,['サン'],[],15
輖,-1,['シュウ'],[],15
䡮,-1,['ショウ'],[],18
輫,-1,['ハイ'],[],15
輧,-1,['ヘイ'],[],15
軿,-1,['ヘイ'],[],13
輣,-1,['ホウ'],[],15
輞,-1,['ボウ'],[],15
輘,-1,"['リョウ', 'ロウ']",[],15
輬,-1,['リョウ'],[],15
輵,-1,"['アツ', 'カツ']",[],16
輷,-1,['コウ'],[],16
輺,-1,['シ'],"['にぐるま', 'ほろぐるま']",16
輮,-1,['ジュウ'],[],16
輲,-1,['セン'],[],16
輴,-1,['チュン'],[],16
輶,-1,['ユウ'],[],16
輏,-1,['ユウ'],[],14
轀,-1,['オン'],[],17
轃,-1,['シン'],[],17
轁,-1,"['カン', 'トウ']",[],17
轝,-1,['ヨ'],"['おお（い）', 'くるま', 'こし', 'の（せる）']",20
轊,-1,"['エイ', 'セイ']",[],18
轇,-1,['コウ'],[],18
轏,-1,['サン'],[],19
轓,-1,['ハン'],[],19
轐,-1,['ホク'],[],19
轔,-1,['リン'],[],20
轑,-1,"['リョウ', 'ロウ']",[],19
轕,-1,['カツ'],[],19
轘,-1,['カン'],[],20
轚,-1,"['ケイ', 'ケキ']",[],20
轖,-1,['ソク'],[],20
轒,-1,['フン'],[],19
轞,-1,['カン'],[],22
䡎,-1,['ロ'],[],11
轥,-1,['リン'],[],26
辝,-1,['ジ'],"['や（める）', 'ことば', 'ことわ（る）']",12
辤,-1,['ジ'],"['や（める）', 'ことば', 'ことわ（る）']",15
辡,-1,['ヘン'],[],14
辢,-1,['ラツ'],"['から（い）', 'きび（しい）', 'むご（い）']",14
辦,-1,"['ハン', 'ベン']",[],16
辳,-1,"['ノウ', 'ドウ']",['たがや（す）'],15
䢉,-1,"['ノウ', 'ドウ']",['たがや（す）'],20
辴,-1,['チン'],[],19
辵,-1,['チャク'],[],7
辶,-1,[],[],3
辸,-1,['ジョウ'],[],6
迃,-1,['ウ'],"['とお（い）', 'まが（る）']",7
迀,-1,['カン'],[],7
达,-1,"['タツ', 'テイ']",[],7
运,-1,['ウン'],[],8
迋,-1,"['オウ', 'キョウ']",[],8
迓,-1,['ガ'],[],8
迕,-1,['ゴ'],['さか（らう）'],8
迒,-1,['コウ'],[],8
迊,-1,['ソウ'],['めぐ（る）'],8
迍,-1,['チュン'],[],8
﨤,-1,[],['そり'],8
迤,-1,"['イ', 'タ']",[],9
迆,-1,"['イ', 'タ']",[],7
逈,-1,['ケイ'],"['とお（い）', 'はる（か）']",10
䢛,-1,['ケイ'],"['とお（い）', 'はる（か）']",11
迮,-1,['サク'],[],9
迠,-1,['ショウ'],[],9
迣,-1,['セイ'],[],9
迱,-1,"['イ', 'タ']",[],9
迨,-1,['タイ'],[],9
廹,-1,['ハク'],"['せま（る）', 'せ（る）']",8
迻,-1,['イ'],"['うつ（す）', 'うつ（る）']",10
适,-1,['カツ'],[],10
迿,-1,['シュン'],[],10
迵,-1,['トウ'],[],10
逄,-1,['ホウ'],[],11
迾,-1,['レツ'],['さえぎ（る）'],10
逛,-1,['キョウ'],[],11
这,-1,['シャ'],"['こ（の）', 'これ', 'は（う）']",8
逘,-1,"['ギ', 'シ']",[],11
艁,-1,['ゾウ'],"['つく（る）', 'いた（る）', 'な（る）', 'はじ（める）', 'みやつこ']",13
逷,-1,['テキ'],"['とお（い）', 'はる（か）']",12
逌,-1,['ユウ'],[],11
卣,-1,,,-1
逳,-1,['イク'],[],12
逭,-1,['カン'],[],12
逪,-1,['サク'],[],12
逴,-1,"['タク', 'チャク']",[],12
逨,-1,['ライ'],[],12
逯,-1,['リョク'],[],12
过,-1,['カ'],"['す（ぎる）', 'す（ごす）', 'あやま（ち）', 'あやま（つ）', 'とが', 'よぎ（る）']",7
遌,-1,['ガク'],[],13
遃,-1,"['ガン', 'ゲン']",[],13
遄,-1,['セン'],[],13
遟,-1,['チ'],"['おく（らす）', 'おく（れる）', 'おそ（い）']",14
屖,-1,,,-1
逿,-1,['トウ'],[],13
衜,-1,"['ドウ', 'トウ']","['みち', 'い（う）', 'みちび（く）']",15
衟,-1,"['ドウ', 'トウ']","['みち', 'い（う）', 'みちび（く）']",16
逩,-1,['ホン'],[],12
㴑,-1,['ソ'],"['さかのぼ（る）', 'む（かう）']",12
㡿,-1,['セキ'],"['うかが（う）', 'しりぞ（ける）']",9
遝,-1,['トウ'],[],14
遢,-1,['トウ'],[],14
遛,-1,['リュウ'],[],14
遦,-1,['カン'],[],15
遧,-1,['ショウ'],[],15
遬,-1,['ソク'],[],15
遰,-1,['テイ'],[],15
遹,-1,['イツ'],[],16
遻,-1,"['ガク', 'ゴ']",[],16
㖾,-1,,,-1
迁,-1,['セン'],"['うつ（す）', 'うつ（る）']",7
拪,-1,['セン'],"['うつ（す）', 'うつ（る）']",9
遴,-1,['リン'],[],17
还,-1,"['カン', 'ゲン']","['かえ（す）', 'かえ（る）', 'また']",8
邅,-1,['テン'],[],17
邋,-1,['リョウ'],[],19
邌,-1,['レイ'],['ね（る）'],19
邎,-1,['ユウ'],[],22
䌛,-1,,,-1
邐,-1,['リ'],[],23
邘,-1,['ウ'],[],6
邗,-1,['カン'],[],6
邛,-1,['キョウ'],[],6
卭,-1,['キョウ'],[],5
邙,-1,['ボウ'],[],6
邢,-1,['ケイ'],[],7
郉,-1,['ケイ'],[],9
邟,-1,['コウ'],[],7
邥,-1,['シン'],[],7
邠,-1,['ヒン'],[],7
邡,-1,['ホウ'],[],7
邰,-1,['タイ'],[],8
邶,-1,['ハイ'],[],8
邳,-1,['ヒ'],[],8
邲,-1,['ヒツ'],[],8
邴,-1,['ヘイ'],[],8
邽,-1,['ケイ'],[],9
郌,-1,['ケイ'],[],13
郃,-1,['コウ'],[],9
郈,-1,['シ'],[],9
邿,-1,['シ'],[],9
郅,-1,['シツ'],[],9
郇,-1,['シュン'],[],9
邾,-1,['チュウ'],[],9
郒,-1,['ロウ'],['おとこ'],14
郝,-1,['カク'],[],10
郄,-1,"['ケキ', 'ゲキ']","['すき', 'すきま', 'ひま']",9
郚,-1,['ゴ'],[],10
郜,-1,"['コウ', 'コク']",[],10
郟,-1,['コウ'],[],10
郠,-1,['コウ'],[],10
郕,-1,['セイ'],[],10
郗,-1,['チ'],[],10
郥,-1,['ケキ'],[],10
郙,-1,['フ'],[],10
郘,-1,['リョ'],[],10
郳,-1,['ゲイ'],[],11
郰,-1,"['シュウ', 'スウ']",[],11
郪,-1,['セイ'],[],11
郯,-1,['タン'],[],11
郴,-1,['チン'],[],11
䣊,-1,['トウ'],[],11
郫,-1,['ヒ'],[],11
郶,-1,"['ブ', 'ホ', 'ホウ']","['くみ', 'す（べる）', 'つかさ', 'べ', 'わ（ける）']",15
郱,-1,['ヘイ'],[],9
郲,-1,['ライ'],[],11
鄅,-1,['ウ'],[],12
鄆,-1,['ウン'],[],12
郾,-1,['エン'],[],12
鄈,-1,['キ'],[],12
鄄,-1,['ケン'],[],12
鄀,-1,['ジャク'],[],11
鄃,-1,['シュ'],[],12
郿,-1,['ビ'],[],12
鄖,-1,['ウン'],[],13
䢵,-1,['ウン'],[],7
鄔,-1,['オ'],[],13
鄗,-1,['コウ'],[],13
鄏,-1,['ジョク'],[],13
鄋,-1,['ソウ'],[],13
鄎,-1,['ショク'],[],13
鄐,-1,['チク'],[],13
鄌,-1,['トウ'],[],13
鄍,-1,['メイ'],[],13
鄢,-1,['エン'],[],14
鄥,-1,['キョウ'],[],14
鄡,-1,['キョウ'],[],14
鄞,-1,['ギン'],[],14
鄠,-1,['コ'],[],14
鄣,-1,['ショウ'],[],14
鄟,-1,['セン'],[],14
鄛,-1,['ソウ'],[],14
鄚,-1,['バク'],[],13
鄤,-1,['バン'],[],14
鄜,-1,['フ'],[],14
鄘,-1,['ヨウ'],[],14
鄝,-1,['リョウ'],[],14
鄬,-1,['イ'],[],15
鄩,-1,['シン'],[],15
鄯,-1,"['セン', 'ゼン']",[],15
郑,-1,"['ジョウ', 'テイ']",['ねんご（ろ）'],9
鄧,-1,['トウ'],[],15
鄱,-1,['ハ'],[],15
鄮,-1,['ボウ'],[],15
鄶,-1,['カイ'],[],16
鄴,-1,['ギョウ'],[],16
鄵,-1,['ソウ'],[],16
鄳,-1,['ボウ'],[],16
鄹,-1,['スウ'],[],17
鄺,-1,['コウ'],[],18
鄾,-1,['ユウ'],[],18
酃,-1,['レイ'],[],20
酅,-1,['ケイ'],[],21
酆,-1,['ホウ'],[],21
鄷,-1,['ホウ'],[],16
酇,-1,['サン'],[],22
鄼,-1,['サン'],[],18
酈,-1,"['リ', 'レキ']",[],22
酏,-1,['イ'],[],10
酐,-1,['コウ'],[],10
酗,-1,['ク'],[],11
酙,-1,['シン'],"['おしはか（る）', 'く（む）']",11
酚,-1,['フン'],[],11
酛,-1,[],['もと'],11
酤,-1,['コ'],[],12
酡,-1,['タ'],[],12
酟,-1,['テン'],[],12
酧,-1,['シュウ'],['むく（いる）'],13
醻,-1,['シュウ'],['むく（いる）'],21
酮,-1,['トウ'],[],13
酭,-1,['ユウ'],[],13
酴,-1,['ト'],[],14
酶,-1,['バイ'],[],14
酻,-1,"['スイ', 'フ']",[],14
酺,-1,['ホ'],[],14
酹,-1,['ライ'],[],14
醃,-1,['エン'],[],15
醆,-1,['サン'],[],15
醕,-1,"['シュン', 'ジュン']","['あつ（い）', 'もっぱ（ら）']",16
䣩,-1,"['シュン', 'ジュン']","['あつ（い）', 'もっぱ（ら）']",11
醊,-1,"['テイ', 'テツ']",[],15
醅,-1,['ハイ'],[],15
醁,-1,['リョク'],[],15
醔,-1,['シュウ'],[],16
醑,-1,['ショ'],[],16
醓,-1,['タン'],[],16
醞,-1,['ウン'],[],17
醠,-1,['オウ'],[],17
盎,-1,['オウ'],[],10
醘,-1,['コウ'],[],17
醝,-1,['サ'],[],17
醡,-1,['サ'],[],17
醦,-1,['サン'],[],18
醨,-1,['リ'],[],18
䤈,-1,['ケイ'],['す'],16
醮,-1,['ショウ'],[],19
醰,-1,['タン'],[],19
醭,-1,['ホク'],[],19
醳,-1,"['エキ', 'セキ']",[],20
醶,-1,"['カン', 'ゲン']",['えぐ（い）'],20
醲,-1,['ジョウ'],[],20
醹,-1,['ジュ'],[],21
醼,-1,['エン'],[],23
醾,-1,['ビ'],[],24
釄,-1,['ビ'],[],26
醿,-1,['ビ'],[],24
醽,-1,['レイ'],[],24
舋,-1,['キン'],"['きざ（し）', 'きず', 'すきま', 'ちぬ（る）', 'ぬ（る）']",20
釂,-1,['ショウ'],[],25
釃,-1,"['シ', 'リ']",['した（む）'],26
釅,-1,['ゲン'],[],27
壄,-1,"['ヤ', 'ショ']","['の', 'いなかや', 'いや（しい）']",15
㮊,-1,,,-1
㙒,-1,"['ヤ', 'ショ']","['の', 'いなかや', 'いや（しい）']",12
竻,-1,"['キン', 'ロク']",[],8
竽,1,['ウ'],['ふえ'],9
笒,-1,['キン'],[],10
笐,-1,['コウ'],[],10
笇,-1,['サン'],[],10
㗛,-1,['ショウ'],"['わら（う）', 'え（む）']",13
䇦,-1,"['エイ', 'オウ', 'ヨウ']",[],11
䈔,-1,['カ'],['あしぶえ'],15
笴,-1,['カ'],[],11
笱,-1,['コウ'],[],11
笧,-1,['サク'],['しがらみ'],11
笮,-1,"['サ', 'サク']",[],11
笫,-1,['シ'],[],11
笽,-1,[],['そうけ'],11
笪,-1,"['タツ', 'タン']",[],11
笤,-1,['チョウ'],[],11
笯,-1,['ド'],[],11
笲,-1,['ハン'],[],11
笰,-1,['フツ'],[],11
笣,-1,['ホウ'],[],11
笭,-1,['レイ'],[],11
筇,-1,['キョウ'],[],12
笻,-1,['キョウ'],[],11
筁,-1,['キョク'],[],12
荕,-1,['キン'],['すじ'],9
筀,-1,['ケイ'],[],12
筕,-1,['コウ'],[],12
筊,-1,['コウ'],[],12
萗,-1,['サク'],"['つえ', 'はかりごと', 'ふだ', 'むち']",11
筎,-1,['ジョ'],[],12
䇮,-1,['ジン'],[],12
栰,-1,"['ハツ', 'バツ']",['いかだ'],10
笔,-1,['ヒツ'],['ふで'],10
笿,-1,['ラク'],[],12
筠,-1,['イン'],[],13
筷,-1,['カイ'],[],13
筦,-1,['カン'],[],13
筪,-1,['コウ'],[],13
筲,1,"['ソウ', 'ショウ']","['かご', 'ふご', 'めしびつ']",13
筯,-1,['チョ'],[],13
筳,-1,['テイ'],[],13
筩,-1,['トウ'],[],13
筢,-1,['ハ'],[],13
筤,-1,['ロウ'],[],13
箉,-1,"['カイ', 'タイ']",[],14
箞,-1,['ケン'],[],14
笟,-1,['コ'],['たが'],12
箛,-1,['コ'],[],15
箎,-1,"['コ', 'チ']",[],14
篪,1,['チ'],['ちのふえ'],16
竾,-1,['チ'],['ちのふえ'],9
䶵,-1,['チ'],['ちのふえ'],27
筭,-1,['サン'],"['かず', 'かぞ（える）']",13
箠,-1,['スイ'],[],14
箐,-1,"['セイ', 'セン', 'ショウ']",[],14
䇳,-1,['セン'],"['かきもの', 'ときあ（かし）', 'なふだ', 'はりふだ', 'ふだ']",12
㮍,-1,"['サン', 'セン']",[],13
箑,-1,['ソウ'],[],14
䈉,-1,['ソウ'],[],14
䈇,-1,['トウ'],[],14
箥,-1,['ハ'],[],14
箄,-1,"['ハイ', 'ヒ']",[],14
箅,-1,['ヘイ'],[],14
畀,-1,['ヒ'],[],8
箖,-1,['リン'],[],14
箓,-1,['ロク'],[],14
箼,-1,['オク'],[],15
箶,-1,['コ'],[],15
篊,-1,['コウ'],['ひび'],15
箬,-1,['ジャク'],[],14
篛,-1,['ジャク'],[],16
箰,-1,['シュン'],[],15
箺,-1,['シュン'],[],15
箾,-1,"['サク', 'ショウ']",[],15
箵,-1,['セイ'],[],15
篂,-1,['セイ'],[],15
篅,-1,['セン'],[],15
箲,-1,['セン'],[],15
䈚,-1,['タイ'],[],15
箽,-1,['トウ'],[],15
箯,-1,"['ヘン', 'ベン']",[],15
篈,-1,['ホウ'],[],15
䈎,-1,['ヨウ'],[],15
箻,-1,['リツ'],[],15
篔,-1,['ウン'],[],16
篙,-1,['コウ'],[],16
㰏,-1,['コウ'],[],20
籭,-1,['シ'],"['ふるい', 'ふる（う）']",25
篘,-1,['スウ'],[],16
篨,-1,['ジョ'],[],16
䈰,-1,['ソウ'],[],16
捎,-1,"['ショウ', 'ソウ']",[],10
篖,-1,['トウ'],[],16
䔍,-1,['トク'],['あつ（い）'],13
篚,-1,['ヒ'],[],16
篣,-1,['ホウ'],[],16
篗,-1,['ワク'],[],16
籰,-1,['ワク'],[],26
簃,-1,['イ'],[],17
簂,-1,['カク'],[],17
簋,-1,['キ'],[],17
簄,-1,['コ'],[],17
簆,-1,['コウ'],[],17
篸,-1,"['サン', 'シン']",[],17
篹,-1,"['サン', 'セン']",[],17
簁,-1,['シ'],[],17
簉,-1,['シュウ'],[],17
筿,-1,['ショウ'],"['しの', 'しのだけ']",13
篲,-1,['スイ'],"['は（く）', 'ほうき', 'ほうきぼし']",17
簎,-1,['サク'],['やす'],17
篿,-1,['タン'],[],17
篵,-1,['ソウ'],[],17
䈾,-1,['ソウ'],[],17
簌,-1,['ソク'],[],17
篴,-1,"['チク', 'テキ']",[],17
篼,-1,['トウ'],[],17
篺,-1,['ハイ'],[],17
捭,-1,['ハイ'],[],11
篻,-1,['ヒョウ'],[],17
篾,-1,['ベツ'],[],17
篰,-1,['ホウ'],[],17
簏,-1,['ロク'],[],17
簥,-1,['キョウ'],[],18
簛,-1,['シ'],[],18
簨,-1,['シュン'],[],18
簭,-1,"['セイ', 'ゼイ']",[],18
簦,-1,['トウ'],[],18
簜,-1,['トウ'],[],18
簙,-1,['ハク'],[],18
簱,-1,[],['はた'],18
簠,-1,"['フ', 'ホ']",[],18
盙,-1,"['フ', 'ホ']",[],12
㝬,-1,"['フ', 'ホ']",[],14
簩,-1,['ロウ'],[],18
簳,-1,['カン'],['やがら'],19
簺,-1,['サイ'],[],19
簘,-1,['ショウ'],"['しょうのふえ', 'ふえ']",17
簹,-1,['トウ'],[],19
簬,-1,['ロ'],[],19
簵,-1,['ロ'],[],19
簶,-1,['ロク'],[],19
簴,-1,['キョ'],[],19
虡,-1,['キョ'],[],14
籋,-1,['ジョウ'],[],20
筹,-1,['チュウ'],"['かずとり', 'はかりごと', 'はか（る）']",13
籊,-1,['テキ'],[],20
籅,-1,['ヨ'],[],19
籆,-1,['ワク'],[],19
䉤,-1,"['ス', 'ソウ']",['こめあげざる'],19
籑,-1,['セン'],[],21
籓,-1,['ハン'],[],21
籞,-1,['ギョ'],[],23
篽,-1,['ギョ'],[],18
籡,1,[],['しんし'],22
撿,-1,"['ケン', 'レン']",[],16
籛,-1,['セン'],[],22
籗,-1,['タク'],['ひし'],22
籜,-1,['タク'],[],22
籚,-1,['ロ'],[],22
籙,1,"['リョク', 'ロク']",['ふみ'],22
籧,-1,['キョ'],[],23
籣,-1,['ラン'],[],23
籢,-1,['レン'],"['くしげ', 'こばこ']",23
匲,-1,['レン'],"['くしげ', 'こばこ']",14
籩,-1,['ヘン'],[],25
籮,-1,['ラ'],[],25
籯,-1,['エイ'],[],26
籝,-1,['エイ'],[],22
籺,-1,['ケツ'],[],9
籽,-1,['シ'],[],9
籹,-1,['ジョ'],[],9
籸,-1,['シン'],[],9
籼,-1,['セン'],[],9
粆,-1,['サ'],[],10
粏,1,"['タ', 'ダ']",['ぬかみそ'],10
粔,-1,['キョ'],[],11
粣,-1,['サク'],[],11
粠,-1,['コウ'],[],12
秶,-1,['シ'],"['きび', 'しとぎ', 'もち']",11
糚,-1,"['ショウ', 'ソウ']","['めか（す）', 'よそお（う）']",16
粞,-1,['セイ'],[],12
稉,-1,['コウ'],"['うるち', 'ぬか']",12
粰,-1,"['フ', 'フウ']",[],13
粿,-1,['カ'],[],14
粷,-1,['キク'],[],14
糉,-1,['ソウ'],['ちまき'],15
粻,-1,['チョウ'],[],14
粺,-1,['ハイ'],[],14
粼,-1,['リン'],[],15
粶,-1,['ロク'],[],14
糇,-1,['コウ'],['ほしいい'],15
糈,-1,['ショ'],[],15
糄,-1,['ヘン'],[],15
糗,-1,['キュウ'],[],16
糕,-1,['コウ'],[],16
糍,-1,['シ'],[],15
糔,-1,['シュウ'],[],16
糏,-1,['セツ'],[],16
糛,-1,['トウ'],['あめ'],17
粇,-1,['コウ'],['ぬか'],10
糝,1,"['サン', 'シン']","['こなかき', 'めしつぶ']",17
糙,-1,['ソウ'],[],17
糦,-1,['シ'],[],18
糩,-1,['カイ'],[],19
糫,-1,['カン'],[],19
糥,-1,"['ダ', 'ナ']",['もちごめ'],18
穤,-1,"['ダ', 'ナ']",['もちごめ'],19
稬,-1,"['ダ', 'ナ']",['もちごめ'],14
糰,-1,['タン'],[],20
糱,1,['ゲツ'],"['こうじ', 'もやし']",22
糵,-1,['ゲツ'],"['こうじ', 'もやし']",22
糳,-1,['サク'],[],26
糷,-1,['ラン'],[],26
䊸,-1,['ウ'],"['ま（がる）', 'ま（げる）', 'まつ（わる）', 'まと（う）', 'むす（ぼれる）', 'めぐ（る）']",9
紈,-1,['カン'],[],9
紇,-1,['コツ'],[],9
紃,-1,['シュン'],[],9
紉,1,['ジン'],"['なわ', 'むす（ぶ）']",9
䋆,-1,[],['かせ'],10
紟,-1,['キン'],[],10
紒,-1,['ケイ'],[],10
紓,-1,['ショ'],[],10
紝,-1,['ジン'],[],10
絍,-1,['ジン'],[],12
紞,-1,['タン'],[],10
紖,-1,['チン'],[],10
紏,-1,['トウ'],[],10
紦,-1,['ハ'],[],10
紑,-1,"['フ', 'フウ']",[],10
絇,-1,['ク'],[],11
紭,-1,['コウ'],[],11
紥,-1,['サツ'],"['から（げる）', 'とど（まる）']",10
絁,-1,['シ'],['あしぎぬ'],11
紸,-1,['シュ'],[],11
紾,-1,"['シン', 'テン']",[],11
紽,-1,['タ'],[],11
䋎,-1,['タン'],[],11
紩,-1,['チツ'],[],11
絀,-1,['チュツ'],[],11
絈,-1,['バク'],['かせ'],11
紱,-1,['フツ'],[],11
紼,-1,['フツ'],[],11
䋖,-1,['イツ'],[],12
絪,-1,['イン'],[],12
絓,-1,['カイ'],[],12
絯,-1,['カイ'],[],12
絙,-1,"['カン', 'コウ']",[],12
絝,-1,['コ'],[],12
絗,-1,['コツ'],[],12
絑,-1,['シュ'],[],12
絕,-1,"['ゼツ', 'ゼチ', 'セツ']","['た（える）', 'た（つ）', 'た（やす）', 'はなは（だ）', 'わた（る）']",12
絟,-1,['セン'],[],12
絰,-1,['テツ'],[],12
綂,-1,['トウ'],"['す（べる）', 'おさ（める）', 'すじ']",13
絧,-1,['トウ'],[],12
絥,-1,['フク'],[],12
絫,-1,['ルイ'],[],12
綖,-1,"['エン', 'セン']",[],13
絿,-1,['キュウ'],[],13
綗,-1,['ケイ'],['うすぎぬ'],13
綌,-1,"['ケキ', 'ゲキ']",[],13
綋,-1,['コウ'],"['おおづな', 'ひろ（い）']",13
綆,-1,['コウ'],[],13
綑,-1,['コン'],[],13
綃,-1,['ショウ'],[],13
縧,-1,"['ジョウ', 'トウ']","['うちひも', 'さなだ']",17
綅,-1,"['シン', 'セン']",[],13
絺,-1,['チ'],[],13
綈,-1,['テイ'],[],13
綍,-1,['フツ'],[],13
絻,-1,"['ブン', 'ベン']",[],13
綁,-1,['ホウ'],[],13
緎,-1,['ヨク'],[],14
綶,-1,['カ'],[],14
綦,1,['キ'],['あやぎぬ'],14
綨,-1,['キ'],['あやぎぬ'],14
緄,-1,['コン'],[],14
綷,-1,"['サイ', 'スイ']",[],14
紣,-1,"['サイ', 'スイ']",[],10
緅,-1,"['シュ', 'スウ']",[],14
綧,-1,"['シュン', 'ジュン']",[],14
緃,-1,['ショウ'],[],14
緌,-1,['ズイ'],['おいかけ'],14
緀,-1,['セイ'],[],14
紪,-1,['セイ'],[],12
緆,-1,['セキ'],[],14
綪,-1,"['セン', 'ソウ']",[],14
緫,-1,['ソウ'],"['すべ（て）', 'す（べる）', 'ふさ']",15
摠,-1,['ソウ'],"['すべ（て）', 'す（べる）', 'ふさ']",14
揔,-1,['ソウ'],"['すべ（て）', 'す（べる）', 'ふさ']",12
捴,-1,['ソウ'],"['すべ（て）', 'す（べる）', 'ふさ']",11
綞,-1,['タ'],[],14
緂,-1,['タン'],['だん'],14
綝,-1,"['シン', 'チン', 'リン']",[],14
綹,-1,['リュウ'],[],14
緉,-1,['リョウ'],[],14
緭,-1,['イ'],[],15
䌂,-1,['オウ'],[],15
緺,-1,['カ'],[],15
緙,-1,['カク'],[],15
緱,-1,['コウ'],[],15
緪,-1,['コウ'],[],15
絚,-1,['コウ'],[],12
緦,-1,['シ'],[],15
緧,-1,['シュウ'],[],15
緗,-1,['ショウ'],[],15
緛,-1,['ゼン'],[],15
緵,-1,['ソウ'],[],15
緹,-1,['テイ'],[],15
縀,-1,"['タン', 'ダン', 'ドン']",[],15
緢,-1,"['ビョウ', 'ボウ']",[],14
緍,-1,"['ビン', 'ミン']","['いと', 'さし']",14
緶,-1,['ヘン'],[],15
緥,-1,['ホウ'],[],15
縜,-1,['イン'],[],16
緼,-1,"['ウン', 'オン']","['おくぶか（い）', 'ふるわた']",15
縈,-1,['エイ'],[],16
縑,-1,['ケン'],['かとり'],16
縠,-1,['コク'],[],16
縗,-1,['サイ'],[],16
縉,-1,['シン'],['さしはさ（む）'],16
縝,-1,['シン'],[],16
縐,-1,['スウ'],[],16
縚,-1,['トウ'],[],16
䋣,-1,['ハン'],"['しげ（る）', 'わずら（わしい）']",13
縏,-1,['ハン'],[],16
縨,-1,[],['ほろ'],16
繄,-1,['エイ'],[],17
縯,-1,"['イン', 'エン']",[],17
縴,-1,['ケン'],[],17
繀,-1,['サイ'],[],17
縿,-1,"['サン', 'ショウ', 'ソウ']",[],17
縰,-1,['シ'],[],17
縬,-1,['シュク'],['しじら'],17
繅,-1,['ソウ'],[],17
縶,-1,['チュウ'],[],17
縳,-1,"['ケン', 'テン']",[],17
綳,-1,['ホウ'],"['たば（ねる）', 'ま（く）']",14
繇,-1,"['チュウ', 'ユウ', 'ヨウ']",[],17
縭,-1,['リ'],[],17
繂,-1,['リツ'],[],17
纝,-1,['ルイ'],"['しば（る）', 'つな（ぐ）', 'なわ']",27
纍,-1,['ルイ'],[],21
繘,-1,['キツ'],[],18
繢,-1,['カイ'],[],18
繣,-1,['カイ'],[],18
繥,-1,['キ'],[],18
繐,-1,['ケイ'],[],18
絸,-1,['ケン'],['まゆ'],13
蠒,-1,['ケン'],['まゆ'],20
繠,-1,['ズイ'],[],18
繟,-1,['セン'],[],18
繎,-1,['ゼン'],[],18
繒,-1,"['ショウ', 'ソウ']",[],18
繲,-1,['カイ'],[],19
繮,-1,['キョウ'],[],19
繯,-1,"['カン', 'ケン']",[],19
繳,1,"['キョウ', 'シャク']","['いぐるみ', 'おさ（める）', 'かえ（す）', 'まつ（わる）']",19
繸,-1,['スイ'],[],19
繵,-1,"['タン', 'テン']",[],19
纁,-1,['クン'],[],20
䙧,-1,['クン'],[],19
繾,-1,['ケン'],[],20
纊,1,['コウ'],"['わた', 'わたいれ']",21
纆,-1,['ボク'],[],21
纇,-1,['ライ'],[],21
纑,-1,['ロ'],[],22
䋝,-1,"['エイ', 'ヨウ']","['ひも', 'まと（う）', 'むながい']",12
纕,-1,"['ショウ', 'ジョウ']",[],23
纚,-1,"['シ', 'リ']",[],25
䌫,-1,['ラン'],['ともづな'],23
纞,-1,['レン'],[],29
缿,-1,['コウ'],[],12
缾,-1,['ヘイ'],[],12
罃,-1,['オウ'],[],16
罄,-1,['ケイ'],[],17
罇,-1,['ソン'],[],18
罈,-1,['タン'],[],18
罋,-1,['オウ'],[],19
甖,-1,['オウ'],"['かめ', 'もたい']",19
甇,-1,['オウ'],"['かめ', 'もたい']",15
罏,-1,['ロ'],[],22
罓,-1,[],[],4
䍐,-1,['カン'],"['とりあみ', 'はた', 'まれ（に）']",8
罛,-1,['コ'],[],11
罝,-1,"['シャ', 'ショ']",[],10
罜,-1,['シュ'],[],10
罣,-1,"['カイ', 'ケイ']",[],11
罥,-1,['ケン'],[],12
罤,-1,"['コン', 'テイ']",[],12
罦,-1,['フ'],[],12
罭,-1,['ヨク'],[],13
辠,-1,['ザイ'],['つみ'],13
罬,-1,['テツ'],[],13
罳,-1,['シ'],[],14
罱,-1,['ラン'],[],14
罶,-1,['リュウ'],[],15
羀,-1,['リュウ'],[],18
罻,-1,['イ'],[],16
罺,-1,['ソウ'],[],16
䍡,-1,['ロク'],[],16
罽,-1,['ケイ'],[],17
剡,-1,,,-1
罿,-1,['ショウ'],[],17
罾,-1,['ソウ'],[],17
覉,-1,['キ'],"['たび', 'たびびと']",23
羉,-1,['ラン'],[],24
羋,-1,['ビ'],[],8
芈,-1,['ビ'],[],7
羗,-1,['キョウ'],['えびす'],10
羍,-1,['タツ'],[],9
羑,-1,['ユウ'],[],9
羐,-1,['ユウ'],[],10
羏,-1,"['ショウ', 'ヨウ']",[],9
羖,-1,['コ'],[],10
羓,-1,['ハ'],[],10
羜,-1,['チョ'],[],11
羡,-1,['イ'],[],12
羢,-1,['ジュウ'],[],12
羦,-1,['カン'],[],13
羧,-1,['サイ'],[],13
羪,-1,['ヨウ'],"['やしな（う）', 'やしな（い）']",13
䍲,-1,['ゲイ'],[],14
䍶,-1,['トウ'],[],14
羬,-1,"['カン', 'ゲン']",[],15
羭,-1,['ユ'],[],15
羱,-1,['ゲン'],[],16
䍺,-1,['カン'],[],17
羳,-1,['ハン'],[],18
羴,-1,['セン'],['なまぐさ（い）'],18
羵,-1,['フン'],[],18
羼,-1,['サン'],[],21
羽,11,['ウ'],"['は', 'はね']",6
羿,-1,['ゲイ'],[],9
羾,-1,['コウ'],[],9
翃,-1,['コウ'],[],10
翄,-1,['シ'],"['つばさ', 'はね']",10
翀,-1,['チュウ'],[],10
翈,-1,['コウ'],[],11
翎,-1,['レイ'],[],11
翛,-1,"['シュク', 'ショウ']",[],13
翣,-1,['ソウ'],[],14
翢,-1,['トウ'],[],14
翬,-1,['キ'],[],15
翨,-1,['シ'],[],15
翥,-1,['ショ'],[],15
䬡,-1,['ショ'],[],18
翮,-1,['カク'],[],16
翯,-1,['コク'],[],16
翲,-1,['ヒョウ'],[],17
翺,-1,"['コウ', 'ゴウ']",[],18
臯,-1,['コウ'],"['さつき', 'さわ']",12
翱,-1,"['コウ', 'ゴウ']",[],16
翶,-1,"['コウ', 'ゴウ']",[],17
翽,-1,['カイ'],[],19
翾,-1,['ケン'],[],19
翿,-1,['トウ'],[],20
耇,-1,['コウ'],[],9
耈,-1,['コウ'],[],11
耊,-1,['テツ'],"['お（いる）', 'としよ（り）']",10
耍,-1,['サ'],[],9
耏,-1,"['ジ', 'ダイ']",[],9
䎡,-1,['ゼン'],[],10
耓,-1,['テイ'],[],8
耔,-1,['シ'],[],9
耖,-1,['ソウ'],[],10
䎱,-1,['ハ'],['まぐわ'],21
耞,-1,['カ'],[],11
耟,-1,['キョ'],[],11
耝,-1,"['ショ', 'ソ']",[],11
耠,-1,['コウ'],[],12
耩,-1,['コウ'],[],16
槈,-1,['ドウ'],"['くさぎ（る）', 'くわ', 'す（く）']",14
耬,-1,['ロウ'],[],17
耮,-1,['ロウ'],[],18
耰,-1,['ユウ'],[],21
耱,-1,['バ'],[],22
耵,-1,['テイ'],[],8
耷,-1,['トウ'],[],9
耺,-1,['ウン'],[],10
耹,-1,['キン'],[],10
耾,-1,['コウ'],[],10
躭,-1,['タン'],['ふけ（る）'],11
耼,-1,['タン'],[],10
聃,-1,['タン'],[],11
聄,-1,['シン'],[],11
聏,-1,"['ジ', 'ジク']",[],12
聦,-1,['ソウ'],['さと（い）'],15
聠,-1,['ヘイ'],[],12
聤,-1,['テイ'],[],15
聭,-1,['キ'],[],16
聱,-1,"['ギュウ', 'ゴウ']",[],17
聵,-1,"['カイ', 'ガイ']",[],18
聀,-1,"['ショク', 'シキ', 'トク']","['つかさ', 'つかさど（る）', 'つと（め）']",10
軄,-1,"['ショク', 'シキ', 'トク']","['つかさ', 'つかさど（る）', 'つと（め）']",19
聻,-1,"['ジ', 'セキ', 'セン']",[],20
肁,-1,['チョウ'],[],10
肈,-1,['チョウ'],"['はじ（め）', 'はじ（める）']",14
胔,-1,['シ'],[],12
胾,-1,['シ'],[],12
臡,-1,['デイ'],[],25
臫,-1,['キョウ'],[],7
臰,-1,['シュウ'],[],12
臲,-1,['ゲツ'],[],16
臵,-1,['カク'],[],12
臸,-1,"['シ', 'シン']",[],12
臶,-1,['セン'],[],12
臷,-1,['テツ'],[],12
臹,-1,['シュウ'],[],13
㬰,-1,"['ユ', 'ヨウ']","['しばら（く）', 'ひきと（める）', 'わず（か）']",6
㫪,-1,['ショウ'],"['うすづ（く）', 'つ（く）']",10
舃,-1,"['シャク', 'セキ']",[],12
舏,-1,['キュウ'],[],8
䑛,-1,['シ'],"['な（める）', 'ねぶ（る）']",11
舓,-1,['シ'],"['な（める）', 'ねぶ（る）']",14
舑,-1,['タン'],[],11
䑙,-1,['タン'],[],10
舕,-1,['タン'],[],14
舔,-1,['テン'],[],14
舙,-1,"['カ', 'カイ']",[],18
舚,-1,['テン'],[],19
舝,-1,['カツ'],[],14
舠,-1,['トウ'],[],8
舡,-1,['コウ'],[],9
舢,-1,['サン'],[],9
舨,-1,['ハン'],[],10
舺,-1,['コウ'],[],11
䑨,-1,"['タ', 'ダ']",['かじ'],11
舴,-1,['サク'],[],11
舲,-1,['レイ'],[],11
舼,-1,['キョウ'],[],12
艄,-1,['ソウ'],[],13
艉,-1,['ビ'],[],13
艅,-1,['ヨ'],[],13
艃,-1,['リ'],[],13
艆,-1,['ロウ'],[],13
䑶,-1,['セン'],[],14
艌,-1,['ネン'],[],14
艋,-1,['モウ'],[],14
䑳,-1,['リン'],[],14
艎,-1,['コウ'],[],15
艏,-1,['シュウ'],[],15
艑,-1,['ヘン'],[],15
艒,-1,['ボク'],[],15
艗,-1,['ゲキ'],[],16
艖,-1,['サ'],[],16
䑽,-1,['トウ'],[],16
艜,-1,['タイ'],[],17
艠,-1,[],['いかだ'],18
艧,-1,['ワク'],[],19
艣,-1,['ロ'],['かい'],19
艭,-1,['ソウ'],[],24
囏,-1,['カン'],"['かた（い）', 'くる（しい）', 'くる（しむ）', 'けわ（しい）', 'なや（み）', 'なや（む）', 'むずか（しい）']",23
艴,-1,"['フツ', 'ホツ']",[],11
豓,-1,['エン'],"['つや', 'あで（やか）', 'うらや（む）', 'なまめ（かしい）']",27
艹,-1,[],[],4
艹,-1,[],[],4
艽,-1,"['キュウ', 'コウ']",[],5
芁,-1,['キュウ'],[],5
艿,-1,['ジョウ'],[],5
芀,-1,['チョウ'],[],5
艻,-1,"['キョク', 'ロク']",[],5
芉,-1,['カン'],[],6
芄,-1,"['カン', 'ガン']",[],6
芑,-1,['キ'],[],6
芎,-1,['キュウ'],[],6
芐,-1,"['カ', 'コ']",[],6
芓,-1,['シ'],[],6
䒕,-1,['ショウ'],[],6
芊,-1,['セン'],[],6
芖,-1,['チ'],[],6
芏,-1,['ト'],[],6
芇,-1,['ベン'],[],6
芃,-1,['ホウ'],[],6
芅,-1,['ヨク'],[],6
芛,-1,['イ'],[],7
芺,-1,"['オウ', 'ヨウ']",[],7
芲,-1,"['カ', 'ケ']",['はな'],7
仑,-1,,,-1
芪,-1,"['キ', 'ギ']",[],7
芰,-1,['キ'],['ひし'],7
芨,-1,['キュウ'],[],7
芩,-1,['キン'],[],7
芵,-1,['ケツ'],[],7
芡,-1,['ケン'],[],7
芤,-1,['コウ'],[],7
芷,-1,['シ'],[],7
芿,-1,['ジョウ'],[],7
苆,1,[],['すさ'],7
芧,-1,"['ショ', 'チョ']",[],7
芚,-1,"['チュン', 'トン']",[],7
芘,-1,['ヒ'],[],7
芣,-1,"['フ', 'フウ']",[],7
芾,-1,"['ヒ', 'フツ']",[],7
芴,-1,"['コツ', 'ブツ']",[],7
芠,-1,['ブン'],[],7
芼,-1,['ボウ'],[],7
苢,-1,"['イ', 'シ']",[],8
偀,-1,['エイ'],"['はな', 'はなぶさ', 'ひい（でる）']",10
苷,-1,['カン'],[],8
茍,-1,['キョク'],[],9
苘,-1,['ケイ'],[],8
苽,-1,['コ'],[],9
茁,-1,['サツ'],[],8
茋,-1,['シ'],[],8
茌,-1,['シ'],[],8
菭,-1,['タイ'],['こけ'],11
苕,-1,['チョウ'],[],8
苐,-1,"['ダイ', 'テイ']",[],8
苨,-1,['デイ'],[],8
苶,-1,['デツ'],[],8
茇,-1,['ハツ'],[],8
苤,-1,['ヒ'],[],8
苾,-1,['ヒツ'],[],8
苠,-1,['ビン'],[],8
茀,-1,"['ハイ', 'フツ']",[],8
苪,-1,['ヘイ'],[],8
苯,-1,['ホン'],[],8
苚,-1,['ヨウ'],[],8
苭,-1,['ヨウ'],[],8
䒾,-1,['イ'],['みの'],9
茟,-1,['イツ'],[],9
荢,-1,['ウ'],[],9
荄,-1,['カイ'],[],9
䒷,-1,['カツ'],[],9
荁,-1,['カン'],[],9
荍,-1,['キョウ'],[],9
茥,-1,['ケイ'],[],9
茭,-1,['コウ'],[],9
荇,-1,['コウ'],[],9
莕,-1,['コウ'],[],10
茩,-1,['コウ'],[],9
茳,-1,['コウ'],[],9
茛,-1,['コン'],[],9
茊,-1,"['シ', 'ジ']","['ここ', 'ここ（に）', 'しげ（る）', 'とし', 'ま（す）', 'ますます']",8
茈,-1,"['シ', 'サイ']",[],9
茡,-1,['シ'],[],9
茬,-1,['シ'],[],9
茺,-1,['シュウ'],[],9
茙,-1,['ジュウ'],[],9
荗,-1,['シュツ'],[],9
茮,-1,"['ショウ', 'ジョウ']",[],9
荃,-1,['セン'],['うえ'],9
荈,-1,['セン'],[],10
㽵,-1,"['ソウ', 'ショウ']","['おごそ（か）', 'しもやしき']",8
荎,-1,['チ'],[],9
茽,-1,['チュウ'],[],9
荑,-1,"['イ', 'テイ']",[],9
茼,-1,['トウ'],[],9
茷,-1,"['ハイ', 'ハツ']",[],9
荂,-1,['フ'],[],9
茻,-1,['ボウ'],[],12
䒽,-1,['ボウ'],[],9
荔,-1,"['リ', 'レイ']",['おおにら'],9
茢,-1,['レツ'],[],9
荖,-1,"['サ', 'ロウ']",[],9
蕐,-1,"['カ', 'ケ', 'ゲ']","['はな', 'しろ（い）']",15
华,-1,"['カ', 'ケ', 'ゲ']","['はな', 'しろ（い）']",6
莃,-1,['キ'],[],10
莍,-1,['キュウ'],[],10
莒,-1,['キョ'],[],10
荚,-1,['キョウ'],['さや'],9
莙,-1,['クン'],[],10
莄,-1,['コウ'],[],10
䓔,-1,[],"['こま', 'こも']",10
莝,-1,['サ'],[],10
莘,-1,['シン'],[],10
茞,-1,['シン'],[],10
莀,-1,"['シン', 'ノウ']",[],10
荽,-1,['スイ'],[],10
荾,-1,['スイ'],[],10
荿,-1,['セイ'],[],10
莦,-1,"['ショウ', 'ソウ']",[],10
莌,-1,['タツ'],[],10
莜,-1,['チョウ'],[],10
莛,-1,['テイ'],[],10
蔐,-1,['テキ'],['おぎ'],14
藡,-1,['テキ'],['おぎ'],18
荰,-1,['ト'],[],10
莆,-1,"['フ', 'ホ']",[],10
莩,-1,"['ヒョウ', 'フ']",[],10
莬,-1,"['ブン', 'ベン']",[],10
莂,-1,['ヘツ'],[],10
莔,-1,"['ボウ', 'モウ']",[],10
囧,-1,,,-1
荸,-1,"['ホツ', 'ボツ']",[],10
蒞,-1,['リ'],['のぞ（む）'],13
涖,-1,,,-1
葊,-1,['アン'],['いおり'],12
菀,-1,"['ウツ', 'ウン', 'エン', 'オン']",[],11
菸,-1,"['エン', 'ヨ']",[],11
菏,-1,['カ'],[],11
菡,-1,['カン'],[],11
䓿,-1,['カン'],[],13
圅,-1,,,-1
萁,1,['キ'],['まめがら'],11
蘜,-1,['キク'],[],20
蓳,-1,['キン'],"['すみれ', 'とりかぶと']",14
萙,-1,[],['くたびれ'],11
菤,-1,['ケン'],[],11
菇,-1,['コ'],[],11
莿,-1,['シ'],[],11
茝,-1,"['サイ', 'シ']",[],10
菆,-1,"['シュウ', 'ス']",[],11
菨,-1,"['ショウ', 'ソウ']",[],11
菥,-1,['セキ'],[],11
菹,-1,['ソ'],[],11
葅,-1,['ソ'],[],12
萐,-1,"['ショウ', 'ソウ']",[],11
萏,-1,['タン'],[],11
菼,-1,['タン'],[],11
菂,-1,['テキ'],[],11
菾,-1,['テン'],[],11
菪,-1,['トウ'],[],11
菝,-1,"['ハツ', 'バツ']",[],11
萉,-1,['ヒ'],[],11
菔,-1,['フク'],[],11
荓,-1,['ヘイ'],[],11
萆,-1,"['ヒ', 'ヘイ', 'ヘキ']",[],11
菢,-1,['ホウ'],[],11
菶,-1,['ホウ'],[],11
菵,-1,['ボウ'],[],11
䔖,-1,['リョウ'],['ひし'],14
菉,-1,['リョク'],[],11
䓞,-1,['レイ'],[],11
葳,-1,['イ'],[],12
葜,-1,['カツ'],[],12
萿,-1,['カツ'],[],12
葀,-1,['カツ'],[],12
葌,-1,['カン'],[],12
菣,-1,['キン'],[],12
葪,-1,['ケイ'],[],12
㓩,-1,,,-1
萲,-1,"['カン', 'ケン']","['かや', 'わすれぐさ']",12
蕿,-1,"['カン', 'ケン']","['かや', 'わすれぐさ']",16
藼,-1,"['カン', 'ケン']","['かや', 'わすれぐさ']",19
蘐,-1,"['カン', 'ケン']","['かや', 'わすれぐさ']",19
葟,-1,['コウ'],[],12
葒,-1,['コウ'],[],12
葓,-1,['コウ'],[],12
葈,-1,['シ'],[],12
枲,-1,,,-1
葸,-1,['シ'],[],12
葘,-1,"['サイ', 'シ']",[],12
菑,-1,"['サイ', 'シ']",[],11
葇,-1,['ジュウ'],[],12
蒁,-1,"['シュツ', 'ジュツ']",[],12
葙,-1,"['ショウ', 'ソウ']",[],12
葚,-1,['シン'],[],12
葰,-1,"['シュン', 'スイ']",[],12
葠,-1,['シン'],[],12
蓡,-1,['シン'],[],13
葴,-1,['シン'],[],12
蒅,-1,[],['すくも'],12
莭,-1,['セツ'],[],12
葏,-1,"['セイ', 'セン']",[],12
葥,-1,['セン'],[],12
葄,-1,['ソ'],[],12
塟,-1,['ソウ'],['ほうむ（る）'],12
㘸,-1,,,-1
葼,-1,['ソウ'],['しもと'],12
葤,-1,['チュウ'],[],12
葶,-1,['テイ'],[],12
葖,-1,['トツ'],[],12
葞,-1,['ビ'],[],12
萯,-1,['フ'],[],12
葍,-1,['フク'],[],12
葐,-1,"['フン', 'ホン']",[],12
萹,-1,['ヘン'],[],12
葑,-1,['ホウ'],[],12
葧,-1,['ホツ'],[],12
茰,-1,['ユ'],[],9
葽,-1,['ヨウ'],[],12
蒕,-1,['ウン'],[],13
蒽,-1,['オン'],[],13
蒯,-1,['カイ'],[],13
䔈,-1,['コウ'],[],13
蓇,-1,['コツ'],[],13
蓌,-1,['サ'],[],13
夎,-1,,,-1
䔋,-1,['サ'],[],13
蒴,-1,['サク'],[],13
蒒,-1,['シ'],[],13
蒺,-1,['シツ'],[],13
蒓,-1,['シュン'],['ぬなわ'],13
蒠,-1,['ショク'],[],13
蒨,-1,['セン'],[],13
蔳,-1,['セン'],[],14
淸,-1,,,-1
蒩,-1,"['ショ', 'ソ']",[],13
蓀,-1,['ソン'],[],13
蒧,-1,['テン'],[],13
蓎,-1,['トウ'],[],13
蓜,-1,['ハイ'],[],13
蓓,-1,['ハイ'],[],13
蒪,-1,['ハク'],[],13
蒱,-1,['ホ'],[],13
蓂,-1,"['メイ', 'ミョウ', 'ベキ', 'ミャク']",[],13
蒾,-1,"['ベイ', 'メイ']",[],13
蓏,-1,['ラ'],[],15
㼌,-1,,,-1
蒗,-1,['ロウ'],[],13
蓈,-1,['ロウ'],[],13
䕃,-1,['イン'],"['おお（う）', 'おかげ', 'かげ', 'しげ（る）']",15
蔫,-1,['エン'],[],14
蓲,-1,"['オウ', 'ク', 'フ']",[],14
蔊,-1,['カン'],[],14
焊,-1,,,-1
蔇,-1,['キ'],[],14
蔃,-1,['キョウ'],[],14
蔲,-1,['コウ'],[],14
蔜,-1,['ゴウ'],[],14
蔛,-1,['コク'],[],14
蓰,-1,['シ'],[],14
蓻,-1,['シュウ'],[],14
蔠,-1,['シュウ'],[],14
蓯,-1,"['ジュ', 'ショウ', 'ソウ']",[],14
蔧,-1,['スイ'],[],14
蔎,-1,['セツ'],[],14
蔪,-1,"['サン', 'セン']",[],14
蔥,-1,['ソウ'],"['あお（い）', 'き', 'ねぎ']",14
蔌,-1,['ソク'],[],14
蓷,-1,"['スイ', 'タイ']",[],14
蓨,-1,"['シュウ', 'チョウ']",[],14
蓧,-1,['チョウ'],[],14
蔯,-1,['チン'],[],14
蓪,-1,"['ツウ', 'トウ']",[],14
蔢,-1,['ハ'],[],14
蓽,-1,['ヒツ'],[],14
蔤,-1,['ビツ'],['はい'],14
蔈,-1,['ヒョウ'],[],14
蓱,-1,['ヘイ'],[],14
洴,-1,,,-1
薎,-1,['ベツ'],"['さげす（む）', 'くら（い）', 'ないがし（ろ）', 'なみ（する）']",16
蓩,-1,['ボウ'],[],14
蔂,-1,['ルイ'],[],14
蔞,-1,"['ル', 'ロウ']",[],14
蔶,-1,['サク'],['す'],14
蔿,-1,['イ'],[],15
蕓,-1,['ウン'],[],15
蕑,-1,['カン'],[],15
蕳,-1,['カン'],[],15
䕀,-1,['カン'],[],15
蕢,-1,"['カイ', 'キ']",[],15
蕖,-1,['キョ'],[],15
蕙,-1,['ケイ'],[],15
蕞,-1,['サイ'],[],15
橓,-1,['シュン'],"['あさがお', 'むくげ']",17
蕠,-1,['ジョ'],[],15
蕤,-1,['ズイ'],[],15
甤,-1,['ズイ'],[],12
蕝,-1,['セツ'],[],15
蕏,-1,['チョ'],[],15
蕆,-1,['テン'],[],15
蕫,-1,['トウ'],[],15
蕟,-1,['ハイ'],[],15
蕒,-1,['バイ'],[],15
蕜,-1,['ヒ'],[],15
蔾,-1,"['リ', 'レイ']",[],15
棃,-1,,,-1
薆,-1,['アイ'],[],16
薁,-1,['イク'],[],16
蕸,-1,['カ'],[],16
薖,-1,['カ'],[],16
薢,-1,['カイ'],[],16
薌,-1,['キョウ'],[],16
蘍,-1,['クン'],"['かお（る）', 'かおりぐさ', 'た（く）']",19
蕻,-1,['コウ'],[],16
薧,-1,['コウ'],[],16
薅,-1,['コウ'],[],16
媷,-1,,,-1
蕼,-1,['シ'],[],16
薋,-1,['シ'],[],16
蕺,-1,['シュウ'],[],16
戢,-1,['シュウ'],[],13
䔥,-1,['ショウ'],"['しず（か）', 'よもぎ']",14
薥,-1,['ショク'],[],16
薓,-1,"['サン', 'シン']","['ちょうせんにんじん', 'にんじん', 'むら（がる）']",16
薝,-1,"['セン', 'タン']",[],16
薘,-1,['タツ'],[],16
蕽,-1,"['ドウ', 'ノウ']",[],16
薠,-1,['ハン'],[],16
薭,-1,[],['ひえ'],16
蕡,-1,"['ヒ', 'フン']",[],15
蕹,-1,['ヨウ'],[],16
薏,1,['ヨク'],[],16
薟,-1,"['ケン', 'レン']",[],16
﨟,1,['ロウ'],['くれ'],16
薉,-1,['ワイ'],[],16
薳,-1,"['エン', 'オン']",[],17
薿,-1,['ギ'],[],17
藑,-1,['ケイ'],[],17
敻,-1,,,-1
藳,-1,['コウ'],['わら'],18
蕯,-1,['サツ'],[],15
薾,-1,"['ジ', 'デイ']",[],17
薷,-1,['ジュ'],[],17
薽,-1,['シン'],[],17
藎,-1,"['シン', 'ジン']",[],17
萕,-1,"['ザイ', 'セイ']","['なずな', 'はまびし']",11
薱,-1,['タイ'],[],17
藋,-1,"['タク', 'チョウ']",[],17
薼,-1,"['ジン', 'チン']",[],17
薴,-1,"['ドウ', 'ネイ']",[],17
薸,-1,['ヒョウ'],[],17
藊,-1,['ヘン'],[],17
稨,-1,['ヘン'],[],14
藇,-1,"['ショ', 'ヨ']",[],16
藙,-1,['ギ'],[],18
藭,-1,['キュウ'],[],18
藠,-1,"['キョウ', 'ギョウ']",[],18
皛,-1,"['キョウ', 'ハク']",[],15
藚,-1,['ショク'],[],18
䕨,-1,['トウ'],['ふじ'],19
藨,-1,['ヒョウ'],[],18
藦,-1,"['バ', 'マ']",[],18
藘,-1,['リョ'],[],18
䕡,-1,['リョ'],[],18
藟,-1,['ルイ'],[],18
蘽,-1,['ルイ'],[],22
櫐,-1,,,-1
藿,-1,['カク'],[],19
蘄,-1,['キ'],[],19
蘁,-1,"['ガク', 'ゴ']",[],19
蘅,-1,['コウ'],[],19
薻,-1,['ソウ'],"['も', 'あや']",17
漅,-1,,,-1
蘀,-1,['タク'],[],19
蘑,-1,"['バ', 'マ']",[],19
薲,-1,['ヒン'],"['うきくさ', 'かたばみも']",17
蘉,-1,['ボウ'],[],19
䕲,-1,['リン'],[],19
廪,-1,,,-1
藶,-1,['レキ'],[],19
蘛,-1,['イク'],[],20
蘡,-1,['エイ'],[],20
蘙,-1,['エイ'],[],20
蘤,-1,"['イ', 'カ']",[],20
蘧,-1,['キョ'],[],20
蘘,-1,['ジョウ'],[],20
蘩,-1,['ハン'],[],20
䕷,-1,['ビ'],[],20
蘦,-1,['レイ'],[],20
蘞,-1,['レン'],['えぐ（い）'],20
蘶,-1,['ギ'],[],21
蘹,-1,['カイ'],[],22
蘸,-1,['サン'],[],22
醀,-1,,,-1
蘼,-1,['ビ'],[],22
蘺,-1,['リ'],[],22
虈,-1,['キョウ'],[],24
嚻,-1,,,-1
䖀,-1,['キョウ'],[],24
虉,-1,['ゲキ'],[],24
虆,-1,"['ラ', 'ルイ']",[],24
虂,-1,['ロ'],[],24
蘒,-1,[],['はぎ'],24
蘒,-1,[],['はぎ'],19
虝,-1,['コ'],['とら'],12
虓,-1,['コウ'],[],10
虗,-1,"['キョ', 'コ']","['うつ（ける）', 'うつ（ろ）', 'うろ', 'むな（しい）']",11
虙,-1,['フク'],[],11
虠,-1,['コウ'],[],14
虢,-1,['カク'],[],15
虤,-1,['ガン'],[],16
虣,-1,['ホウ'],[],16
虩,-1,"['ケキ', 'ゲキ', 'サク']",[],18
虯,-1,['キュウ'],['みずち'],8
虬,-1,['キュウ'],['みずち'],7
虭,-1,['チョウ'],[],8
虰,-1,['テイ'],[],8
虶,-1,['ウ'],[],9
虷,-1,['カン'],[],9
虺,-1,"['カイ', 'キ']",[],9
虸,-1,['シ'],[],9
虴,-1,['タク'],[],9
蚏,-1,['エツ'],[],10
蚜,-1,['カ'],[],10
蚧,-1,['カイ'],[],10
蚑,-1,['キ'],[],10
蚔,-1,['キ'],[],10
蚚,-1,['キ'],[],10
蚖,-1,"['ガン', 'ゲン']",[],10
蝅,-1,['サン'],"['かいこ', 'こ']",14
蠺,-1,['サン'],"['かいこ', 'こ']",24
蚝,-1,['シ'],[],10
蚇,-1,['セキ'],[],10
蚦,-1,['ゼン'],[],10
蚺,-1,['ゼン'],[],11
蚍,-1,['ヒ'],[],10
蚨,-1,['フ'],[],10
蚡,-1,['フン'],[],10
蚠,-1,['フン'],[],10
蚉,-1,['ブン'],['か'],10
蟁,-1,['ブン'],['か'],17
蚄,-1,['ホウ'],[],10
蜯,-1,"['ホウ', 'ボウ']","['からすがい', 'どぶがい', 'はまぐり']",14
蚞,-1,"['ボク', 'モク']",[],10
蚵,-1,['カ'],[],11
蚷,-1,['キョ'],[],11
蚿,-1,"['ケン', 'ゲン']",[],11
蚱,-1,['サク'],[],11
蚻,-1,['サツ'],[],11
蚭,-1,['ジ'],[],11
蛀,-1,['シュ'],[],11
蛅,-1,['ゼン'],[],11
虵,-1,"['ジャ', 'ダ', 'イ', 'タ']",['へび'],9
蚳,-1,['チ'],[],11
蛁,-1,['チョウ'],[],11
蛈,-1,['テツ'],[],11
﨡,-1,[],"['に', 'にい']",11
蚾,-1,['ハ'],[],11
蚹,-1,['フ'],[],11
蛂,-1,['ベツ'],[],11
蚴,-1,['ユウ'],[],11
蚸,-1,['レキ'],[],11
蛦,-1,['イ'],[],12
蛜,-1,['イ'],[],12
蚘,-1,"['カイ', 'ユウ']",[],10
蛕,-1,['カイ'],[],12
蛒,-1,"['カク', 'ラク']",[],12
蛫,-1,['キ'],[],12
蛣,-1,['キツ'],[],12
蛐,-1,['キョク'],[],12
蚈,-1,['ケン'],[],12
䖪,-1,['シ'],[],12
蛥,-1,['セツ'],[],12
䖳,-1,['ダ'],[],12
蛗,-1,"['フ', 'フウ']",[],12
䘀,-1,"['フ', 'フウ']",[],20
蛑,-1,['ボウ'],[],12
蛧,-1,"['ボウ', 'モウ']",[],12
蝄,-1,"['ボウ', 'モウ']",[],14
蛘,-1,['ヨウ'],[],12
蛠,-1,['レイ'],[],12
蛚,-1,['レツ'],[],12
蜎,1,"['エン', 'ケン']",['うつく（しい）'],13
䖸,-1,"['ガ', 'ギ']","['あり', 'ひひる', 'ひむし', 'まゆげ']",13
蛷,-1,['キュウ'],[],13
蛺,-1,['キョウ'],[],13
蜐,-1,['キョウ'],[],13
蛼,-1,['シャ'],[],13
蜄,-1,"['シン', 'ジン']","['おおはまぐり', 'みずち']",13
蜇,-1,['テツ'],[],13
蜓,1,"['テイ', 'テン']",[],13
蜔,-1,"['テン', 'デン']",[],13
蛽,-1,['バイ'],[],13
蜅,-1,"['フ', 'ホ']",[],13
蠭,-1,['ホウ'],"['はち', 'むら（がる）']",23
䗬,-1,['ホウ'],"['はち', 'むら（がる）']",17
蛖,-1,"['ホウ', 'ボウ']",[],13
蜏,-1,['ユウ'],[],13
蜲,-1,['イ'],[],14
蜼,-1,['イ'],[],14
蜟,-1,['イク'],[],14
䖤,-1,"['エン', 'ワン']",[],11
蜾,-1,['カ'],[],14
蜞,-1,['キ'],[],14
䗁,-1,['キ'],[],14
蜣,-1,['キョウ'],[],14
蜺,-1,['ゲイ'],[],14
蜡,-1,"['サ', 'ショ']",[],14
蜙,-1,['ショウ'],[],14
蝃,-1,['テイ'],[],14
蜨,-1,"['ショウ', 'チョウ']",[],14
蝀,-1,['トウ'],[],14
蜪,-1,['トウ'],[],14
蜱,-1,['ヒ'],[],14
蜰,-1,['ヒ'],[],14
蜢,-1,"['ボウ', 'モウ']",[],14
蜮,-1,['ヨク'],[],14
蜽,-1,['リョウ'],[],14
蝛,-1,['イ'],[],15
蝘,1,['エン'],['なつぜみ'],15
蝝,-1,['エン'],[],15
蝯,-1,['エン'],[],15
蝰,-1,['ケイ'],[],15
䗐,-1,['シ'],[],15
蝑,-1,"['シャ', 'ショ']",[],15
蝤,-1,"['シュウ', 'ユウ']",[],15
蝍,-1,['ショク'],[],15
蝡,-1,['ゼン'],[],15
蝻,-1,['ダン'],[],15
蝏,-1,['テイ'],[],15
蝭,-1,['テイ'],[],15
蝳,-1,"['タイ', 'トク', 'ドク']",[],15
蝜,-1,['フ'],[],15
蝥,-1,"['ボウ', 'ミョウ']",[],15
蝲,1,['ラツ'],['さそり'],15
螠,-1,['イ'],['ゆむし'],16
螧,-1,[],"['えび', 'ひれ']",16
螐,-1,"['ウ', 'オ']",[],16
螉,-1,['オウ'],[],16
螘,-1,['ギ'],[],16
螇,-1,['ケイ'],[],16
螈,1,['ゲン'],['なつご'],16
螄,-1,['シ'],[],16
螅,-1,"['シ', 'シツ']",[],16
螔,-1,"['イ', 'シ']",[],16
螆,-1,['シ'],[],16
玆,-1,"['ケン', 'ゲン', 'シ', 'ジ']",[],10
螓,-1,['シン'],[],16
螋,-1,"['シュウ', 'ス']",[],16
螗,1,['トウ'],[],16
螣,-1,"['トウ', 'トク']",[],16
䖭,-1,,,-1
螞,-1,['バ'],[],16
螌,-1,['ハン'],[],16
螕,-1,['ヘイ'],[],16
螃,-1,['ホウ'],[],16
螱,-1,['イ'],[],17
螾,1,['イン'],['みみず'],17
蟈,-1,['カク'],[],17
䗪,-1,['シャ'],[],17
螿,-1,['ショウ'],[],17
螀,-1,['ショウ'],[],15
蟑,-1,['ショウ'],[],17
螬,-1,['ソウ'],[],17
䗥,-1,['ショウ'],[],17
螭,-1,['チ'],['みずち'],17
螮,-1,['テイ'],[],17
螲,-1,['テツ'],[],17
螵,-1,['ヒョウ'],[],17
蟊,-1,['ボウ'],[],17
蟎,1,['マン'],['だに'],17
䗤,-1,['ヨウ'],[],17
蟉,-1,"['リュウ', 'リョウ']",[],17
蝼,-1,"['ル', 'ロウ']","['おけら', 'けら']",15
蟵,-1,['チュウ'],[],18
蟫,-1,"['イン', 'シン', 'タン']",['しみ'],18
蟣,-1,['キ'],[],18
蟢,-1,['キ'],[],18
蟜,-1,['キョウ'],[],18
蟪,1,['ケイ'],[],18
蟥,-1,['コウ'],[],18
蟖,-1,['シ'],[],18
蟴,-1,['シ'],[],18
蟭,-1,['ショウ'],[],18
蟓,-1,['ショウ'],[],18
蟙,-1,['ショク'],[],18
蟳,-1,['ジン'],[],18
蟤,-1,['セン'],[],18
蟱,-1,"['ブ', 'ボウ']",[],18
蟛,-1,['ホウ'],[],18
蟚,-1,['ホウ'],[],18
蟟,-1,['リョウ'],[],18
蟧,-1,['リョウ'],[],18
蠁,-1,['キョウ'],[],19
䖮,-1,['キョウ'],[],12
蟿,-1,['ケイ'],[],19
蠉,-1,['ケン'],[],19
蟕,-1,['シ'],[],19
蠋,-1,"['ショク', 'チョク']",[],19
蟺,-1,"['セン', 'タン']",[],19
蠆,1,['タイ'],['さそり'],18
蟦,-1,"['ヒ', 'ホン']",[],18
蠊,1,['レン'],[],19
蠔,-1,['コウ'],[],20
蠐,-1,['セイ'],[],20
蠘,-1,['セツ'],[],20
蠙,-1,['ヒン'],[],20
蠓,-1,['ボウ'],[],19
蠃,-1,['ラ'],[],19
蠇,-1,['レイ'],['かき'],18
蠚,-1,['カク'],[],20
蠞,-1,['セツ'],[],21
蠜,-1,['ハン'],[],21
蠛,-1,['ベツ'],[],20
蟸,-1,"['ラ', 'リ', 'レイ']","['かい', 'にな', 'ひさご', 'ほらがい']",19
䗶,-1,['ロウ'],[],18
蠥,-1,['ゲツ'],[],22
蠪,-1,['ロウ'],[],22
蠮,-1,['エツ'],[],23
蠲,-1,['ケン'],[],23
䘌,-1,['ジツ'],[],22
蠨,-1,['ショウ'],[],22
蟰,-1,['ショウ'],[],19
蠰,-1,"['ショウ', 'ジョウ', 'ドウ', 'ノウ']",[],23
蠷,-1,['ク'],[],24
蠵,-1,['ケイ'],[],24
蠸,-1,['ケン'],[],23
螙,-1,['ト'],"['きくいむし', 'しみ', 'そこ（なう）', 'むしば（む）']",16
蠼,-1,"['カク', 'ク']",[],26
衁,-1,['コウ'],[],9
䘐,-1,['ジク'],"['くじ（ける）', 'はなぢ']",10
衃,-1,['ハイ'],[],10
衅,-1,['キン'],[],11
衉,-1,['カク'],[],12
衈,-1,['ジ'],[],12
眾,-1,"['シュウ', 'シュ']",['おお（い）'],11
䘒,-1,['サイ'],[],13
䘔,-1,['カク'],[],15
衊,1,['ベツ'],[],20
衋,-1,['キョク'],[],24
皕,-1,['ヒョク'],[],12
衎,-1,['カン'],[],9
衑,-1,['レイ'],[],11
衕,-1,['トウ'],[],12
衚,-1,['コ'],[],15
衠,-1,['シュン'],[],16
衺,-1,['シャ'],[],10
裊,-1,['ジョウ'],[],13
裒,-1,['ホウ'],[],13
裛,-1,['ユウ'],[],13
褁,-1,['カ'],"['たから', 'つつ（み）', 'つつ（む）', 'まと（う）']",12
裵,-1,['ハイ'],['たちもとお（る）'],14
褜,-1,[],['えな'],15
褎,-1,"['シュウ', 'ユウ']",[],15
褏,-1,"['シュウ', 'ユウ']",[],15
褧,-1,['ケイ'],[],16
褰,-1,['ケン'],[],16
褽,-1,['イ'],[],17
褺,-1,['チョウ'],[],17
衩,-1,"['サ', 'サイ']",[],8
衱,-1,['キョウ'],[],9
袀,-1,['キン'],[],9
衹,-1,"['キ', 'シ']",[],9
衻,-1,['ゼン'],[],9
袡,-1,['ゼン'],[],10
衯,-1,"['フン', 'ホン']",[],9
袘,-1,['イ'],[],10
袣,-1,['エイ'],[],10
袪,-1,['キョ'],[],10
袨,-1,['ケン'],[],10
袑,-1,['ショウ'],[],10
袟,-1,['チツ'],[],10
袠,-1,['チツ'],[],11
袛,-1,['テイ'],[],10
袚,-1,"['ハツ', 'フツ']",[],10
袜,-1,['バツ'],[],10
袎,-1,['オウ'],[],10
裀,-1,['イン'],[],11
袼,-1,"['カク', 'ラク']",[],11
袺,-1,"['カツ', 'ケツ']",[],11
袽,-1,['ジョ'],[],11
袾,-1,"['シュ', 'チュ']",[],11
袹,-1,['バク'],[],11
裠,-1,['クン'],"['すそ', 'はだぎ', 'も', 'もすそ']",13
帬,-1,['クン'],"['すそ', 'はだぎ', 'も', 'もすそ']",10
裌,-1,['コウ'],[],12
裓,-1,"['カイ', 'コク']",[],12
裍,-1,['コン'],[],12
裋,-1,"['シュ', 'ジュ']",[],12
裑,-1,['シン'],[],12
裞,-1,['セイ'],[],12
裎,1,"['テイ', 'チョウ']","['はだか', 'ひとえ']",12
裷,-1,"['エン', 'ケン', 'コン']",[],13
褐,11,['カツ'],['ぬのこ'],14
䙁,-1,['セン'],[],13
裧,-1,"['セン', 'タン']",[],13
裰,-1,['タツ'],[],13
䘺,-1,['タン'],[],13
裯,-1,"['チュウ', 'トウ']",[],13
裱,-1,['ヒョウ'],[],13
躶,-1,['ラ'],['はだか'],15
褘,-1,"['イ', 'キ']",[],15
裩,-1,['コン'],"['したばかま', 'ふんどし', 'みつ']",13
褆,-1,"['シ', 'テイ']",[],14
褍,-1,['タン'],[],14
褖,-1,['タン'],[],14
褚,-1,['チョ'],[],14
褋,-1,['チョウ'],[],14
褙,-1,['ハイ'],[],14
褕,-1,"['ユ', 'ヨウ']",[],14
褲,-1,['コ'],[],15
褠,-1,['コウ'],[],15
褨,-1,['サ'],[],15
褯,-1,['シャ'],[],15
褦,-1,['ダイ'],[],15
褹,-1,"['ゲイ', 'ダイ']",[],16
褷,-1,['シ'],[],16
襂,-1,"['サン', 'シン']",[],16
襀,-1,['セキ'],[],16
襅,-1,[],['ちはや'],16
褾,-1,['ヒョウ'],[],16
褵,-1,['リ'],[],16
褛,-1,"['ル', 'ロウ']","['つづれ', 'ぼろ']",14
襉,-1,['カン'],[],17
襋,-1,['キョウ'],[],17
襐,-1,['ショウ'],[],17
襓,-1,['ジョウ'],[],17
襈,-1,['セン'],[],17
襏,-1,['ハツ'],[],17
襒,-1,['ヘツ'],[],17
襆,-1,['ホク'],[],17
襘,-1,['カイ'],[],18
䘳,-1,['キン'],"['えり', 'むね']",13
襛,-1,['ジョウ'],[],18
襡,-1,"['ショク', 'トク']",[],18
襚,-1,['スイ'],[],18
襜,-1,['セン'],[],18
襗,-1,"['エキ', 'タク']",[],18
襢,-1,"['タン', 'テン']",[],18
䙥,-1,['レイ'],[],18
襣,-1,['ヒ'],[],19
襫,-1,['セキ'],[],20
奭,-1,,,-1
襬,-1,['ヒ'],[],20
襮,-1,"['ハク', 'ホク']",[],20
襰,-1,['ライ'],[],21
襳,-1,"['シン', 'セン']",[],22
襽,-1,['ラン'],['ひとえ'],25
襵,-1,['ショウ'],[],23
襶,-1,['タイ'],[],22
襼,-1,['ゲイ'],[],23
襺,-1,['ケン'],[],23
襻,-1,['ハン'],[],24
䙰,-1,['リ'],[],24
䙱,-1,['ショク'],[],26
卥,-1,"['サイ', 'セイ', 'スイ']",['にし'],8
覂,-1,['ホウ'],[],10
玈,-1,['ロ'],[],11
玊,-1,"['キュウ', 'シュク']",[],5
玎,-1,['テイ'],[],6
玐,-1,['ハツ'],[],6
玗,-1,['ウ'],[],7
玕,-1,['カン'],[],7
玘,-1,['キ'],[],7
玔,-1,['セン'],[],7
玓,-1,['テキ'],[],7
玠,-1,['カイ'],[],8
珏,-1,['カク'],[],9
玪,-1,"['カン', 'ケン', 'リン']",[],8
玦,-1,['ケツ'],[],8
玥,-1,['ゲツ'],[],8
玜,-1,['コウ'],[],8
玫,1,"['バイ', 'マイ']",[],8
玭,-1,['ヒン'],[],8
玟,-1,"['ビン', 'ブン']",[],8
玞,-1,['フ'],[],8
玢,-1,['ヒン'],[],8
珆,-1,"['イ', 'タイ']",[],9
玵,-1,"['カン', 'ガン']",[],9
玽,-1,['コウ'],[],9
玿,-1,['ショウ'],[],9
珅,-1,['シン'],[],9
玷,-1,['テン'],['きず'],9
珌,-1,['ヒツ'],[],9
㻫,-1,['ヒツ'],[],15
珉,-1,['ビン'],[],9
瑉,-1,['ビン'],[],13
珋,-1,['リュウ'],[],9
珙,-1,['キョウ'],[],10
珦,-1,['キョウ'],[],10
珝,-1,['ク'],[],10
珩,-1,['コウ'],[],10
珖,-1,['コウ'],[],10
珓,-1,['コウ'],[],10
玼,-1,['シ'],[],10
珣,-1,['シュン'],[],10
珒,-1,['シン'],[],10
珧,-1,['ヨウ'],[],10
珴,-1,['ガ'],[],11
琓,-1,['カン'],[],11
琀,-1,['カン'],[],11
珺,-1,['クン'],[],11
琄,-1,['ケン'],[],11
琇,-1,['シュウ'],[],11
珿,-1,['シュク'],[],11
珹,-1,['セイ'],[],11
琁,-1,"['ケイ', 'セン']",[],11
珵,-1,['テイ'],[],11
珽,-1,['テイ'],[],11
珶,-1,['テイ'],[],11
珻,-1,['バイ'],[],11
琊,-1,['ヤ'],[],11
琬,-1,"['エン', 'ワン']",[],12
琰,-1,['エン'],[],12
琯,-1,['カン'],[],12
琦,-1,['キ'],[],12
琪,-1,['キ'],[],12
琚,-1,['キョ'],[],12
珡,-1,"['キン', 'ゴン']",['こと'],10
琹,-1,"['キン', 'ゴン']",['こと'],12
琨,-1,['コン'],[],12
琖,-1,['サン'],[],12
琩,-1,['ショウ'],[],12
琮,-1,['ソウ'],[],12
琤,-1,['ソウ'],[],12
琱,-1,['チョウ'],[],12
琛,-1,['チン'],[],12
珷,-1,['ブ'],[],12
珐,-1,['ホウ'],[],9
琫,-1,['ホウ'],[],12
琭,-1,['ロク'],[],12
瑋,-1,['イ'],[],14
瑀,-1,['ウ'],[],13
瑗,-1,['エン'],[],13
瑍,-1,['カン'],[],13
瑊,-1,['カン'],[],13
瑝,-1,['コウ'],[],13
瑆,-1,['セイ'],[],13
瑄,-1,['セン'],[],13
瑃,-1,['チュン'],[],13
瑑,-1,['テン'],[],13
㻞,-1,['ヒン'],[],13
蝐,-1,['マイ'],[],15
瑒,-1,"['チョウ', 'トウ', 'ヨウ']",[],13
瑓,-1,['レン'],[],13
瑦,-1,['オ'],[],14
瓌,-1,['カイ'],"['おお（きい）', 'すぐ（れる）', 'めずら（しい）']",20
瑴,-1,['カク'],[],14
琑,-1,['サ'],"['くさり', 'ちい（さい）', 'つら（なる）']",11
瑧,-1,['シン'],[],14
瑨,-1,['シン'],[],14
瑲,-1,['ショウ'],[],14
瑵,-1,['ソウ'],[],14
瑱,-1,['テン'],[],14
瑫,-1,['トウ'],[],14
瑭,-1,['トウ'],[],14
瑢,-1,['ヨウ'],[],14
瑮,-1,['リツ'],[],14
瑬,-1,['リュウ'],[],15
瑿,-1,['エイ'],[],16
璆,-1,['キュウ'],[],15
璈,-1,['ゴウ'],[],15
璀,-1,['サイ'],[],15
璇,1,['セン'],['たま'],15
璁,-1,['ソウ'],[],15
璅,-1,"['サ', 'ソウ']",[],15
璊,-1,['ボン'],[],15
璉,-1,['レン'],[],15
璏,-1,['エイ'],[],16
彘,-1,,,-1
璣,-1,['キ'],[],16
璟,-1,"['エイ', 'ケイ']",[],16
璚,-1,"['ケイ', 'ケツ']",[],16
璖,-1,['キョ'],[],16
璜,-1,['コウ'],[],16
璡,-1,['シン'],[],16
璒,-1,['トウ'],[],16
璗,-1,['トウ'],[],17
璠,-1,['ハン'],[],16
璑,-1,['ブ'],[],16
璙,-1,['リョウ'],[],16
璘,-1,['リン'],[],17
璦,-1,['アイ'],[],17
璯,-1,['カイ'],[],17
璩,-1,['キョ'],[],17
璥,-1,['ケイ'],[],16
璨,-1,['サン'],[],17
璱,-1,['シツ'],[],17
璲,-1,['スイ'],[],17
璪,-1,['ソウ'],[],17
璮,-1,['タン'],[],17
璫,-1,['トウ'],[],17
璐,-1,['ロ'],[],17
琼,-1,['ケイ'],"['たま', 'に']",12
壐,-1,['ジ'],['しるし'],17
玺,-1,['ジ'],['しるし'],10
璹,-1,"['シュウ', 'シュク']",[],18
璻,-1,['スイ'],[],18
璿,-1,['セン'],[],18
瓀,-1,['ゼン'],[],18
璸,-1,['ヒン'],[],18
璺,-1,['ブン'],[],19
璵,-1,['ヨ'],[],17
瓋,-1,['テキ'],[],19
瓄,-1,['トク'],[],19
瓈,-1,"['リ', 'レイ']",[],19
瓐,-1,['ロ'],[],20
瓖,-1,['ショウ'],[],21
瓓,-1,['ラン'],[],21
瓘,-1,['カン'],[],21
瓚,-1,['サン'],[],23
瓉,-1,['サン'],[],19
瓛,-1,"['エツ', 'カン']",[],24
瓝,-1,['ハク'],[],9
瓞,-1,['テツ'],[],11
瓟,-1,"['ハク', 'ホウ']",[],11
瓤,-1,['ジョウ'],[],23
瓨,-1,['コウ'],[],8
㼚,-1,['コウ'],[],9
瓪,-1,['ハン'],[],9
瓫,-1,['ホン'],[],9
瓴,-1,['レイ'],[],10
缻,-1,['フウ'],['ほとぎ'],11
甆,-1,"['シ', 'ジ']","['いしやき', 'かめ']",14
甁,11,"['ビン', 'ヘイ']",['かめ'],13
瓻,-1,['チ'],[],12
瓺,-1,['チョウ'],[],12
瓼,-1,[],['さらけ'],12
甀,-1,['ツイ'],[],13
瓽,-1,['トウ'],[],13
瓿,-1,"['フ', 'ホウ']",[],13
甂,-1,['ヘン'],[],14
瓯,-1,['オウ'],"['かめ', 'はち', 'ほとぎ']",9
甋,-1,['テキ'],[],16
甊,-1,['ホウ'],[],16
䰝,-1,['ソウ'],['こしき'],22
甒,-1,['ブ'],[],17
甔,-1,['タン'],[],18
甗,-1,['ゲン'],[],21
甛,-1,['テン'],"['あま（い）', 'うま（い）']",11
甡,-1,['シン'],[],10
甩,-1,['シュツ'],[],5
甪,-1,['ロク'],[],6
甯,-1,['ネイ'],[],12
寗,-1,['ネイ'],[],13
侽,-1,"['ダン', 'ナン']","['おとこ', 'おのこ']",9
畵,-1,"['ガ', 'カク']","['え', 'えが（く）', 'かぎ（る）', 'か（く）', 'はか（る）']",13
畃,-1,['シュン'],[],8
畁,-1,['ヒ'],[],8
甿,-1,"['ボウ', 'モウ']",[],8
畇,-1,['イン'],[],9
畎,-1,['ケン'],[],9
甽,-1,['ケン'],[],8
㽘,-1,['コウ'],[],9
畈,-1,['ハン'],[],9
畗,-1,"['トウ', 'フク']",[],10
畣,-1,"['トウ', 'フク']",[],11
畒,-1,"['ホ', 'ボウ']","['うね', 'せ']",9
畞,-1,"['ホ', 'ボウ']","['うね', 'せ']",10
畂,-1,,,-1
㽗,-1,"['ホ', 'ボウ']","['うね', 'せ']",7
畮,-1,"['ホ', 'ボウ']","['うね', 'せ']",12
奙,-1,['ホン'],"['ふご', 'もっこ']",10
畲,-1,['シャ'],[],12
畯,-1,['シュン'],[],12
叠,-1,"['ジョウ', 'チョウ']","['たたみ', 'たた（む）', 'かさ（なる）', 'かさ（ねる）']",13
曡,-1,"['ジョウ', 'チョウ']","['たたみ', 'たた（む）', 'かさ（なる）', 'かさ（ねる）']",19
㽟,-1,['レツ'],[],12
畹,-1,['エン'],[],13
畽,-1,"['タン', 'トン']",[],14
畼,-1,['チョウ'],[],14
疁,-1,['リュウ'],[],16
疃,-1,['タン'],[],17
疄,-1,['リン'],[],18
壃,-1,['キョウ'],"['かぎ（り）', 'かぎ（る）', 'さかい']",16
疅,-1,['キョウ'],"['かぎ（り）', 'かぎ（る）', 'さかい']",18
疈,-1,['ヒョク'],[],20
疍,-1,['タン'],[],10
䟽,-1,"['ショ', 'ソ']","['あら（い）', 'うと（い）', 'うと（む）', 'おろそ（か）', 'とお（す）', 'とお（る）', 'まば（ら）']",14
㽲,-1,"['キュウ', 'コウ']",[],7
疓,-1,['ダイ'],[],7
疕,-1,['ヒ'],[],7
疜,-1,['カ'],[],8
疙,-1,['ギツ'],[],8
疘,-1,['コウ'],[],8
疛,-1,['チュウ'],[],8
㿍,-1,['カイ'],"['おこり', 'はたけ', 'ひぜん']",18
疧,-1,['キ'],[],9
㽷,-1,['スイ'],[],9
疢,-1,['チン'],[],9
疤,-1,['ハ'],[],9
疺,-1,"['ヘン', 'ホウ']",[],9
疴,-1,"['ア', 'カ']",[],10
痀,-1,['ク'],[],10
痄,-1,['サ'],[],10
疻,-1,['シ'],[],10
疰,-1,['シュ'],[],10
痁,-1,"['セン', 'テン']",[],10
痆,-1,"['ジツ', 'ダツ']",[],10
疷,-1,['チ'],[],10
疿,-1,['ヒ'],[],10
痏,-1,['イ'],[],11
痎,-1,['カイ'],[],11
㾬,-1,['カイ'],[],14
痓,-1,['シ'],[],11
痌,-1,['トウ'],[],11
㾐,-1,['レイ'],[],11
㾓,-1,['エン'],[],12
痗,-1,"['カイ', 'バイ']",[],12
痧,-1,['サ'],[],12
痤,-1,['サ'],[],12
痠,-1,['サン'],[],12
痟,-1,['ショウ'],[],12
痜,-1,['トク'],[],12
脴,-1,['ヒ'],"['つか（え）', 'つか（える）']",11
痡,-1,['ホ'],[],12
痝,-1,['ボウ'],[],12
瘂,-1,['ア'],['おし'],13
痬,-1,['エキ'],[],13
瘀,-1,"['オ', 'ヨ']",[],13
痯,-1,['カン'],[],13
痵,-1,['キ'],[],13
疩,-1,['スイ'],"['つか（れる）', 'やつ（れる）']",9
痸,-1,['セイ'],[],13
瘄,-1,['ソ'],[],13
痮,-1,['チョウ'],[],13
瘃,-1,['チョク'],[],13
痶,-1,['テン'],[],13
痱,-1,"['ハイ', 'ヒ']",[],13
痹,1,['ヒ'],"['しび（れ）', 'しび（れる）']",13
瘖,-1,['イン'],[],14
瘕,-1,['カ'],[],14
瘑,-1,['カ'],[],14
瘓,-1,"['カン', 'タン']",[],14
瘝,-1,['カン'],[],15
瘈,-1,"['ケイ', 'セイ']",[],14
㾮,-1,['コウ'],[],14
瘊,-1,['コウ'],[],14
瘒,-1,['ゴン'],[],14
㾴,-1,['サ'],[],14
瘇,-1,['ショウ'],[],14
瘏,-1,['ト'],[],14
痻,-1,['ビン'],[],13
㾫,-1,['ヘン'],[],14
瘐,-1,['ユ'],[],14
瘌,-1,['ラツ'],[],14
瘞,-1,['エイ'],[],15
瘣,-1,['カイ'],[],15
瘚,-1,['ケツ'],[],15
瘜,-1,['ショク'],[],15
瘛,-1,"['ケイ', 'セイ']",[],15
恝,-1,"['カツ', 'ケイ']",[],10
瘙,-1,['ソウ'],[],15
瘥,-1,"['サ', 'サイ']",[],15
瘨,-1,['テン'],[],15
瘩,-1,['トウ'],[],14
癅,-1,['リュウ'],"['こぶ', 'はれもの']",17
癊,-1,['イン'],[],16
瘱,-1,['エイ'],[],16
㤲,-1,,,-1
瘸,-1,['キャ'],[],16
瘵,-1,"['サイ', 'セイ']",[],16
瘲,-1,['ショウ'],[],16
瘮,-1,['シン'],[],16
㿅,-1,['セン'],[],16
瘶,-1,['ソウ'],[],16
瘯,-1,['ソク'],[],16
瘹,-1,['チョウ'],[],16
瘼,-1,['バク'],[],15
瘭,-1,['ヒョウ'],[],16
瘳,-1,"['チュウ', 'リョウ']",[],16
瘘,-1,"['ル', 'ロウ']","['こぶ', 'はれもの']",14
瘺,-1,['ロウ'],[],16
癋,-1,['カク'],[],17
癎,-1,['カン'],['ひきつ（け）'],17
癀,-1,['コウ'],[],17
癄,-1,"['ショウ', 'ソウ']",[],17
㿊,-1,"['サン', 'セン']",[],19
㿉,-1,['タイ'],[],17
癉,-1,['タン'],[],17
㾱,-1,['ハイ'],[],14
癍,-1,['ハン'],[],17
㿀,-1,['ハン'],[],15
癁,-1,['フク'],[],17
癃,-1,['リュウ'],[],17
癔,-1,['オク'],[],18
癙,-1,"['ショ', 'ソ']",[],18
疠,-1,"['ライ', 'レイ']",['えやみ'],8
癠,-1,['セイ'],[],19
癟,-1,['ヘツ'],[],19
癤,-1,['セツ'],[],20
癥,-1,['チョウ'],[],20
㿗,-1,['タイ'],[],21
癮,-1,['イン'],[],22
癭,1,['エイ'],['こぶ'],22
癯,-1,['ク'],[],23
癕,-1,['ヨウ'],['はれもの'],18
癱,-1,['タン'],[],24
癴,1,"['ラン', 'レン']",['ひきつ（る）'],28
癹,-1,['ハツ'],[],9
皁,1,['ソウ'],"['うまや', 'かいばおけ', 'くろ', 'くろ（い）', 'しもべ', 'どんぐり']",7
旳,-1,['テキ'],"['まと', 'あき（らか）']",7
皌,-1,['バツ'],[],10
賋,-1,"['キョウ', 'コウ']","['あか（るい）', 'きよ（い）', 'しろ（い）']",13
晥,-1,['カン'],['あき（らか）'],11
皏,-1,['ホウ'],[],11
㿥,-1,"['カク', 'コク']",[],15
㿟,-1,,,-1
皝,-1,['コウ'],[],15
皜,-1,['コウ'],[],15
皡,-1,['コウ'],[],16
皞,-1,['コウ'],[],15
皥,-1,['コウ'],[],17
暭,-1,['コウ'],[],15
暤,-1,['コウ'],[],14
皠,-1,['サイ'],[],16
皟,-1,['サク'],[],16
皤,-1,['ハ'],[],17
皣,-1,['ヨウ'],[],15
皧,-1,['アイ'],[],18
皦,-1,['キョウ'],[],18
皫,-1,['ヒョウ'],[],20
皪,-1,['レキ'],[],20
皬,-1,['カク'],[],21
皭,-1,['シャク'],[],23
皯,-1,['カン'],[],8
㿬,-1,['ハ'],[],9
䶌,-1,['ホウ'],"['にきび', 'もがさ']",19
皵,-1,['シャク'],[],13
皶,-1,['サ'],[],14
皻,-1,['サ'],[],16
皽,-1,['ショウ'],[],18
盁,-1,['エイ'],['み（ちる）'],7
盅,-1,['チュウ'],[],9
㼜,-1,['オウ'],[],10
盉,-1,['カ'],[],10
盔,-1,['カイ'],[],11
盝,-1,['ロク'],[],13
盠,-1,['レイ'],[],14
盦,-1,['アン'],[],16
泴,-1,['カン'],"['すす（ぐ）', 'そそ（ぐ）', 'たらい']",9
䀇,-1,['コ'],[],16
盨,-1,"['シュ', 'ショ']",[],17
盩,-1,['チュウ'],[],17
盬,-1,['コ'],[],19
盭,-1,['レイ'],[],20
盰,-1,['カン'],[],8
盱,-1,['ク'],[],8
盶,-1,['ゲン'],[],9
眂,-1,['シ'],[],9
盹,-1,['シュン'],[],9
眨,-1,['ソウ'],[],9
盼,-1,['ハン'],[],9
睂,-1,"['ミ', 'ビ']","['まゆ', 'としよ（り）', 'ふち']",12
䀎,-1,"['ベン', 'メン']","['かえり（みる）', 'ながしめ', 'なが（める）', 'み（る）']",7
眆,-1,['ホウ'],[],9
眊,-1,['ボウ'],[],9
眀,-1,['メイ'],[],9
眙,-1,"['イ', 'チ']",[],10
眗,-1,"['ク', 'コウ']",[],10
眡,-1,['シ'],[],10
䀢,-1,['シュン'],[],10
䀵,-1,['シュン'],[],12
眒,-1,['シン'],[],10
眕,-1,['シン'],[],10
眚,-1,['セイ'],[],10
眝,-1,['チョ'],[],10
眜,-1,"['バツ', 'ベツ']",[],10
眑,-1,['ヨウ'],[],10
眢,-1,"['エン', 'ワン']",[],10
眭,-1,"['キ', 'ケイ', 'スイ']",[],11
眶,-1,['キョウ'],[],11
䀮,-1,['ボウ'],[],11
䀪,-1,['コウ'],[],11
眵,-1,['シ'],[],11
眴,-1,"['ケン', 'シュン']",[],11
䀏,-1,"['ケン', 'シュン']",[],7
眲,-1,['ダク'],[],11
眹,-1,['チン'],[],11
眮,-1,['トウ'],[],11
眽,-1,['バク'],[],11
眿,-1,['バク'],[],10
眯,-1,"['ビ', 'ベイ']",[],11
睋,-1,['ガ'],[],12
睆,-1,['カン'],[],12
睅,-1,['カン'],[],12
睎,-1,['キ'],[],12
睍,-1,['ケン'],[],12
睊,-1,['ケン'],[],12
睏,-1,['コン'],[],12
睃,-1,['シュン'],[],12
䀹,-1,"['コウ', 'ショウ']",[],12
睄,-1,['ソウ'],[],12
睢,-1,"['キ', 'スイ']",[],13
睠,-1,['ケン'],[],13
睧,-1,['コン'],[],13
睬,-1,['サイ'],[],13
睟,-1,['スイ'],[],13
睜,-1,['セイ'],[],13
睗,-1,['セキ'],[],13
睒,-1,['セン'],[],13
睭,-1,['チュウ'],[],13
睖,-1,"['チョウ', 'リョウ']",[],13
睤,-1,['ヘイ'],"['ながしめ', 'にら（む）']",13
睞,-1,['ライ'],[],13
睩,-1,['ロク'],[],13
睽,-1,"['キ', 'ケイ']",[],14
睳,-1,['ケイ'],[],14
睺,-1,['コウ'],[],14
睴,-1,['コン'],[],14
睲,-1,['セイ'],[],14
睼,-1,"['テイ', 'テン']",[],14
睰,-1,['バツ'],[],13
瞂,-1,['ハツ'],[],14
瞄,-1,['ビョウ'],[],13
瞀,-1,['ボウ'],[],14
瞏,-1,['ケイ'],[],15
瞌,-1,['コウ'],[],15
瞍,-1,['ソウ'],[],15
瞇,-1,['ビ'],[],15
䁘,-1,['ヨウ'],[],15
瞖,-1,['エイ'],[],16
瞔,-1,['サク'],[],16
瞚,-1,['シュン'],[],16
瞕,-1,['ショウ'],[],16
䁢,-1,['セン'],[],16
瞟,-1,['ヒョウ'],[],16
矒,-1,['ボウ'],[],21
瞯,-1,['カン'],[],17
瞷,-1,['カン'],[],17
瞲,-1,['ケツ'],[],17
瞤,-1,"['シュン', 'ジュン']",[],17
瞧,-1,['ショウ'],[],17
瞮,-1,['テツ'],[],17
瞪,-1,['トウ'],[],17
瞱,-1,['ヨウ'],[],15
瞵,-1,"['リン', 'レン']",[],18
矎,-1,['ケン'],[],19
矃,-1,"['トウ', 'ネイ']",[],19
矉,-1,['ヒン'],[],19
䁾,-1,['ベツ'],[],19
矐,-1,['カク'],[],21
矑,-1,['ロ'],[],21
䂃,-1,['ショウ'],[],23
矕,-1,['バン'],[],24
䂄,-1,['カク'],[],25
矙,-1,['カン'],[],25
矘,-1,['トウ'],[],25
瞩,-1,"['ショク', 'ソク']",['み（る）'],17
矟,-1,['サク'],[],12
矠,-1,"['サク', 'シャク']",['やす'],13
䂍,-1,['ハク'],[],20
䂎,-1,['サン'],[],24
矤,-1,['シン'],['は（ぐ）'],8
榘,-1,['ク'],"['さしがね', 'のり']",14
矪,-1,['チュウ'],[],11
矬,-1,['サ'],[],12
矰,-1,['ソウ'],[],17
矱,-1,['ワク'],[],18
矴,-1,['テイ'],[],7
矸,-1,['カン'],[],8
矻,1,['コツ'],['はたら（く）'],8
矹,-1,['ゴツ'],[],8
矽,-1,['セキ'],[],8
矺,-1,['タク'],[],8
砑,-1,['ガ'],[],9
砎,-1,['カイ'],[],9
砍,-1,['カン'],[],9
硏,11,"['ケン', 'ゲン']","['と（ぐ）', 'みが（く）']",11
磇,-1,['ヒ'],[],15
砆,-1,['フ'],[],9
砭,-1,['ヘン'],['いしばり'],9
砅,-1,['レイ'],[],9
砙,-1,['ガ'],[],10
砡,-1,['ギク'],[],10
砝,-1,"['キョウ', 'ホウ']",[],10
砟,-1,"['サ', 'サク']",[],10
砷,-1,['シン'],[],10
砣,-1,['タ'],[],10
砫,-1,"['シュ', 'チュウ']",[],10
砮,-1,['ド'],[],10
砵,-1,['ハツ'],[],10
砯,-1,['ヒョウ'],[],10
砩,-1,"['ハイ', 'フツ']",[],10
砰,-1,['ホウ'],[],10
砢,-1,"['カ', 'ラ']",[],10
砬,-1,"['リュウ', 'ロウ']",[],10
砹,-1,['ガイ'],[],10
硋,-1,['ガイ'],[],11
硈,-1,['カツ'],[],11
硊,-1,['ギ'],[],11
䂬,-1,['キョウ'],[],11
硎,-1,['ケイ'],[],11
硄,-1,['コウ'],[],11
硃,-1,['シュ'],[],11
硒,-1,['セイ'],[],11
硐,-1,['トウ'],[],11
硇,-1,['ドウ'],[],11
硑,-1,['ホウ'],[],11
硌,-1,['ラク'],[],11
硉,-1,['ロツ'],[],11
硪,-1,['ガ'],[],12
确,-1,['カク'],[],12
硞,-1,"['カク', 'コク']",[],12
硤,-1,['コウ'],[],12
硜,-1,['コウ'],[],12
硡,-1,['コウ'],[],12
硣,-1,['コウ'],[],12
硨,-1,['シャ'],[],12
硥,-1,['ホウ'],[],12
硭,-1,['ボウ'],[],11
硠,-1,['ロウ'],[],12
硿,-1,['コウ'],[],13
䃂,-1,['コン'],[],13
碏,-1,['シャク'],[],13
碊,-1,"['サン', 'ゼン', 'セン']",[],13
硺,-1,['タク'],[],13
碉,-1,['チョウ'],[],13
硾,-1,['ツイ'],[],13
碘,-1,['テン'],[],13
碡,-1,['トク'],[],14
碔,-1,['ブ'],[],13
碐,-1,['リョウ'],[],13
碤,-1,['エイ'],[],13
碬,-1,['カ'],[],14
碱,-1,['カン'],[],14
碞,-1,['ガン'],[],14
碶,-1,['ケイ'],[],14
礠,-1,"['ジ', 'シ']",['やきもの'],18
碝,-1,['ゼン'],[],14
䃍,-1,['タイ'],[],14
碳,-1,['タン'],[],14
碫,-1,['タン'],[],14
碟,-1,"['セツ', 'チョウ']",[],14
碲,-1,['テイ'],[],14
碭,-1,['トウ'],[],14
碸,-1,['フウ'],[],14
碥,-1,['ヘン'],[],14
碰,-1,['ホウ'],[],14
碨,-1,['ワイ'],[],14
磤,-1,['イン'],[],15
磒,-1,['イン'],[],15
磈,-1,['カイ'],[],15
磕,-1,['カイ'],[],15
礚,-1,['カイ'],[],18
碻,-1,"['カク', 'コウ']",[],15
磎,-1,['ケイ'],[],15
碽,-1,['コウ'],[],15
碿,-1,['セツ'],[],15
磉,-1,['ソウ'],[],15
磓,-1,"['タイ', 'ツイ']",[],15
磌,-1,['テン'],[],15
磏,-1,['レン'],[],15
䃕,-1,"['ラク', 'ロウ']",[],15
磡,-1,['カン'],[],16
磝,-1,['ゴウ'],[],16
磪,-1,['サイ'],[],16
磛,-1,['サン'],[],16
磣,-1,['シン'],[],16
磩,-1,['セキ'],[],16
䃚,-1,['ゾク'],[],16
磦,-1,['ヒョウ'],[],16
䃺,-1,"['マ', 'バ']","['みが（く）', 'す（る）', 'と（ぐ）']",24
磠,-1,['ロ'],[],16
磖,-1,['ロウ'],[],16
磟,-1,['ロク'],[],16
礀,-1,['カン'],[],17
磵,-1,['カン'],[],17
䃣,-1,['キ'],[],17
磲,-1,"['キョ', 'コ']",[],17
磺,-1,['コウ'],[],17
磶,-1,['セキ'],[],17
磳,-1,['ソウ'],[],17
磾,-1,['テイ'],[],17
磹,-1,['テン'],[],17
磻,-1,"['ハ', 'ハン']",[],17
磷,-1,['リン'],[],18
磿,-1,['レキ'],[],17
礐,-1,['カク'],[],18
礉,-1,"['カク', 'コウ']",[],18
礏,-1,"['ギョウ', 'ゴウ']",[],18
礆,-1,"['カン', 'ケン']",[],18
礔,-1,['ヘキ'],[],18
礌,-1,['ライ'],[],18
礞,-1,['ボウ'],[],18
礜,-1,['ヨ'],[],18
礛,-1,['カン'],[],20
礩,-1,['シツ'],[],20
礧,-1,['ライ'],[],20
礨,-1,['ライ'],[],20
䃯,-1,['レキ'],"['いしころ', 'こいし', 'つぶて']",18
礭,-1,['カク'],[],21
礥,-1,"['キン', 'ケン']",[],21
礮,-1,['ホウ'],[],21
礟,-1,['ホウ'],[],19
礰,-1,['レキ'],[],21
礱,-1,['ロウ'],[],21
礲,-1,['ロウ'],[],21
礵,-1,['ソウ'],[],22
礴,-1,['ハク'],[],21
礽,-1,['ジョウ'],[],7
禩,-1,['シ'],"['とし', 'まつ（り）', 'まつ（る）']",16
礿,-1,['ヤク'],[],8
祄,-1,['カイ'],[],9
祆,-1,['ケン'],[],9
祋,-1,['タイ'],[],9
祊,-1,['ホウ'],[],9
祅,-1,['ヨウ'],[],9
祛,-1,['キョ'],[],10
祜,-1,['コ'],[],10
祏,-1,['セキ'],[],10
祑,-1,['チツ'],[],10
祙,-1,['ビ'],[],10
祔,-1,['フ'],[],10
䄅,-1,['ケン'],[],11
祫,-1,['コウ'],[],11
祩,-1,['シュ'],[],11
秼,-1,['シュ'],[],11
祧,-1,['チョウ'],[],11
祲,-1,['シン'],[],12
祼,-1,['カン'],[],13
祻,-1,['コ'],[],13
䄍,-1,['サ'],[],13
祹,-1,['トウ'],[],13
祾,-1,['リョウ'],[],13
禕,-1,['イ'],[],15
禋,-1,['イン'],[],14
旤,-1,['カ'],"['まが', 'わざわ（い）']",13
禑,-1,['ゴ'],[],14
禔,-1,"['シ', 'テイ']",[],14
禘,-1,['テイ'],[],14
禖,-1,['バイ'],[],14
禓,-1,"['ショウ', 'ヨウ']",[],14
禜,-1,['エイ'],[],15
禌,-1,['シ'],[],14
禛,-1,['シン'],[],15
禡,-1,['バ'],[],15
禨,-1,['キ'],[],17
禫,-1,['タン'],[],17
禬,-1,['カイ'],[],18
禯,-1,['ジョウ'],[],18
禴,-1,['ヤク'],[],22
禸,-1,['ジュウ'],[],5
㐫,-1,,,-1
卤,-1,,,-1
卨,-1,['セツ'],[],11
秂,-1,['ジン'],[],7
秆,-1,['カン'],['わら'],8
秇,-1,"['ゲイ', 'シュウ']",[],8
秄,-1,['シ'],[],8
秈,-1,['セン'],[],8
秅,-1,"['タ', 'ダ']",[],8
秔,-1,['コウ'],"['うるち', 'ぬか']",9
秏,-1,['コウ'],[],9
秌,-1,['シュウ'],"['あき', 'とき']",9
秖,-1,['シ'],[],9
种,-1,['チュウ'],[],9
秭,-1,['シ'],[],10
秫,-1,['シュツ'],[],10
秪,-1,['チ'],[],10
秥,-1,['デン'],[],10
秚,-1,['ハン'],[],10
秠,-1,['ヒ'],[],10
䬴,-1,"['バツ', 'マツ']","['まぐさ', 'まぐさか（う）']",14
秞,-1,['ユウ'],[],10
秢,-1,['レイ'],[],10
秝,-1,['レキ'],[],10
秸,-1,['カツ'],[],11
䅈,-1,['ゲン'],[],11
秱,-1,['トウ'],[],11
稅,-1,"['ゼイ', 'セイ']",['みつぎ'],12
稊,-1,['テイ'],[],12
稌,-1,['ト'],[],12
䅏,-1,['ビ'],[],12
稃,-1,['フ'],[],12
稆,-1,['リョ'],[],12
稂,-1,['ロウ'],[],12
稞,-1,['カ'],[],13
稛,-1,['コン'],[],13
稇,-1,['コン'],[],12
稡,-1,"['サイ', 'ソツ']",[],13
稕,-1,['シュン'],[],13
稑,-1,['リク'],[],13
稭,-1,['カイ'],['しべ'],14
稧,-1,"['ケイ', 'ケツ']",[],14
䅣,-1,['コウ'],[],14
糓,-1,['コク'],[],16
稰,-1,['ショ'],[],14
稯,-1,['ソウ'],[],14
稫,-1,['ヒョク'],[],14
稸,-1,['チク'],[],15
稴,-1,"['ケン', 'レン']",[],15
稵,-1,['シ'],[],14
稹,-1,['シン'],[],15
稺,-1,['チ'],"['いとけな（い）', 'わか（い）']",15
穊,-1,['キ'],[],15
穅,-1,['コウ'],[],16
䅽,-1,"['キョウ', 'ケイ', 'コク']",[],16
穇,-1,['サン'],[],16
穄,-1,"['サイ', 'セイ']",[],16
䅺,-1,['ヒョウ'],[],16
穈,-1,['ボン'],[],16
穋,-1,['リク'],[],16
穖,-1,['キ'],[],17
穝,-1,['サイ'],[],17
穛,-1,['サク'],[],17
穕,-1,['ショウ'],[],17
穜,-1,"['ショウ', 'トウ']",[],17
穙,-1,['ホク'],[],17
穠,-1,['ジョウ'],[],18
穟,-1,['スイ'],[],18
䆃,-1,['トウ'],[],18
穪,-1,['ショウ'],"['あ（げる）', 'かな（う）', 'たた（える）', 'とな（える）', 'はか（る）']",19
穧,-1,['セイ'],[],19
穨,-1,['タイ'],[],19
穥,-1,['ヨ'],[],18
穬,-1,['コウ'],[],20
穮,-1,['ヒョウ'],[],20
穭,-1,['リョ'],[],20
穱,-1,['サク'],[],23
穵,-1,"['アツ', 'オツ']",[],6
宆,-1,['キュウ'],"['あな', 'おお（きい）', 'おおぞら', 'たか（い）', 'ふか（い）']",6
穸,-1,['セキ'],[],8
窀,-1,['チュン'],[],9
窆,-1,['ヘン'],[],9
穾,-1,['ヨウ'],[],9
窂,-1,['ロウ'],"['いけにえ', 'かた（い）', 'ひとや']",9
䆘,-1,['オウ'],[],10
窋,-1,"['タツ', 'チュツ']",[],10
窅,-1,['ヨウ'],[],10
窌,-1,"['コウ', 'ロウ']",[],10
窊,-1,['ワ'],[],11
窐,-1,"['ケイ', 'ワイ']",[],11
窻,-1,['ソウ'],['まど'],16
䆫,-1,['ソウ'],['まど'],14
牕,-1,['ソウ'],['まど'],15
牎,-1,['ソウ'],['まど'],13
窔,-1,['ヨウ'],[],11
窠,-1,['カ'],[],13
窞,-1,['タン'],[],13
窣,-1,['ソツ'],[],13
窫,-1,['アツ'],[],14
窨,-1,['イン'],[],14
窬,-1,"['トウ', 'ユ']",[],14
漥,-1,"['ア', 'ワ']","['くぼ', 'くぼ（む）']",14
竆,-1,['キュウ'],"['きわ（まる）', 'きわ（める）']",19
窴,-1,['テン'],[],15
窳,-1,['ユ'],[],17
窑,-1,['ヨウ'],['かま'],11
窹,-1,['ゴ'],[],16
窸,-1,['シツ'],[],16
䆮,-1,['シン'],[],15
窼,-1,"['カ', 'ソウ']",[],16
窵,-1,['チョウ'],[],16
窾,-1,['カン'],[],17
竀,-1,['テイ'],[],17
灶,-1,['ソウ'],"['かまど', 'へっつい']",7
䆴,-1,['ソウ'],"['かまど', 'へっつい']",16
竉,-1,['ロウ'],[],21
竌,-1,['ショ'],[],7
竎,-1,['フウ'],[],8
竑,-1,['コウ'],[],9
竛,-1,['レイ'],[],10
竧,-1,"['シン', 'セイ']",[],12
竫,-1,['セイ'],[],13
竨,-1,['チョウ'],[],13
竬,-1,['ク'],[],14
竱,-1,"['セン', 'タン']",[],16
竴,-1,['シュン'],[],17
忐,-1,['タン'],[],7
忑,-1,['トク'],[],7
㣼,-1,"['ニン', 'ジン']","['しの（ばせる）', 'しの（ぶ）', 'むご（い）']",6
㤀,-1,"['ボウ', 'モウ']",['わす（れる）'],7
㤁,-1,['テン'],"['かたじけな（い）', 'はずかし（める）']",8
忞,-1,"['ビン', 'ブン']",[],8
忟,-1,"['ビン', 'ブン']",[],7
㤂,-1,['キュウ'],"['いそ（ぐ）', 'せ（く）']",8
怘,-1,['コ'],[],9
怤,-1,['フ'],[],9
㤗,-1,['タイ'],"['おご（る）', 'やす（い）', 'やす（らか）']",9
㤬,-1,['イ'],"['いか（る）', 'うら（む）']",9
僡,-1,"['エ', 'ケイ']",['めぐ（む）'],14
恧,-1,['ジク'],[],10
僫,-1,"['アク', 'オ']","['わる（い）', 'あ（し）', 'いずく（んぞ）', 'にく（む）']",14
悘,-1,"['イ', 'エイ']",[],11
您,-1,['ニン'],[],11
你,-1,,,-1
悊,-1,['テツ'],[],11
悆,-1,['ヨ'],[],11
恿,-1,"['トウ', 'ヨウ']",[],11
悹,-1,['カン'],[],12
悺,-1,['カン'],[],11
惎,-1,['キ'],[],12
惉,-1,['セン'],[],12
惄,-1,['デキ'],[],12
㥃,-1,['モン'],['もだ（える）'],11
㤅,-1,['アイ'],"['いと（しい）', 'う（い）', 'お（しむ）', 'かな（しい）', 'まな', 'め（でる）']",8
爱,-1,['アイ'],"['いと（しい）', 'う（い）', 'お（しむ）', 'かな（しい）', 'まな', 'め（でる）']",10
諐,-1,['ケン'],"['あやま（ち）', 'あやま（つ）', 'あやま（る）']",15
㤵,-1,['ジ'],['いつく（しむ）'],11
愗,-1,['ボウ'],[],13
慤,-1,['カク'],"['つつし（む）', 'まこと']",15
慁,-1,['コン'],[],14
惥,-1,['ヨウ'],['すす（める）'],12
慹,-1,"['シュウ', 'ショウ']",[],15
慼,-1,['セキ'],[],15
慽,-1,['セキ'],[],14
慸,-1,['タイ'],[],15
㦅,-1,['タイ'],[],14
憄,-1,['チ'],[],15
徝,-1,,,-1
憃,-1,"['ショウ', 'トウ']",[],15
慜,-1,['ビン'],[],15
憨,-1,['カン'],[],16
憘,-1,['キ'],"['よろこ（び）', 'よろこ（ぶ）']",15
憗,-1,['ギン'],"['し（いて）', 'なまじ', 'なまじい（に）']",16
憠,-1,['ケツ'],[],16
憝,-1,['タイ'],[],16
憞,-1,['タイ'],[],15
慿,-1,['ヒョウ'],"['かか（る）', 'たの（む）', 'つ（く）', 'よ（る）']",15
憋,-1,['ヘツ'],[],16
悥,-1,['ヨク'],[],11
憥,-1,['ロウ'],[],16
憼,-1,['ケイ'],[],16
懕,-1,['エン'],[],18
㦔,-1,['エン'],[],16
懨,-1,['エン'],[],17
懘,-1,['セイ'],[],18
懟,-1,"['タイ', 'ツイ']",[],18
㦛,-1,['ヨ'],[],17
懙,-1,['ヨ'],[],16
懬,-1,['コウ'],[],19
懯,-1,['フ'],[],19
㦤,-1,['イ'],"['うるわ（しい）', 'よ（い）']",20
戁,-1,['ダン'],[],23
戇,-1,"['コウ', 'トウ']",[],28
戅,-1,"['コウ', 'トウ']",[],25
忉,-1,['トウ'],[],5
忇,-1,['ロク'],[],5
忋,-1,['カイ'],[],6
忓,-1,['カン'],[],6
忔,-1,"['キツ', 'ギツ']",[],6
忕,-1,"['セイ', 'タイ']",[],6
忨,-1,['ガン'],[],7
忯,-1,"['キ', 'シ']",[],7
忣,-1,['キュウ'],[],7
忺,-1,['ケン'],[],7
忼,-1,['コウ'],[],7
忶,-1,['コン'],[],7
忮,-1,['シ'],[],7
忪,-1,['ショウ'],[],7
忲,-1,['タイ'],[],7
忡,-1,['チュウ'],[],7
忳,-1,"['トン', 'シュン', 'ジュン']",[],7
忭,-1,['ヘン'],[],7
忬,-1,"['ショ', 'ヨ']",[],7
怴,-1,['キツ'],[],8
怇,-1,['キョ'],[],8
怳,-1,['キョウ'],[],8
怍,-1,['サク'],[],8
㤰,-1,['サク'],[],11
怵,-1,"['シュツ', 'ジュツ', 'チュツ']",[],8
怚,-1,"['ショ', 'ソ']",[],8
怔,-1,['セイ'],[],8
怊,-1,['チョウ'],[],8
怗,-1,"['セン', 'チョウ']",[],8
㤐,-1,"['セン', 'チョウ']",[],9
怟,-1,['テイ'],[],8
怓,-1,['ドウ'],[],8
怢,-1,['トツ'],[],8
怭,-1,['ヒツ'],[],8
悑,-1,['フ'],"['こわ（い）', 'お（じける）', 'おそ（れる）']",10
怲,-1,['ヘイ'],[],8
怞,-1,"['チュウ', 'ユウ']",[],8
恗,-1,"['カ', 'コ']",[],9
恛,-1,['カイ'],[],9
㤥,-1,['カイ'],[],9
愙,-1,['カク'],['つつし（む）'],13
㤩,-1,['カク'],['つつし（む）'],10
愘,-1,['カク'],['つつし（む）'],12
恑,-1,['キ'],[],9
忷,-1,['キョウ'],['おそ（れる）'],7
恇,-1,['キョウ'],[],9
㤚,-1,['コウ'],[],9
恔,-1,"['キョウ', 'コウ']",[],9
恀,-1,['シ'],[],9
恉,-1,['シ'],[],9
䘏,-1,"['シュツ', 'ジュツ']","['あわ（れむ）', 'うれ（える）', 'めぐ（む）']",9
㤞,-1,['タ'],[],9
恌,-1,['チョウ'],[],9
恈,-1,['ボウ'],[],9
恅,-1,['ロウ'],[],9
悅,11,['エツ'],['よろこ（ぶ）'],10
恱,-1,['エツ'],['よろこ（ぶ）'],9
兊,-1,,,-1
悈,-1,['カイ'],[],10
猂,-1,['カン'],"['あらあら（しい）', 'あら（い）', 'たけ（し）']",10
悕,-1,['キ'],[],10
㤯,-1,['ケイ'],[],10
忢,-1,['ゴ'],['さと（る）'],8
悞,-1,"['ゴ', 'グ']",[],10
悎,-1,['コウ'],[],10
悇,-1,['ト'],[],10
愂,-1,"['ハイ', 'ボツ']","['みだ（れる）', 'もと（る）']",13
悂,-1,"['ヒ', 'ヘイ']",[],10
恾,-1,['ボウ'],[],9
悀,-1,['ヨウ'],[],10
愑,-1,['ヨウ'],[],12
愹,-1,['ヨウ'],[],13
悝,-1,"['カイ', 'リ']",[],10
悢,-1,"['リョウ', 'ロウ']",[],10
恡,-1,['リン'],"['お（しむ）', 'ねた（む）', 'やぶさ（か）']",9
惐,-1,['イク'],[],11
惈,-1,['カ'],[],11
惂,-1,['カン'],[],11
㥛,-1,['キョク'],[],11
悾,1,['コウ'],['まこと'],11
悻,-1,['コウ'],[],11
惛,-1,"['コン', 'ボン']",[],11
惽,-1,"['コン', 'ボン']",[],12
惝,-1,['ショウ'],[],11
恓,-1,['セイ'],"['いた（ましい）', 'いた（む）', 'かな（しむ）']",9
悰,-1,['ソウ'],[],11
惔,-1,['タン'],[],11
惕,-1,"['テキ', 'チャク']",[],11
悐,-1,"['テキ', 'チャク']",[],11
惙,-1,['テツ'],[],11
㥏,-1,['テン'],[],11
㥫,-1,"['ジュン', 'トン']","['あつ（い）', 'まこと']",12
悱,-1,['ヒ'],[],11
㥱,-1,['ヒ'],[],13
惏,-1,"['ラン', 'リン']",[],11
惊,-1,['リョウ'],[],11
㥄,-1,['リョウ'],[],11
惀,-1,['リン'],[],11
悷,-1,['レイ'],[],11
惋,-1,"['エン', 'ワン']",[],11
恲,-1,['ホウ'],[],9
㤣,-1,['ホウ'],[],10
愇,-1,['イ'],[],13
愔,-1,['イン'],[],12
惲,-1,['ウン'],[],12
愅,-1,['カク'],[],12
㦍,-1,['ガク'],['おどろ（く）'],15
愒,1,"['カイ', 'カツ', 'ケイ']","['いこ（う）', 'おど（す）', 'むさぼ（る）']",12
愌,-1,['カン'],[],12
愜,-1,['キョウ'],[],12
㥦,-1,['キョウ'],[],13
㥥,-1,['グ'],[],12
惸,-1,['ケイ'],[],12
愢,-1,"['サイ', 'シ']",[],12
愖,-1,['シン'],[],12
愞,-1,['ダ'],[],12
憁,-1,['ソウ'],[],14
惾,-1,['ソウ'],[],12
憜,-1,"['ダ', 'タ']",['おこた（る）'],15
惵,-1,['チョウ'],[],12
愓,-1,"['ショウ', 'トウ']",[],12
愊,-1,"['ヒョク', 'フク']",[],12
惼,-1,['ヘン'],[],12
愐,-1,['ベン'],[],12
愠,-1,"['ウン', 'オン']","['いか（る）', 'うら（む）']",12
愪,-1,['ウン'],[],13
慨,-1,"['ガイ', 'カイ']","['いきどお（る）', 'なげ（く）']",15
愷,-1,['ガイ'],[],13
媿,-1,['キ'],"['はじ', 'は（じる）']",13
慉,-1,['キク'],[],13
愶,-1,['キョウ'],[],13
愰,-1,['コウ'],[],13
愲,-1,['コツ'],[],13
眘,-1,['シン'],"['つつし（む）', 'つつま（しい）', 'つつま（しやか）']",10
愫,-1,['ソ'],[],13
愺,-1,['ソウ'],[],12
慅,-1,['ソウ'],[],13
㥮,-1,['スウ'],[],13
愵,-1,['デキ'],[],13
慆,-1,['トウ'],[],13
慬,-1,['キン'],[],14
慻,-1,['ケン'],[],14
慠,1,['ゴウ'],['おご（る）'],14
慞,-1,['ショウ'],[],14
憏,-1,['テイ'],[],14
慲,-1,['バン'],[],14
憀,-1,['リョウ'],[],14
慺,-1,"['ル', 'ロウ']",[],14
憒,-1,['カイ'],[],15
憪,-1,['カン'],[],15
憍,-1,['キョウ'],[],15
憢,-1,['キョウ'],[],15
憓,-1,['ケイ'],[],15
憰,-1,['ケツ'],[],15
憯,-1,['サン'],[],17
㦧,-1,['サン'],[],19
憱,-1,['シュウ'],[],15
憟,-1,['ショク'],[],15
惮,-1,['タン'],"['はばか（り）', 'はばか（る）']",12
憛,-1,['タン'],[],15
憭,-1,['リョウ'],[],15
㤇,-1,['オウ'],"['うら（む）', 'なや（む）']",7
懅,-1,['キョ'],[],16
憿,-1,"['キョウ', 'ケキ']",[],16
懁,-1,"['カン', 'ケン']",[],16
懏,-1,['シュン'],[],16
憴,-1,['ショウ'],[],16
憸,-1,['セン'],[],16
憷,-1,['ソ'],[],16
懎,-1,['ソク'],[],16
懂,-1,['トウ'],[],15
憹,-1,['ドウ'],[],16
懔,-1,['リン'],['おそ（れる）'],16
懀,-1,['ワイ'],[],16
懝,-1,['ガイ'],[],17
㦜,-1,['カク'],[],16
懠,-1,['セイ'],[],17
懧,-1,"['ジュ', 'ダ']",['よわ（い）'],17
懤,-1,['チュウ'],[],17
懡,-1,['バ'],[],17
懜,-1,['ボウ'],[],17
懞,-1,['ボウ'],[],16
懭,-1,['コウ'],[],18
懥,-1,['チ'],[],18
懪,-1,['ハク'],[],18
懱,-1,['ベツ'],[],17
懮,-1,['ユウ'],[],18
懩,-1,['ヨウ'],[],18
懢,-1,['ラン'],[],18
懰,-1,['リュウ'],[],18
懵,-1,['ボウ'],[],18
懻,-1,['キ'],[],19
懹,-1,['ジョウ'],[],20
愳,-1,"['ク', 'グ']","['おそ（れる）', 'おどろ（く）']",14
愯,-1,['ショウ'],[],13
戄,-1,"['カク', 'キャク']",[],23
戃,-1,['トウ'],[],23
戓,-1,['カ'],[],7
㦯,-1,['ワク'],"['あ（る）', 'ある（いは）']",7
戜,-1,['テツ'],[],11
㦸,-1,"['ケキ', 'ゲキ']",['ほこ'],12
戣,-1,['キ'],[],13
戫,-1,"['イク', 'ヨク']",[],14
戩,-1,['セン'],[],14
戬,-1,['セン'],[],14
戭,-1,['エン'],[],15
戱,-1,"['ギ', 'ゲ']","['たわむ（れる）', 'ざ（れる）', 'たわ（ける）']",16
户,-1,['コ'],"['と', 'へ']",4
戺,-1,['シ'],[],7
戽,-1,['コ'],[],8
扃,-1,['ケイ'],[],9
扂,-1,['テン'],[],9
扆,-1,['イ'],[],10
扅,-1,['イ'],[],10
扄,-1,['ショウ'],[],10
扊,-1,['エン'],[],12
拲,-1,['キョウ'],[],10
㧬,-1,['キョウ'],[],10
挐,-1,"['ジョ', 'ダ']",[],10
挲,-1,['サ'],[],11
挱,-1,['サ'],[],10
掔,-1,['ケン'],[],13
孯,-1,['ケン'],[],12
揫,-1,['シュウ'],[],13
揱,-1,['ショウ'],[],13
㩃,-1,['ケン'],"['かか（げる）', 'と（る）']",15
搿,-1,['ゴウ'],[],14
摰,-1,['ゲツ'],[],15
揅,-1,"['ケン', 'ゲン']",[],13
擵,-1,['マ'],"['こす（る）', 'さす（る）', 'す（る）']",18
摹,-1,['ボ'],[],14
擎,-1,['ケイ'],[],16
㢣,-1,['ケイ'],[],15
擪,-1,['ヨウ'],[],18
擫,-1,['ヨウ'],[],17
擥,-1,['ラン'],[],19
㩜,-1,['ラン'],[],18
扖,-1,[],['さが（す）'],5
扔,-1,['ジョウ'],[],5
扒,-1,"['ハイ', 'ハツ']",[],5
扑,-1,"['ホク', 'ボク']",[],5
扐,-1,['ロク'],[],5
扜,-1,['ウ'],[],6
摃,-1,['コウ'],"['あ（げる）', 'かつ（ぐ）']",13
扢,-1,"['キツ', 'コツ']",[],6
扤,-1,['ゴツ'],[],6
扦,-1,['セン'],[],6
扡,-1,"['タ', 'チ']",[],6
扚,-1,"['チョウ', 'テキ']",[],6
抎,-1,['ウン'],[],7
㧎,-1,['ガ'],[],7
扴,-1,['カツ'],[],7
抏,-1,['ガン'],[],7
抈,-1,['ゲツ'],[],7
抇,-1,['コツ'],[],7
扺,-1,['シ'],[],7
扻,-1,"['カン', 'シツ', 'ソン']",[],7
扯,-1,['シャ'],[],7
扭,-1,['ジョウ'],[],7
㪿,-1,"['セツ', 'シャク']","['おり', 'お（る）', 'お（れる）', 'くじ（ける）', 'さだ（める）']",10
抌,-1,['タン'],[],7
抐,-1,"['ジュウ', 'ドツ']",[],7
扽,-1,['トン'],[],7
㧊,-1,['ハツ'],[],7
㧞,-1,['バツ'],"['ぬ（かす）', 'ぬ（かる）', 'ぬ（く）', 'ぬ（ける）']",8
抆,-1,['ブン'],[],7
㧖,-1,"['アク', 'ヤク']",['おさ（える）'],8
抴,-1,['エイ'],[],8
㨯,-1,['カク'],"['ひろ（がる）', 'ひろ（げる）']",14
抾,-1,"['キョ', 'キョウ']",[],8
㩀,-1,"['キョ', 'コ']","['よりどころ', 'よ（る）']",14
䖏,-1,,,-1
抅,-1,['コウ'],"['かか（わる）', 'こだわ（る）', 'とど（める）', 'とら（える）']",7
拃,-1,['サ'],[],8
抳,-1,['ジ'],[],8
抮,-1,['シン'],[],8
拕,-1,['タ'],[],8
拖,-1,['タ'],[],8
抶,-1,['チツ'],[],8
拄,-1,"['チュ', 'チュウ']",[],8
抷,-1,"['ハイ', 'ヒ']",[],8
㧙,-1,['ヒツ'],[],8
抿,-1,['ビン'],[],8
抦,-1,['ヘイ'],[],8
拚,-1,"['ハン', 'フン', 'ヘン']",[],8
胟,-1,"['ボ', 'ボウ']",['おやゆび'],9
抨,-1,['ホウ'],[],8
抺,-1,['バイ'],[],8
抭,-1,['ヨウ'],[],8
宂,-1,,,-1
拎,-1,['レイ'],[],8
挖,-1,['アツ'],[],9
拽,-1,['エイ'],[],9
捙,-1,['エイ'],[],10
挄,-1,"['カク', 'コウ']",[],9
挍,-1,['コウ'],[],9
拫,-1,['コン'],[],9
㧗,-1,['シ'],[],9
抍,-1,"['ショウ', 'ジョウ']","['すく（う）', 'たす（ける）']",7
拴,-1,['セン'],[],9
挓,-1,['タ'],[],9
拸,-1,"['イ', 'チ']",[],9
挃,-1,['チツ'],[],9
挏,-1,['トウ'],[],9
挘,1,[],['むし（る）'],9
捔,-1,"['カク', 'サク']",[],10
挶,-1,['キョク'],[],10
捄,-1,"['キュウ', 'ク']",[],10
捃,-1,['クン'],[],10
捂,-1,['ゴ'],[],10
捁,-1,['コウ'],[],10
挭,-1,['コウ'],[],10
捆,-1,['コン'],[],10
挋,-1,['シ'],[],10
捒,-1,"['シュ', 'ショク']",[],10
捘,-1,"['シュン', 'ソン']",[],10
挼,-1,"['サイ', 'スイ', 'ダ']",[],10
挻,-1,['セン'],[],10
摉,-1,['ソウ'],['さが（す）'],13
揷,-1,['ソウ'],"['さ（す）', 'さしはさ（む）', 'す（げる）', 'はさ（む）']",12
挪,-1,['ダ'],[],10
挩,-1,"['セイ', 'タツ']",[],10
捈,-1,['ト'],[],10
捅,-1,['トウ'],[],10
揑,-1,"['デツ', 'ネツ']","['こ（ねる）', 'つく（ねる）']",12
捀,-1,['ホウ'],[],10
捊,-1,['ホウ'],[],10
抙,-1,['ホウ'],[],7
挬,-1,['ホツ'],[],10
挴,-1,['バイ'],[],10
挹,-1,['ユウ'],[],10
捋,-1,['ラツ'],[],10
掗,-1,['ア'],[],11
捱,-1,['ガイ'],[],11
掝,-1,['カク'],[],11
捦,-1,['キン'],[],11
掜,-1,['ゲイ'],[],11
掮,-1,['ケン'],[],11
掆,-1,['コウ'],[],11
掐,-1,['コウ'],[],11
掯,-1,['コウ'],[],11
掍,-1,['コン'],[],11
擑,-1,"['セツ', 'ショウ']","['つ（ぐ）', 'は（ぐ）', 'まじ（わる）', 'もてな（す）']",16
掞,-1,"['エン', 'セン']",[],11
掙,-1,['ソウ'],[],11
捽,-1,['ソツ'],[],11
捼,-1,['ダ'],[],11
㧻,-1,"['ソク', 'タク']",[],11
掁,-1,['チョウ'],[],11
掦,-1,['テキ'],[],11
掇,-1,"['タツ', 'テツ']",[],11
捵,-1,['テン'],[],11
掂,-1,['テン'],[],11
掭,-1,['テン'],[],11
㧺,-1,['トウ'],[],11
捸,-1,['トツ'],[],11
掤,-1,['ヒョウ'],[],11
捬,-1,['フ'],[],11
掊,-1,['ホウ'],[],11
拼,-1,['ホウ'],[],9
掕,-1,['リョウ'],[],11
掚,-1,['リョウ'],[],11
掄,-1,"['リン', 'ロン']",[],11
捥,-1,['ワン'],"['うで', 'も（げる）']",11
揠,-1,['アツ'],[],12
揜,-1,"['アン', 'エン']",[],12
揢,-1,['カク'],[],12
揵,-1,['ケン'],[],12
揈,-1,['コウ'],[],12
揸,-1,['サ'],[],12
揌,-1,['サイ'],[],12
揓,-1,['シ'],[],12
揪,-1,['シュウ'],[],12
揲,-1,"['セツ', 'チョウ']",[],12
揳,-1,"['カツ', 'セツ']",[],12
㨎,-1,['ゼツ'],[],12
揎,-1,['セン'],[],12
揕,-1,['チン'],[],12
揥,-1,['テイ'],[],12
揁,-1,"['コウ', 'テイ']",[],12
撘,-1,['トウ'],"['の（せる）', 'の（る）']",15
揨,-1,['トウ'],[],12
揬,-1,['トツ'],[],12
揹,-1,['ハイ'],[],12
掽,-1,['ホウ'],"['はえ', 'は（える）']",12
搹,-1,['アク'],[],13
搕,-1,"['オウ', 'コウ']",[],13
搵,-1,['オン'],[],13
搉,-1,['カク'],[],13
擕,-1,['ケイ'],"['たずさ（える）', 'たずさ（わる）', 'はな（れる）']",16
搩,-1,"['ケツ', 'タク', 'チャク']",[],14
搞,-1,['コウ'],[],13
搰,-1,['コツ'],[],13
搠,-1,['サク'],[],13
搘,-1,['シ'],[],13
搢,-1,['シン'],[],13
搊,-1,['スウ'],[],13
搧,-1,['セン'],[],13
㨛,-1,['セン'],[],13
搽,-1,"['タ', 'チャ']",[],12
搋,-1,['タイ'],[],13
㨖,-1,['チ'],[],13
搐,-1,['チク'],[],13
搥,-1,"['タイ', 'ツイ']",[],13
搌,-1,['テン'],[],13
搷,-1,['テン'],[],13
搯,-1,['トウ'],[],13
搪,-1,['トウ'],[],13
搣,-1,['ベツ'],[],13
搒,-1,['ホウ'],[],13
搤,1,['アク'],"['おさ（える）', 'つか（む）']",13
搚,-1,['ロウ'],[],13
摡,-1,['カイ'],[],14
摜,-1,['カン'],[],14
摳,-1,['コウ'],[],14
摋,-1,['サツ'],[],14
摻,-1,['サン'],[],14
摏,1,['ショウ'],['つ（く）'],14
摭,-1,['セキ'],[],14
摐,-1,['ソウ'],[],14
摷,-1,['ソウ'],[],14
摔,-1,['ソツ'],[],14
摣,-1,"['ダ', 'セ']",[],14
摕,-1,['テイ'],[],14
摛,-1,['チ'],[],14
攡,-1,['チ'],[],22
摴,-1,['チョ'],[],14
摚,-1,['トウ'],[],14
摽,-1,['ヒョウ'],[],14
㨽,-1,['ヒョク'],[],14
摒,-1,['ヘイ'],[],14
摓,-1,['ホウ'],[],14
摞,-1,['ラ'],[],14
摙,-1,['レン'],[],14
摟,-1,['ロウ'],[],14
摝,-1,['ロク'],[],14
撎,-1,['イ'],[],15
撊,-1,['カン'],[],15
撝,-1,['キ'],[],15
撌,-1,['キ'],[],15
撟,-1,['キョウ'],[],15
撬,-1,['キョウ'],[],15
撳,-1,['キン'],[],15
撠,-1,['ケキ'],[],15
撅,-1,"['ケイ', 'ケツ']",[],15
撍,-1,['サン'],[],17
撦,-1,['シャ'],[],15
撜,-1,['ショウ'],[],15
撨,-1,['ショウ'],[],15
撏,-1,"['シン', 'セン']",[],15
撙,-1,['ソン'],[],15
撣,-1,['タン'],[],15
撐,-1,['トウ'],[],15
牚,-1,,,-1
撑,-1,['トウ'],[],15
㩉,-1,['キュウ'],[],15
㩌,-1,['ヒ'],[],15
撇,-1,"['ヘイ', 'ヘツ']",[],15
㩎,-1,['ヨウ'],[],15
擄,-1,"['リョ', 'ロ']",[],16
撛,-1,['リン'],[],16
㨔,-1,['カン'],"['うご（かす）', 'ゆ（らぐ）', 'ゆ（るがす）']",12
擐,-1,['カン'],[],16
擀,-1,['カン'],[],16
撽,-1,"['キョウ', 'ケキ']",[],16
擏,-1,['ケイ'],[],15
擌,-1,['サク'],"['はが', 'はご']",16
擉,-1,"['サク', 'タク']",[],16
撡,-1,['ソウ'],"['あやつ（る）', 'みさお', 'と（る）']",15
叅,-1,,,-1
撾,-1,['タ'],[],16
擋,-1,['トウ'],[],16
擗,-1,['ヘキ'],[],16
攂,-1,['ライ'],"['う（つ）', 'す（る）', 'みが（く）']",18
擭,-1,"['カク', 'ワク']",[],16
擩,-1,"['ジュ', 'ズイ', 'ゼン']",[],17
擰,-1,['ドウ'],[],17
擷,-1,['ケツ'],[],18
擻,-1,['ソウ'],[],18
攄,-1,['チョ'],[],18
擿,-1,['テキ'],[],18
㩧,-1,['ハク'],[],18
㩠,-1,['フウ'],[],18
攁,-1,['ヨウ'],[],18
攊,-1,"['ラク', 'リャク', 'レキ']","['う（つ）', 'くすぐ（る）', 'はら（う）']",19
擸,-1,"['リョウ', 'ロウ']",[],18
攉,-1,['カク'],[],19
攌,-1,['カン'],[],19
攈,-1,['クン'],[],19
攟,-1,['クン'],[],22
攐,-1,['ケン'],[],19
攏,-1,['ロウ'],[],19
攖,-1,['エイ'],[],20
撄,-1,['エイ'],[],14
婴,-1,,,-1
攓,-1,['ケン'],[],20
攙,-1,['サン'],[],20
攕,-1,"['サン', 'セン']",[],20
攔,-1,['ラン'],[],20
㩮,-1,['ケン'],[],20
攑,-1,['ケン'],[],19
攛,-1,"['サン', 'ザン']",[],21
㩳,-1,['ショウ'],[],21
攞,-1,['ラ'],[],22
攦,-1,['レイ'],[],22
爴,-1,['カク'],"['さら（う）', 'つか（む）']",15
攩,-1,['トウ'],[],23
攭,-1,['レイ'],[],24
攮,-1,['ノウ'],[],25
攱,-1,['キ'],[],9
㩻,-1,['キ'],[],10
攲,-1,['キ'],['そばだ（てる）'],12
攺,-1,['イ'],[],7
攼,-1,['カン'],[],7
攽,-1,['ハン'],[],8
敂,-1,['コウ'],[],9
敁,-1,['テン'],[],9
敇,-1,['サク'],[],10
敉,-1,['ビ'],[],10
侎,-1,['ビ'],[],8
勄,-1,['ビン'],"['さと（い）', 'と（し）']",9
敔,-1,['ギョ'],[],11
敎,11,['キョウ'],"['おし（える）', 'おそ（わる）']",11
敐,-1,['シン'],[],11
敒,-1,['シン'],[],11
敓,-1,['タツ'],[],11
贁,-1,['ハイ'],"['やぶ（れる）', 'ま（ける）', 'やぶ（る）']",18
㪍,-1,['ホツ'],[],11
敧,-1,['キ'],[],12
敜,-1,['ジョウ'],[],12
敠,-1,['タツ'],[],12
敟,-1,['テン'],[],12
㪟,-1,['トン'],['あつ（い）'],13
㪣,-1,['コウ'],"['たた（き）', 'たた（く）', 'むち']",14
敺,-1,"['オウ', 'ク']",[],15
敹,-1,['リョウ'],[],15
敽,-1,['キョウ'],[],16
敿,-1,['キョウ'],[],16
斁,-1,"['エキ', 'ト']",[],17
歝,-1,"['エキ', 'ト']",[],17
斄,-1,"['タイ', 'リ']",[],19
斅,-1,['コウ'],[],20
敩,-1,['コウ'],[],12
辬,-1,['ハン'],"['ふ', 'ぶち', 'まだら']",18
斒,-1,['ハン'],[],13
斕,-1,['ラン'],[],21
斖,-1,['ビ'],[],24
斘,-1,['ショウ'],[],7
㪷,-1,['トウ'],[],11
斝,-1,['カ'],[],12
斚,-1,['カ'],[],10
斞,-1,['ユ'],[],13
斠,-1,['カク'],[],14
㪺,-1,['ク'],[],17
斣,-1,['トウ'],[],17
斨,-1,['ショウ'],[],8
斮,-1,['サク'],[],12
斳,-1,['キン'],[],15
斵,-1,['タク'],[],17
斴,-1,['リン'],[],17
斸,-1,['チョク'],[],25
㫃,-1,['エン'],[],6
扵,-1,"['オ', 'ヨ']","['お（いて）', 'お（ける）']",7
斻,-1,['コウ'],[],8
旂,-1,['キ'],[],10
旜,-1,['セン'],"['けおりもの', 'はた']",19
斾,-1,['ハイ'],['はた'],9
㫄,-1,"['ホウ', 'ボウ']","['あまね（し）', 'かたがた', 'かたわ（ら）', 'つくり', 'ひろ（い）', 'よ（る）']",8
捛,-1,"['リョ', 'ロ']","['たび', 'いくさ']",10
旎,-1,['ジ'],[],11
旍,-1,"['ショウ', 'セイ']","['あらわ（す）', 'はた']",11
旊,-1,['ホウ'],[],11
瓬,-1,['ホウ'],[],9
旐,-1,['チョウ'],[],12
旔,-1,['ケン'],[],13
旈,-1,['リュウ'],"['なが（れ）', 'はたあし']",11
旖,-1,['イ'],[],14
旝,-1,['カイ'],[],19
旞,-1,['スイ'],[],19
旟,-1,['ヨ'],[],19
㫖,-1,['シ'],"['むね', 'うま（い）']",7
旰,1,['カン'],[],7
旴,-1,['ク'],[],7
旵,-1,['タン'],[],7
昀,-1,['イン'],[],8
昖,-1,['エン'],[],8
㫟,-1,['エン'],[],9
昕,-1,['キン'],[],8
昑,-1,['キン'],[],8
昈,-1,['コ'],[],8
旿,-1,['ゴ'],[],8
昻,-1,"['コウ', 'ゴウ']","['あ（がる）', 'たか（い）', 'たかぶ（る）']",9
昦,-1,['コウ'],['そら'],9
夰,-1,,,-1
昒,-1,['コツ'],[],8
㫚,-1,['コツ'],[],8
曻,-1,['ショウ'],['のぼ（る）'],11
昄,-1,['ハン'],[],8
旼,-1,['ビン'],[],8
昉,-1,['ホウ'],[],8
昘,-1,['ホウ'],[],8
朙,-1,"['ミョウ', 'メイ', 'ミン']","['あ（かす）', 'あか（らむ）', 'あ（かり）', 'あか（るい）', 'あか（るむ）', 'あき（らか）', 'あ（く）', 'あ（くる）', 'あ（ける）']",11
昹,-1,['アイ'],[],9
昱,-1,['イク'],[],9
昡,-1,"['ケン', 'ゲン']",[],9
昝,-1,['サン'],[],9
昰,-1,"['カ', 'シ']",[],9
旾,-1,['シュン'],['はる'],8
萅,-1,['シュン'],['はる'],11
昮,-1,['ショウ'],[],9
昚,-1,['シン'],[],9
昣,-1,['シン'],[],9
曐,-1,"['セイ', 'ショウ']",['ほし'],17
皨,-1,"['セイ', 'ショウ']",['ほし'],18
甠,-1,['セイ'],[],9
㫤,-1,['チョウ'],['の（びる）'],9
昳,-1,"['イツ', 'テツ']",[],9
昩,-1,['バツ'],[],9
昲,-1,['ヒ'],[],9
昺,-1,['ヘイ'],[],9
昞,-1,['ヘイ'],[],9
昪,-1,['ヘン'],[],9
昢,-1,['ホツ'],[],9
昤,-1,['レイ'],[],9
晐,-1,['カイ'],[],10
晈,-1,['キョウ'],[],10
晑,-1,['キョウ'],[],10
晆,-1,['ケイ'],[],10
晅,-1,['ケン'],[],10
兤,-1,['コウ'],"['あき（らか）', 'ひか（る）']",21
晎,-1,['コウ'],[],10
时,-1,['ジ'],['とき'],7
旹,-1,['ジ'],['とき'],8
晊,-1,['シツ'],[],10
晌,-1,['ショウ'],[],10
㬜,-1,['シン'],['すす（む）'],16
晠,-1,['セイ'],"['あき（らか）', 'さか（ん）']",11
晀,-1,['チョウ'],[],10
晗,-1,['カン'],[],11
晘,-1,['カン'],[],11
晛,-1,"['ケン', 'ゲン', 'デン', 'ネン']",[],11
晜,-1,['コン'],[],11
晙,-1,['シュン'],[],11
晡,-1,['ホ'],[],11
㫰,-1,['ロウ'],[],11
晻,-1,"['アン', 'エン']",[],12
晹,-1,['エキ'],[],12
晼,-1,['エン'],[],12
暀,-1,['オウ'],[],12
晷,-1,['キ'],['ひかげ'],12
皢,-1,['ギョウ'],"['あかつき', 'さと（る）']",17
晵,-1,['ケイ'],[],12
晬,-1,['サイ'],[],12
晭,-1,['シュウ'],[],12
晿,-1,['ショウ'],[],12
暒,-1,['セイ'],"['は（らす）', 'は（れる）']",13
晱,-1,['セン'],[],12
晫,-1,['タク'],[],12
